NAME	FAB_NAME	POSITION_X	POSITION_Y	ZCU_NAME	ZCU_TYPE
rn_A10_1	SMT	139206.2992	73958.33333	ZCU_A10_1	NONE
rn_A10_10	SMT	139206.2992	126041.6667	ZCU_A10_5	RESET
rn_A10_11	SMT	139206.2992	135208.3333	ZCU_A10_6	STOP
rn_A10_12	SMT	139206.2992	136458.3333	ZCU_A10_6	NONE
rn_A10_13	SMT	141058.2677	136458.3333	ZCU_A10_6	RESET
rn_A10_14	SMT	144144.8819	136458.3333	ZCU_A10_7	STOP
rn_A10_15	SMT	145996.8504	136458.3333	ZCU_A10_7	NONE
rn_A10_16	SMT	145996.8504	135208.3333	ZCU_A10_7	RESET
rn_A10_17	SMT	145996.8504	126041.6667	ZCU_A10_8	STOP
rn_A10_18	SMT	145996.8504	124791.6667	ZCU_A10_8	RESET
rn_A10_19	SMT	145996.8504	113541.6667	ZCU_A10_9	STOP
rn_A10_2	SMT	139206.2992	75208.33333	ZCU_A10_1	RESET
rn_A10_20	SMT	145996.8504	112291.6667	ZCU_A10_9	RESET
rn_A10_21	SMT	145996.8504	98125	ZCU_A10_10	STOP
rn_A10_22	SMT	145996.8504	96875	ZCU_A10_10	RESET
rn_A10_23	SMT	145996.8504	85625	ZCU_A10_11	STOP
rn_A10_24	SMT	145996.8504	84375	ZCU_A10_11	RESET
rn_A10_25	SMT	145996.8504	75208.33333	ZCU_A10_12	STOP
rn_A10_26	SMT	145996.8504	73958.33333	ZCU_A10_12	NONE
rn_A10_27	SMT	144144.8819	73958.33333	ZCU_A10_12	RESET
rn_A10_28	SMT	141058.2677	73958.33333	ZCU_A10_1	STOP
rn_A10_29	SMT	141058.2677	98125	ZCU_A10_3	RESET
rn_A10_3	SMT	139206.2992	84375	ZCU_A10_2	STOP
rn_A10_30	SMT	144144.8819	98125	ZCU_A10_10	STOP
rn_A10_31	SMT	144144.8819	112291.6667	ZCU_A10_9	RESET
rn_A10_32	SMT	141058.2677	112291.6667	ZCU_A10_4	STOP
rn_A10_33	SMT	137691.0522	126041.6667	ZCU_A10_5	RESET
rn_A10_34	SMT	132387.6879	126041.6667	ZCU_A9_8	STOP
rn_A10_35	SMT	147512.0974	84375	ZCU_A10_11	RESET
rn_A10_36	SMT	152815.4617	84375	ZCU_A11_2	STOP
rn_A10_4	SMT	139206.2992	85625	ZCU_A10_2	RESET
rn_A10_5	SMT	139206.2992	96875	ZCU_A10_3	STOP
rn_A10_6	SMT	139206.2992	98125	ZCU_A10_3	RESET
rn_A10_7	SMT	139206.2992	112291.6667	ZCU_A10_4	STOP
rn_A10_8	SMT	139206.2992	113541.6667	ZCU_A10_4	RESET
rn_A10_9	SMT	139206.2992	124791.6667	ZCU_A10_5	STOP
rn_A11_1	SMT	154330.7087	73958.33333	ZCU_A11_1	NONE
rn_A11_10	SMT	154330.7087	126041.6667	ZCU_A11_5	RESET
rn_A11_11	SMT	154330.7087	135208.3333	ZCU_A11_6	STOP
rn_A11_12	SMT	154330.7087	136458.3333	ZCU_A11_6	NONE
rn_A11_13	SMT	156182.6772	136458.3333	ZCU_A11_6	RESET
rn_A11_14	SMT	159269.2913	136458.3333	ZCU_A11_7	STOP
rn_A11_15	SMT	161121.2598	136458.3333	ZCU_A11_7	NONE
rn_A11_16	SMT	161121.2598	135208.3333	ZCU_A11_7	RESET
rn_A11_17	SMT	161121.2598	126041.6667	ZCU_A11_8	STOP
rn_A11_18	SMT	161121.2598	124791.6667	ZCU_A11_8	RESET
rn_A11_19	SMT	161121.2598	113541.6667	ZCU_A11_9	STOP
rn_A11_2	SMT	154330.7087	75208.33333	ZCU_A11_1	RESET
rn_A11_20	SMT	161121.2598	112291.6667	ZCU_A11_9	RESET
rn_A11_21	SMT	161121.2598	98125	ZCU_A11_10	STOP
rn_A11_22	SMT	161121.2598	96875	ZCU_A11_10	RESET
rn_A11_23	SMT	161121.2598	85625	ZCU_A11_11	STOP
rn_A11_24	SMT	161121.2598	84375	ZCU_A11_11	RESET
rn_A11_25	SMT	161121.2598	75208.33333	ZCU_A11_12	STOP
rn_A11_26	SMT	161121.2598	73958.33333	ZCU_A11_12	NONE
rn_A11_27	SMT	159269.2913	73958.33333	ZCU_A11_12	RESET
rn_A11_28	SMT	156182.6772	73958.33333	ZCU_A11_1	STOP
rn_A11_29	SMT	156182.6772	98125	ZCU_A11_3	RESET
rn_A11_3	SMT	154330.7087	84375	ZCU_A11_2	STOP
rn_A11_30	SMT	159269.2913	98125	ZCU_A11_10	STOP
rn_A11_31	SMT	159269.2913	112291.6667	ZCU_A11_9	RESET
rn_A11_32	SMT	156182.6772	112291.6667	ZCU_A11_4	STOP
rn_A11_33	SMT	152815.4617	126041.6667	ZCU_A11_5	RESET
rn_A11_34	SMT	147512.0974	126041.6667	ZCU_A10_8	STOP
rn_A11_35	SMT	162636.5068	84375	ZCU_A11_11	RESET
rn_A11_36	SMT	167939.8711	84375	ZCU_A12_2	STOP
rn_A11_4	SMT	154330.7087	85625	ZCU_A11_2	RESET
rn_A11_5	SMT	154330.7087	96875	ZCU_A11_3	STOP
rn_A11_6	SMT	154330.7087	98125	ZCU_A11_3	RESET
rn_A11_7	SMT	154330.7087	112291.6667	ZCU_A11_4	STOP
rn_A11_8	SMT	154330.7087	113541.6667	ZCU_A11_4	RESET
rn_A11_9	SMT	154330.7087	124791.6667	ZCU_A11_5	STOP
rn_A12_1	SMT	169455.1181	73958.33333	ZCU_A12_1	NONE
rn_A12_10	SMT	169455.1181	126041.6667	ZCU_A12_5	RESET
rn_A12_11	SMT	169455.1181	135208.3333	ZCU_A12_6	STOP
rn_A12_12	SMT	169455.1181	136458.3333	ZCU_A12_6	NONE
rn_A12_13	SMT	171307.0866	136458.3333	ZCU_A12_6	RESET
rn_A12_14	SMT	174393.7007	136458.3333	ZCU_A12_7	STOP
rn_A12_15	SMT	176245.6693	136458.3333	ZCU_A12_7	NONE
rn_A12_16	SMT	176245.6693	135208.3333	ZCU_A12_7	RESET
rn_A12_17	SMT	176245.6693	126041.6667	ZCU_A12_8	STOP
rn_A12_18	SMT	176245.6693	124791.6667	ZCU_A12_8	RESET
rn_A12_19	SMT	176245.6693	113541.6667	ZCU_A12_9	STOP
rn_A12_2	SMT	169455.1181	75208.33333	ZCU_A12_1	RESET
rn_A12_20	SMT	176245.6693	112291.6667	ZCU_A12_9	RESET
rn_A12_21	SMT	176245.6693	98125	ZCU_A12_10	STOP
rn_A12_22	SMT	176245.6693	96875	ZCU_A12_10	RESET
rn_A12_23	SMT	176245.6693	85625	ZCU_A12_11	STOP
rn_A12_24	SMT	176245.6693	84375	ZCU_A12_11	RESET
rn_A12_25	SMT	176245.6693	75208.33333	ZCU_A12_12	STOP
rn_A12_26	SMT	176245.6693	73958.33333	ZCU_A12_12	NONE
rn_A12_27	SMT	174393.7007	73958.33333	ZCU_A12_12	RESET
rn_A12_28	SMT	171307.0866	73958.33333	ZCU_A12_1	STOP
rn_A12_29	SMT	171307.0866	98125	ZCU_A12_3	RESET
rn_A12_3	SMT	169455.1181	84375	ZCU_A12_2	STOP
rn_A12_30	SMT	174393.7007	98125	ZCU_A12_10	STOP
rn_A12_31	SMT	174393.7007	112291.6667	ZCU_A12_9	RESET
rn_A12_32	SMT	171307.0866	112291.6667	ZCU_A12_4	STOP
rn_A12_33	SMT	167939.8711	126041.6667	ZCU_A12_5	RESET
rn_A12_34	SMT	162636.5068	126041.6667	ZCU_A11_8	STOP
rn_A12_35	SMT	177760.9162	84375	ZCU_A12_11	RESET
rn_A12_36	SMT	183064.2806	84375	ZCU_A13_2	STOP
rn_A12_4	SMT	169455.1181	85625	ZCU_A12_2	RESET
rn_A12_5	SMT	169455.1181	96875	ZCU_A12_3	STOP
rn_A12_6	SMT	169455.1181	98125	ZCU_A12_3	RESET
rn_A12_7	SMT	169455.1181	112291.6667	ZCU_A12_4	STOP
rn_A12_8	SMT	169455.1181	113541.6667	ZCU_A12_4	RESET
rn_A12_9	SMT	169455.1181	124791.6667	ZCU_A12_5	STOP
rn_A13_1	SMT	184579.5275	73958.33333	ZCU_A13_1	NONE
rn_A13_10	SMT	184579.5275	126041.6667	ZCU_A13_5	RESET
rn_A13_11	SMT	184579.5275	135208.3333	ZCU_A13_6	STOP
rn_A13_12	SMT	184579.5275	136458.3333	ZCU_A13_6	NONE
rn_A13_13	SMT	186431.496	136458.3333	ZCU_A13_6	RESET
rn_A13_14	SMT	189518.1103	136458.3333	ZCU_A13_7	STOP
rn_A13_15	SMT	191370.0788	136458.3333	ZCU_A13_7	NONE
rn_A13_16	SMT	191370.0788	135208.3333	ZCU_A13_7	RESET
rn_A13_17	SMT	191370.0788	126041.6667	ZCU_A13_8	STOP
rn_A13_18	SMT	191370.0788	124791.6667	ZCU_A13_8	RESET
rn_A13_19	SMT	191370.0788	113541.6667	ZCU_A13_9	STOP
rn_A13_2	SMT	184579.5275	75208.33333	ZCU_A13_1	RESET
rn_A13_20	SMT	191370.0788	112291.6667	ZCU_A13_9	RESET
rn_A13_21	SMT	191370.0788	98125	ZCU_A13_10	STOP
rn_A13_22	SMT	191370.0788	96875	ZCU_A13_10	RESET
rn_A13_23	SMT	191370.0788	85625	ZCU_A13_11	STOP
rn_A13_24	SMT	191370.0788	84375	ZCU_A13_11	RESET
rn_A13_25	SMT	191370.0788	75208.33333	ZCU_A13_12	STOP
rn_A13_26	SMT	191370.0788	73958.33333	ZCU_A13_12	NONE
rn_A13_27	SMT	189518.1103	73958.33333	ZCU_A13_12	RESET
rn_A13_28	SMT	186431.496	73958.33333	ZCU_A13_1	STOP
rn_A13_29	SMT	186431.496	98125	ZCU_A13_3	RESET
rn_A13_3	SMT	184579.5275	84375	ZCU_A13_2	STOP
rn_A13_30	SMT	189518.1103	98125	ZCU_A13_10	STOP
rn_A13_31	SMT	189518.1103	112291.6667	ZCU_A13_9	RESET
rn_A13_32	SMT	186431.496	112291.6667	ZCU_A13_4	STOP
rn_A13_33	SMT	183064.2806	126041.6667	ZCU_A13_5	RESET
rn_A13_34	SMT	177760.9162	126041.6667	ZCU_A12_8	STOP
rn_A13_35	SMT	192885.3257	84375	ZCU_A13_11	RESET
rn_A13_36	SMT	198188.6901	84375	ZCU_A14_2	STOP
rn_A13_4	SMT	184579.5275	85625	ZCU_A13_2	RESET
rn_A13_5	SMT	184579.5275	96875	ZCU_A13_3	STOP
rn_A13_6	SMT	184579.5275	98125	ZCU_A13_3	RESET
rn_A13_7	SMT	184579.5275	112291.6667	ZCU_A13_4	STOP
rn_A13_8	SMT	184579.5275	113541.6667	ZCU_A13_4	RESET
rn_A13_9	SMT	184579.5275	124791.6667	ZCU_A13_5	STOP
rn_A14_1	SMT	199703.937	73958.33333	ZCU_A14_1	NONE
rn_A14_10	SMT	199703.937	126041.6667	ZCU_A14_5	RESET
rn_A14_11	SMT	199703.937	135208.3333	ZCU_A14_6	STOP
rn_A14_12	SMT	199703.937	136458.3333	ZCU_A14_6	NONE
rn_A14_13	SMT	201555.9056	136458.3333	ZCU_A14_6	RESET
rn_A14_14	SMT	204642.5197	136458.3333	ZCU_A14_7	STOP
rn_A14_15	SMT	206494.4882	136458.3333	ZCU_A14_7	NONE
rn_A14_16	SMT	206494.4882	135208.3333	ZCU_A14_7	RESET
rn_A14_17	SMT	206494.4882	126041.6667	ZCU_A14_8	STOP
rn_A14_18	SMT	206494.4882	124791.6667	ZCU_A14_8	RESET
rn_A14_19	SMT	206494.4882	113541.6667	ZCU_A14_9	STOP
rn_A14_2	SMT	199703.937	75208.33333	ZCU_A14_1	RESET
rn_A14_20	SMT	206494.4882	112291.6667	ZCU_A14_9	RESET
rn_A14_21	SMT	206494.4882	98125	ZCU_A14_10	STOP
rn_A14_22	SMT	206494.4882	96875	ZCU_A14_10	RESET
rn_A14_23	SMT	206494.4882	85625	ZCU_A14_11	STOP
rn_A14_24	SMT	206494.4882	84375	ZCU_A14_11	RESET
rn_A14_25	SMT	206494.4882	75208.33333	ZCU_A14_12	STOP
rn_A14_26	SMT	206494.4882	73958.33333	ZCU_A14_12	NONE
rn_A14_27	SMT	204642.5197	73958.33333	ZCU_A14_12	RESET
rn_A14_28	SMT	201555.9056	73958.33333	ZCU_A14_1	STOP
rn_A14_29	SMT	201555.9056	98125	ZCU_A14_3	RESET
rn_A14_3	SMT	199703.937	84375	ZCU_A14_2	STOP
rn_A14_30	SMT	204642.5197	98125	ZCU_A14_10	STOP
rn_A14_31	SMT	204642.5197	112291.6667	ZCU_A14_9	RESET
rn_A14_32	SMT	201555.9056	112291.6667	ZCU_A14_4	STOP
rn_A14_33	SMT	198188.6901	126041.6667	ZCU_A14_5	RESET
rn_A14_34	SMT	192885.3257	126041.6667	ZCU_A13_8	STOP
rn_A14_35	SMT	208009.7352	84375	ZCU_A14_11	RESET
rn_A14_36	SMT	213313.0995	84375	ZCU_A15_2	STOP
rn_A14_4	SMT	199703.937	85625	ZCU_A14_2	RESET
rn_A14_5	SMT	199703.937	96875	ZCU_A14_3	STOP
rn_A14_6	SMT	199703.937	98125	ZCU_A14_3	RESET
rn_A14_7	SMT	199703.937	112291.6667	ZCU_A14_4	STOP
rn_A14_8	SMT	199703.937	113541.6667	ZCU_A14_4	RESET
rn_A14_9	SMT	199703.937	124791.6667	ZCU_A14_5	STOP
rn_A15_1	SMT	214828.3465	73958.33333	ZCU_A15_1	NONE
rn_A15_10	SMT	214828.3465	126041.6667	ZCU_A15_5	RESET
rn_A15_11	SMT	214828.3465	135208.3333	ZCU_A15_6	STOP
rn_A15_12	SMT	214828.3465	136458.3333	ZCU_A15_6	NONE
rn_A15_13	SMT	216680.315	136458.3333	ZCU_A15_6	RESET
rn_A15_14	SMT	219766.9291	136458.3333	ZCU_A15_7	STOP
rn_A15_15	SMT	221618.8976	136458.3333	ZCU_A15_7	NONE
rn_A15_16	SMT	221618.8976	135208.3333	ZCU_A15_7	RESET
rn_A15_17	SMT	221618.8976	126041.6667	ZCU_A15_8	STOP
rn_A15_18	SMT	221618.8976	124791.6667	ZCU_A15_8	RESET
rn_A15_19	SMT	221618.8976	113541.6667	ZCU_A15_9	STOP
rn_A15_2	SMT	214828.3465	75208.33333	ZCU_A15_1	RESET
rn_A15_20	SMT	221618.8976	112291.6667	ZCU_A15_9	RESET
rn_A15_21	SMT	221618.8976	98125	ZCU_A15_10	STOP
rn_A15_22	SMT	221618.8976	96875	ZCU_A15_10	RESET
rn_A15_23	SMT	221618.8976	85625	ZCU_A15_11	STOP
rn_A15_24	SMT	221618.8976	84375	ZCU_A15_11	RESET
rn_A15_25	SMT	221618.8976	75208.33333	ZCU_A15_12	STOP
rn_A15_26	SMT	221618.8976	73958.33333	ZCU_A15_12	NONE
rn_A15_27	SMT	219766.9291	73958.33333	ZCU_A15_12	RESET
rn_A15_28	SMT	216680.315	73958.33333	ZCU_A15_1	STOP
rn_A15_29	SMT	216680.315	98125	ZCU_A15_3	RESET
rn_A15_3	SMT	214828.3465	84375	ZCU_A15_2	STOP
rn_A15_30	SMT	219766.9291	98125	ZCU_A15_10	STOP
rn_A15_31	SMT	219766.9291	112291.6667	ZCU_A15_9	RESET
rn_A15_32	SMT	216680.315	112291.6667	ZCU_A15_4	STOP
rn_A15_33	SMT	213313.0995	126041.6667	ZCU_A15_5	RESET
rn_A15_34	SMT	208009.7352	126041.6667	ZCU_A14_8	STOP
rn_A15_35	SMT	223134.1446	84375	ZCU_A15_11	RESET
rn_A15_36	SMT	228437.5089	84375	ZCU_A16_2	STOP
rn_A15_4	SMT	214828.3465	85625	ZCU_A15_2	RESET
rn_A15_5	SMT	214828.3465	96875	ZCU_A15_3	STOP
rn_A15_6	SMT	214828.3465	98125	ZCU_A15_3	RESET
rn_A15_7	SMT	214828.3465	112291.6667	ZCU_A15_4	STOP
rn_A15_8	SMT	214828.3465	113541.6667	ZCU_A15_4	RESET
rn_A15_9	SMT	214828.3465	124791.6667	ZCU_A15_5	STOP
rn_A16_1	SMT	229952.7559	73958.33333	ZCU_A16_1	NONE
rn_A16_10	SMT	229952.7559	126041.6667	ZCU_A16_5	RESET
rn_A16_11	SMT	229952.7559	135208.3333	ZCU_A16_6	STOP
rn_A16_12	SMT	229952.7559	136458.3333	ZCU_A16_6	NONE
rn_A16_13	SMT	231804.7244	136458.3333	ZCU_A16_6	RESET
rn_A16_14	SMT	234891.3386	136458.3333	ZCU_A16_7	STOP
rn_A16_15	SMT	236743.3071	136458.3333	ZCU_A16_7	NONE
rn_A16_16	SMT	236743.3071	135208.3333	ZCU_A16_7	RESET
rn_A16_17	SMT	236743.3071	126041.6667	ZCU_A16_8	STOP
rn_A16_18	SMT	236743.3071	124791.6667	ZCU_A16_8	RESET
rn_A16_19	SMT	236743.3071	113541.6667	ZCU_A16_9	STOP
rn_A16_2	SMT	229952.7559	75208.33333	ZCU_A16_1	RESET
rn_A16_20	SMT	236743.3071	112291.6667	ZCU_A16_9	RESET
rn_A16_21	SMT	236743.3071	98125	ZCU_A16_10	STOP
rn_A16_22	SMT	236743.3071	96875	ZCU_A16_10	RESET
rn_A16_23	SMT	236743.3071	85625	ZCU_A16_11	STOP
rn_A16_24	SMT	236743.3071	84375	ZCU_A16_11	RESET
rn_A16_25	SMT	236743.3071	75208.33333	ZCU_A16_12	STOP
rn_A16_26	SMT	236743.3071	73958.33333	ZCU_A16_12	NONE
rn_A16_27	SMT	234891.3386	73958.33333	ZCU_A16_12	RESET
rn_A16_28	SMT	231804.7244	73958.33333	ZCU_A16_1	STOP
rn_A16_29	SMT	231804.7244	98125	ZCU_A16_3	RESET
rn_A16_3	SMT	229952.7559	84375	ZCU_A16_2	STOP
rn_A16_30	SMT	234891.3386	98125	ZCU_A16_10	STOP
rn_A16_31	SMT	234891.3386	112291.6667	ZCU_A16_9	RESET
rn_A16_32	SMT	231804.7244	112291.6667	ZCU_A16_4	STOP
rn_A16_33	SMT	228437.5089	126041.6667	ZCU_A16_5	RESET
rn_A16_34	SMT	223134.1446	126041.6667	ZCU_A15_8	STOP
rn_A16_35	SMT	238258.5541	84375	ZCU_A16_11	RESET
rn_A16_36	SMT	243561.9184	84375	ZCU_A17_2	STOP
rn_A16_4	SMT	229952.7559	85625	ZCU_A16_2	RESET
rn_A16_5	SMT	229952.7559	96875	ZCU_A16_3	STOP
rn_A16_6	SMT	229952.7559	98125	ZCU_A16_3	RESET
rn_A16_7	SMT	229952.7559	112291.6667	ZCU_A16_4	STOP
rn_A16_8	SMT	229952.7559	113541.6667	ZCU_A16_4	RESET
rn_A16_9	SMT	229952.7559	124791.6667	ZCU_A16_5	STOP
rn_A17_1	SMT	245077.1654	73958.33333	ZCU_A17_1	NONE
rn_A17_10	SMT	245077.1654	126041.6667	ZCU_A17_5	RESET
rn_A17_11	SMT	245077.1654	135208.3333	ZCU_A17_6	STOP
rn_A17_12	SMT	245077.1654	136458.3333	ZCU_A17_6	NONE
rn_A17_13	SMT	246929.1339	136458.3333	ZCU_A17_6	RESET
rn_A17_14	SMT	250015.748	136458.3333	ZCU_A17_7	STOP
rn_A17_15	SMT	251867.7165	136458.3333	ZCU_A17_7	NONE
rn_A17_16	SMT	251867.7165	135208.3333	ZCU_A17_7	RESET
rn_A17_17	SMT	251867.7165	126041.6667	ZCU_A17_8	STOP
rn_A17_18	SMT	251867.7165	124791.6667	ZCU_A17_8	RESET
rn_A17_19	SMT	251867.7165	113541.6667	ZCU_A17_9	STOP
rn_A17_2	SMT	245077.1654	75208.33333	ZCU_A17_1	RESET
rn_A17_20	SMT	251867.7165	112291.6667	ZCU_A17_9	RESET
rn_A17_21	SMT	251867.7165	98125	ZCU_A17_10	STOP
rn_A17_22	SMT	251867.7165	96875	ZCU_A17_10	RESET
rn_A17_23	SMT	251867.7165	85625	ZCU_A17_11	STOP
rn_A17_24	SMT	251867.7165	84375	ZCU_A17_11	RESET
rn_A17_25	SMT	251867.7165	75208.33333	ZCU_A17_12	STOP
rn_A17_26	SMT	251867.7165	73958.33333	ZCU_A17_12	NONE
rn_A17_27	SMT	250015.748	73958.33333	ZCU_A17_12	RESET
rn_A17_28	SMT	246929.1339	73958.33333	ZCU_A17_1	STOP
rn_A17_29	SMT	246929.1339	98125	ZCU_A17_3	RESET
rn_A17_3	SMT	245077.1654	84375	ZCU_A17_2	STOP
rn_A17_30	SMT	250015.748	98125	ZCU_A17_10	STOP
rn_A17_31	SMT	250015.748	112291.6667	ZCU_A17_9	RESET
rn_A17_32	SMT	246929.1339	112291.6667	ZCU_A17_4	STOP
rn_A17_33	SMT	243561.9184	126041.6667	ZCU_A17_5	RESET
rn_A17_34	SMT	238258.5541	126041.6667	ZCU_A16_8	STOP
rn_A17_35	SMT	253382.9635	84375	ZCU_A17_11	RESET
rn_A17_36	SMT	258686.3278	84375	ZCU_A18_2	STOP
rn_A17_4	SMT	245077.1654	85625	ZCU_A17_2	RESET
rn_A17_5	SMT	245077.1654	96875	ZCU_A17_3	STOP
rn_A17_6	SMT	245077.1654	98125	ZCU_A17_3	RESET
rn_A17_7	SMT	245077.1654	112291.6667	ZCU_A17_4	STOP
rn_A17_8	SMT	245077.1654	113541.6667	ZCU_A17_4	RESET
rn_A17_9	SMT	245077.1654	124791.6667	ZCU_A17_5	STOP
rn_A18_1	SMT	260201.5748	73958.33333	ZCU_A18_1	NONE
rn_A18_10	SMT	260201.5748	126041.6667	ZCU_A18_5	RESET
rn_A18_11	SMT	260201.5748	135208.3333	ZCU_A18_6	STOP
rn_A18_12	SMT	260201.5748	136458.3333	ZCU_A18_6	NONE
rn_A18_13	SMT	262053.5433	136458.3333	ZCU_A18_6	RESET
rn_A18_14	SMT	265140.1574	136458.3333	ZCU_A18_7	STOP
rn_A18_15	SMT	266992.1259	136458.3333	ZCU_A18_7	NONE
rn_A18_16	SMT	266992.1259	135208.3333	ZCU_A18_7	RESET
rn_A18_17	SMT	266992.1259	126041.6667	ZCU_A18_8	STOP
rn_A18_18	SMT	266992.1259	124791.6667	ZCU_A18_8	RESET
rn_A18_19	SMT	266992.1259	113541.6667	ZCU_A18_9	STOP
rn_A18_2	SMT	260201.5748	75208.33333	ZCU_A18_1	RESET
rn_A18_20	SMT	266992.1259	112291.6667	ZCU_A18_9	RESET
rn_A18_21	SMT	266992.1259	98125	ZCU_A18_10	STOP
rn_A18_22	SMT	266992.1259	96875	ZCU_A18_10	RESET
rn_A18_23	SMT	266992.1259	85625	ZCU_A18_11	STOP
rn_A18_24	SMT	266992.1259	84375	ZCU_A18_11	RESET
rn_A18_25	SMT	266992.1259	75208.33333	ZCU_A18_12	STOP
rn_A18_26	SMT	266992.1259	73958.33333	ZCU_A18_12	NONE
rn_A18_27	SMT	265140.1574	73958.33333	ZCU_A18_12	RESET
rn_A18_28	SMT	262053.5433	73958.33333	ZCU_A18_1	STOP
rn_A18_29	SMT	262053.5433	98125	ZCU_A18_3	RESET
rn_A18_3	SMT	260201.5748	84375	ZCU_A18_2	STOP
rn_A18_30	SMT	265140.1574	98125	ZCU_A18_10	STOP
rn_A18_31	SMT	265140.1574	112291.6667	ZCU_A18_9	RESET
rn_A18_32	SMT	262053.5433	112291.6667	ZCU_A18_4	STOP
rn_A18_33	SMT	258686.3278	126041.6667	ZCU_A18_5	RESET
rn_A18_34	SMT	253382.9635	126041.6667	ZCU_A17_8	STOP
rn_A18_35	SMT	268507.3729	84375	ZCU_A18_11	RESET
rn_A18_36	SMT	273810.7372	84375	ZCU_A19_2	STOP
rn_A18_4	SMT	260201.5748	85625	ZCU_A18_2	RESET
rn_A18_5	SMT	260201.5748	96875	ZCU_A18_3	STOP
rn_A18_6	SMT	260201.5748	98125	ZCU_A18_3	RESET
rn_A18_7	SMT	260201.5748	112291.6667	ZCU_A18_4	STOP
rn_A18_8	SMT	260201.5748	113541.6667	ZCU_A18_4	RESET
rn_A18_9	SMT	260201.5748	124791.6667	ZCU_A18_5	STOP
rn_A19_1	SMT	275325.9842	73958.33333	ZCU_A19_1	NONE
rn_A19_10	SMT	275325.9842	126041.6667	ZCU_A19_5	RESET
rn_A19_11	SMT	275325.9842	135208.3333	ZCU_A19_6	STOP
rn_A19_12	SMT	275325.9842	136458.3333	ZCU_A19_6	NONE
rn_A19_13	SMT	277177.9527	136458.3333	ZCU_A19_6	RESET
rn_A19_14	SMT	280264.567	136458.3333	ZCU_A19_7	STOP
rn_A19_15	SMT	282116.5355	136458.3333	ZCU_A19_7	NONE
rn_A19_16	SMT	282116.5355	135208.3333	ZCU_A19_7	RESET
rn_A19_17	SMT	282116.5355	126041.6667	ZCU_A19_8	STOP
rn_A19_18	SMT	282116.5355	124791.6667	ZCU_A19_8	RESET
rn_A19_19	SMT	282116.5355	113541.6667	ZCU_A19_9	STOP
rn_A19_2	SMT	275325.9842	75208.33333	ZCU_A19_1	RESET
rn_A19_20	SMT	282116.5355	112291.6667	ZCU_A19_9	RESET
rn_A19_21	SMT	282116.5355	98125	ZCU_A19_10	STOP
rn_A19_22	SMT	282116.5355	96875	ZCU_A19_10	RESET
rn_A19_23	SMT	282116.5355	85625	ZCU_A19_11	STOP
rn_A19_24	SMT	282116.5355	84375	ZCU_A19_11	RESET
rn_A19_25	SMT	282116.5355	75208.33333	ZCU_A19_12	STOP
rn_A19_26	SMT	282116.5355	73958.33333	ZCU_A19_12	NONE
rn_A19_27	SMT	280264.567	73958.33333	ZCU_A19_12	RESET
rn_A19_28	SMT	277177.9527	73958.33333	ZCU_A19_1	STOP
rn_A19_29	SMT	277177.9527	98125	ZCU_A19_3	RESET
rn_A19_3	SMT	275325.9842	84375	ZCU_A19_2	STOP
rn_A19_30	SMT	280264.567	98125	ZCU_A19_10	STOP
rn_A19_31	SMT	280264.567	112291.6667	ZCU_A19_9	RESET
rn_A19_32	SMT	277177.9527	112291.6667	ZCU_A19_4	STOP
rn_A19_33	SMT	273810.7372	126041.6667	ZCU_A19_5	RESET
rn_A19_34	SMT	268507.3729	126041.6667	ZCU_A18_8	STOP
rn_A19_35	SMT	283631.7824	84375	ZCU_A19_11	RESET
rn_A19_36	SMT	288935.1468	84375	ZCU_A20_2	STOP
rn_A19_4	SMT	275325.9842	85625	ZCU_A19_2	RESET
rn_A19_5	SMT	275325.9842	96875	ZCU_A19_3	STOP
rn_A19_6	SMT	275325.9842	98125	ZCU_A19_3	RESET
rn_A19_7	SMT	275325.9842	112291.6667	ZCU_A19_4	STOP
rn_A19_8	SMT	275325.9842	113541.6667	ZCU_A19_4	RESET
rn_A19_9	SMT	275325.9842	124791.6667	ZCU_A19_5	STOP
rn_A1_1	SMT	3086.614173	73958.33333	ZCU_A1_1	NONE
rn_A1_10	SMT	3086.614173	126041.6667	ZCU_A1_5	RESET
rn_A1_11	SMT	3086.614173	135208.3333	ZCU_A1_6	STOP
rn_A1_12	SMT	3086.614173	136458.3333	ZCU_A1_6	NONE
rn_A1_13	SMT	4938.582677	136458.3333	ZCU_A1_6	RESET
rn_A1_14	SMT	8025.196851	136458.3333	ZCU_A1_7	STOP
rn_A1_15	SMT	9877.165355	136458.3333	ZCU_A1_7	NONE
rn_A1_16	SMT	9877.165355	135208.3333	ZCU_A1_7	RESET
rn_A1_17	SMT	9877.165355	126041.6667	ZCU_A1_8	STOP
rn_A1_18	SMT	9877.165355	124791.6667	ZCU_A1_8	RESET
rn_A1_19	SMT	9877.165355	113541.6667	ZCU_A1_9	STOP
rn_A1_2	SMT	3086.614173	75208.33333	ZCU_A1_1	RESET
rn_A1_20	SMT	9877.165355	112291.6667	ZCU_A1_9	RESET
rn_A1_21	SMT	9877.165355	98125	ZCU_A1_10	STOP
rn_A1_22	SMT	9877.165355	96875	ZCU_A1_10	RESET
rn_A1_23	SMT	9877.165355	85625	ZCU_A1_11	STOP
rn_A1_24	SMT	9877.165355	84375	ZCU_A1_11	RESET
rn_A1_25	SMT	9877.165355	75208.33333	ZCU_A1_12	STOP
rn_A1_26	SMT	9877.165355	73958.33333	ZCU_A1_12	NONE
rn_A1_27	SMT	8025.196851	73958.33333	ZCU_A1_12	RESET
rn_A1_28	SMT	4938.582677	73958.33333	ZCU_A1_1	STOP
rn_A1_29	SMT	4938.582677	98125	ZCU_A1_3	RESET
rn_A1_3	SMT	3086.614173	84375	ZCU_A1_2	STOP
rn_A1_30	SMT	8025.196851	98125	ZCU_A1_10	STOP
rn_A1_31	SMT	8025.196851	112291.6667	ZCU_A1_9	RESET
rn_A1_32	SMT	4938.582677	112291.6667	ZCU_A1_4	STOP
rn_A1_33	SMT	11392.41231	84375	ZCU_A1_11	RESET
rn_A1_34	SMT	16695.77667	84375	ZCU_A2_2	STOP
rn_A1_4	SMT	3086.614173	85625	ZCU_A1_2	RESET
rn_A1_5	SMT	3086.614173	96875	ZCU_A1_3	STOP
rn_A1_6	SMT	3086.614173	98125	ZCU_A1_3	RESET
rn_A1_7	SMT	3086.614173	112291.6667	ZCU_A1_4	STOP
rn_A1_8	SMT	3086.614173	113541.6667	ZCU_A1_4	RESET
rn_A1_9	SMT	3086.614173	124791.6667	ZCU_A1_5	STOP
rn_A20_1	SMT	290450.3937	73958.33333	ZCU_A20_1	NONE
rn_A20_10	SMT	290450.3937	126041.6667	ZCU_A20_5	RESET
rn_A20_11	SMT	290450.3937	135208.3333	ZCU_A20_6	STOP
rn_A20_12	SMT	290450.3937	136458.3333	ZCU_A20_6	NONE
rn_A20_13	SMT	292302.3622	136458.3333	ZCU_A20_6	RESET
rn_A20_14	SMT	295388.9764	136458.3333	ZCU_A20_7	STOP
rn_A20_15	SMT	297240.9449	136458.3333	ZCU_A20_7	NONE
rn_A20_16	SMT	297240.9449	135208.3333	ZCU_A20_7	RESET
rn_A20_17	SMT	297240.9449	126041.6667	ZCU_A20_8	STOP
rn_A20_18	SMT	297240.9449	124791.6667	ZCU_A20_8	RESET
rn_A20_19	SMT	297240.9449	113541.6667	ZCU_A20_9	STOP
rn_A20_2	SMT	290450.3937	75208.33333	ZCU_A20_1	RESET
rn_A20_20	SMT	297240.9449	112291.6667	ZCU_A20_9	RESET
rn_A20_21	SMT	297240.9449	98125	ZCU_A20_10	STOP
rn_A20_22	SMT	297240.9449	96875	ZCU_A20_10	RESET
rn_A20_23	SMT	297240.9449	85625	ZCU_A20_11	STOP
rn_A20_24	SMT	297240.9449	84375	ZCU_A20_11	RESET
rn_A20_25	SMT	297240.9449	75208.33333	ZCU_A20_12	STOP
rn_A20_26	SMT	297240.9449	73958.33333	ZCU_A20_12	NONE
rn_A20_27	SMT	295388.9764	73958.33333	ZCU_A20_12	RESET
rn_A20_28	SMT	292302.3622	73958.33333	ZCU_A20_1	STOP
rn_A20_29	SMT	292302.3622	98125	ZCU_A20_3	RESET
rn_A20_3	SMT	290450.3937	84375	ZCU_A20_2	STOP
rn_A20_30	SMT	295388.9764	98125	ZCU_A20_10	STOP
rn_A20_31	SMT	295388.9764	112291.6667	ZCU_A20_9	RESET
rn_A20_32	SMT	292302.3622	112291.6667	ZCU_A20_4	STOP
rn_A20_33	SMT	288935.1468	126041.6667	ZCU_A20_5	RESET
rn_A20_34	SMT	283631.7824	126041.6667	ZCU_A19_8	STOP
rn_A20_4	SMT	290450.3937	85625	ZCU_A20_2	RESET
rn_A20_5	SMT	290450.3937	96875	ZCU_A20_3	STOP
rn_A20_6	SMT	290450.3937	98125	ZCU_A20_3	RESET
rn_A20_7	SMT	290450.3937	112291.6667	ZCU_A20_4	STOP
rn_A20_8	SMT	290450.3937	113541.6667	ZCU_A20_4	RESET
rn_A20_9	SMT	290450.3937	124791.6667	ZCU_A20_5	STOP
rn_A2_1	SMT	18211.02363	73958.33333	ZCU_A2_1	NONE
rn_A2_10	SMT	18211.02363	126041.6667	ZCU_A2_5	RESET
rn_A2_11	SMT	18211.02363	135208.3333	ZCU_A2_6	STOP
rn_A2_12	SMT	18211.02363	136458.3333	ZCU_A2_6	NONE
rn_A2_13	SMT	20062.99213	136458.3333	ZCU_A2_6	RESET
rn_A2_14	SMT	23149.6063	136458.3333	ZCU_A2_7	STOP
rn_A2_15	SMT	25001.5748	136458.3333	ZCU_A2_7	NONE
rn_A2_16	SMT	25001.5748	135208.3333	ZCU_A2_7	RESET
rn_A2_17	SMT	25001.5748	126041.6667	ZCU_A2_8	STOP
rn_A2_18	SMT	25001.5748	124791.6667	ZCU_A2_8	RESET
rn_A2_19	SMT	25001.5748	113541.6667	ZCU_A2_9	STOP
rn_A2_2	SMT	18211.02363	75208.33333	ZCU_A2_1	RESET
rn_A2_20	SMT	25001.5748	112291.6667	ZCU_A2_9	RESET
rn_A2_21	SMT	25001.5748	98125	ZCU_A2_10	STOP
rn_A2_22	SMT	25001.5748	96875	ZCU_A2_10	RESET
rn_A2_23	SMT	25001.5748	85625	ZCU_A2_11	STOP
rn_A2_24	SMT	25001.5748	84375	ZCU_A2_11	RESET
rn_A2_25	SMT	25001.5748	75208.33333	ZCU_A2_12	STOP
rn_A2_26	SMT	25001.5748	73958.33333	ZCU_A2_12	NONE
rn_A2_27	SMT	23149.6063	73958.33333	ZCU_A2_12	RESET
rn_A2_28	SMT	20062.99213	73958.33333	ZCU_A2_1	STOP
rn_A2_29	SMT	20062.99213	98125	ZCU_A2_3	RESET
rn_A2_3	SMT	18211.02363	84375	ZCU_A2_2	STOP
rn_A2_30	SMT	23149.6063	98125	ZCU_A2_10	STOP
rn_A2_31	SMT	23149.6063	112291.6667	ZCU_A2_9	RESET
rn_A2_32	SMT	20062.99213	112291.6667	ZCU_A2_4	STOP
rn_A2_33	SMT	16695.77667	126041.6667	ZCU_A2_5	RESET
rn_A2_34	SMT	11392.41231	126041.6667	ZCU_A1_8	STOP
rn_A2_35	SMT	26516.82176	84375	ZCU_A2_11	RESET
rn_A2_36	SMT	31820.18611	84375	ZCU_A3_2	STOP
rn_A2_4	SMT	18211.02363	85625	ZCU_A2_2	RESET
rn_A2_5	SMT	18211.02363	96875	ZCU_A2_3	STOP
rn_A2_6	SMT	18211.02363	98125	ZCU_A2_3	RESET
rn_A2_7	SMT	18211.02363	112291.6667	ZCU_A2_4	STOP
rn_A2_8	SMT	18211.02363	113541.6667	ZCU_A2_4	RESET
rn_A2_9	SMT	18211.02363	124791.6667	ZCU_A2_5	STOP
rn_A3_1	SMT	33335.43307	73958.33333	ZCU_A3_1	NONE
rn_A3_10	SMT	33335.43307	126041.6667	ZCU_A3_5	RESET
rn_A3_11	SMT	33335.43307	135208.3333	ZCU_A3_6	STOP
rn_A3_12	SMT	33335.43307	136458.3333	ZCU_A3_6	NONE
rn_A3_13	SMT	35187.40157	136458.3333	ZCU_A3_6	RESET
rn_A3_14	SMT	38274.01574	136458.3333	ZCU_A3_7	STOP
rn_A3_15	SMT	40125.98425	136458.3333	ZCU_A3_7	NONE
rn_A3_16	SMT	40125.98425	135208.3333	ZCU_A3_7	RESET
rn_A3_17	SMT	40125.98425	126041.6667	ZCU_A3_8	STOP
rn_A3_18	SMT	40125.98425	124791.6667	ZCU_A3_8	RESET
rn_A3_19	SMT	40125.98425	113541.6667	ZCU_A3_9	STOP
rn_A3_2	SMT	33335.43307	75208.33333	ZCU_A3_1	RESET
rn_A3_20	SMT	40125.98425	112291.6667	ZCU_A3_9	RESET
rn_A3_21	SMT	40125.98425	98125	ZCU_A3_10	STOP
rn_A3_22	SMT	40125.98425	96875	ZCU_A3_10	RESET
rn_A3_23	SMT	40125.98425	85625	ZCU_A3_11	STOP
rn_A3_24	SMT	40125.98425	84375	ZCU_A3_11	RESET
rn_A3_25	SMT	40125.98425	75208.33333	ZCU_A3_12	STOP
rn_A3_26	SMT	40125.98425	73958.33333	ZCU_A3_12	NONE
rn_A3_27	SMT	38274.01574	73958.33333	ZCU_A3_12	RESET
rn_A3_28	SMT	35187.40157	73958.33333	ZCU_A3_1	STOP
rn_A3_29	SMT	35187.40157	98125	ZCU_A3_3	RESET
rn_A3_3	SMT	33335.43307	84375	ZCU_A3_2	STOP
rn_A3_30	SMT	38274.01574	98125	ZCU_A3_10	STOP
rn_A3_31	SMT	38274.01574	112291.6667	ZCU_A3_9	RESET
rn_A3_32	SMT	35187.40157	112291.6667	ZCU_A3_4	STOP
rn_A3_33	SMT	31820.18611	126041.6667	ZCU_A3_5	RESET
rn_A3_34	SMT	26516.82176	126041.6667	ZCU_A2_8	STOP
rn_A3_35	SMT	41641.2312	84375	ZCU_A3_11	RESET
rn_A3_36	SMT	46944.59556	84375	ZCU_A4_2	STOP
rn_A3_4	SMT	33335.43307	85625	ZCU_A3_2	RESET
rn_A3_5	SMT	33335.43307	96875	ZCU_A3_3	STOP
rn_A3_6	SMT	33335.43307	98125	ZCU_A3_3	RESET
rn_A3_7	SMT	33335.43307	112291.6667	ZCU_A3_4	STOP
rn_A3_8	SMT	33335.43307	113541.6667	ZCU_A3_4	RESET
rn_A3_9	SMT	33335.43307	124791.6667	ZCU_A3_5	STOP
rn_A4_1	SMT	48459.84252	73958.33333	ZCU_A4_1	NONE
rn_A4_10	SMT	48459.84252	126041.6667	ZCU_A4_5	RESET
rn_A4_11	SMT	48459.84252	135208.3333	ZCU_A4_6	STOP
rn_A4_12	SMT	48459.84252	136458.3333	ZCU_A4_6	NONE
rn_A4_13	SMT	50311.81102	136458.3333	ZCU_A4_6	RESET
rn_A4_14	SMT	53398.4252	136458.3333	ZCU_A4_7	STOP
rn_A4_15	SMT	55250.3937	136458.3333	ZCU_A4_7	NONE
rn_A4_16	SMT	55250.3937	135208.3333	ZCU_A4_7	RESET
rn_A4_17	SMT	55250.3937	126041.6667	ZCU_A4_8	STOP
rn_A4_18	SMT	55250.3937	124791.6667	ZCU_A4_8	RESET
rn_A4_19	SMT	55250.3937	113541.6667	ZCU_A4_9	STOP
rn_A4_2	SMT	48459.84252	75208.33333	ZCU_A4_1	RESET
rn_A4_20	SMT	55250.3937	112291.6667	ZCU_A4_9	RESET
rn_A4_21	SMT	55250.3937	98125	ZCU_A4_10	STOP
rn_A4_22	SMT	55250.3937	96875	ZCU_A4_10	RESET
rn_A4_23	SMT	55250.3937	85625	ZCU_A4_11	STOP
rn_A4_24	SMT	55250.3937	84375	ZCU_A4_11	RESET
rn_A4_25	SMT	55250.3937	75208.33333	ZCU_A4_12	STOP
rn_A4_26	SMT	55250.3937	73958.33333	ZCU_A4_12	NONE
rn_A4_27	SMT	53398.4252	73958.33333	ZCU_A4_12	RESET
rn_A4_28	SMT	50311.81102	73958.33333	ZCU_A4_1	STOP
rn_A4_29	SMT	50311.81102	98125	ZCU_A4_3	RESET
rn_A4_3	SMT	48459.84252	84375	ZCU_A4_2	STOP
rn_A4_30	SMT	53398.4252	98125	ZCU_A4_10	STOP
rn_A4_31	SMT	53398.4252	112291.6667	ZCU_A4_9	RESET
rn_A4_32	SMT	50311.81102	112291.6667	ZCU_A4_4	STOP
rn_A4_33	SMT	46944.59556	126041.6667	ZCU_A4_5	RESET
rn_A4_34	SMT	41641.2312	126041.6667	ZCU_A3_8	STOP
rn_A4_35	SMT	56765.64066	84375	ZCU_A4_11	RESET
rn_A4_36	SMT	62069.00502	84375	ZCU_A5_2	STOP
rn_A4_4	SMT	48459.84252	85625	ZCU_A4_2	RESET
rn_A4_5	SMT	48459.84252	96875	ZCU_A4_3	STOP
rn_A4_6	SMT	48459.84252	98125	ZCU_A4_3	RESET
rn_A4_7	SMT	48459.84252	112291.6667	ZCU_A4_4	STOP
rn_A4_8	SMT	48459.84252	113541.6667	ZCU_A4_4	RESET
rn_A4_9	SMT	48459.84252	124791.6667	ZCU_A4_5	STOP
rn_A5_1	SMT	63584.25197	73958.33333	ZCU_A5_1	NONE
rn_A5_10	SMT	63584.25197	126041.6667	ZCU_A5_5	RESET
rn_A5_11	SMT	63584.25197	135208.3333	ZCU_A5_6	STOP
rn_A5_12	SMT	63584.25197	136458.3333	ZCU_A5_6	NONE
rn_A5_13	SMT	65436.22048	136458.3333	ZCU_A5_6	RESET
rn_A5_14	SMT	68522.83465	136458.3333	ZCU_A5_7	STOP
rn_A5_15	SMT	70374.80315	136458.3333	ZCU_A5_7	NONE
rn_A5_16	SMT	70374.80315	135208.3333	ZCU_A5_7	RESET
rn_A5_17	SMT	70374.80315	126041.6667	ZCU_A5_8	STOP
rn_A5_18	SMT	70374.80315	124791.6667	ZCU_A5_8	RESET
rn_A5_19	SMT	70374.80315	113541.6667	ZCU_A5_9	STOP
rn_A5_2	SMT	63584.25197	75208.33333	ZCU_A5_1	RESET
rn_A5_20	SMT	70374.80315	112291.6667	ZCU_A5_9	RESET
rn_A5_21	SMT	70374.80315	98125	ZCU_A5_10	STOP
rn_A5_22	SMT	70374.80315	96875	ZCU_A5_10	RESET
rn_A5_23	SMT	70374.80315	85625	ZCU_A5_11	STOP
rn_A5_24	SMT	70374.80315	84375	ZCU_A5_11	RESET
rn_A5_25	SMT	70374.80315	75208.33333	ZCU_A5_12	STOP
rn_A5_26	SMT	70374.80315	73958.33333	ZCU_A5_12	NONE
rn_A5_27	SMT	68522.83465	73958.33333	ZCU_A5_12	RESET
rn_A5_28	SMT	65436.22048	73958.33333	ZCU_A5_1	STOP
rn_A5_29	SMT	65436.22048	98125	ZCU_A5_3	RESET
rn_A5_3	SMT	63584.25197	84375	ZCU_A5_2	STOP
rn_A5_30	SMT	68522.83465	98125	ZCU_A5_10	STOP
rn_A5_31	SMT	68522.83465	112291.6667	ZCU_A5_9	RESET
rn_A5_32	SMT	65436.22048	112291.6667	ZCU_A5_4	STOP
rn_A5_33	SMT	62069.00502	126041.6667	ZCU_A5_5	RESET
rn_A5_34	SMT	56765.64066	126041.6667	ZCU_A4_8	STOP
rn_A5_35	SMT	71890.05011	84375	ZCU_A5_11	RESET
rn_A5_36	SMT	77193.41446	84375	ZCU_A6_2	STOP
rn_A5_4	SMT	63584.25197	85625	ZCU_A5_2	RESET
rn_A5_5	SMT	63584.25197	96875	ZCU_A5_3	STOP
rn_A5_6	SMT	63584.25197	98125	ZCU_A5_3	RESET
rn_A5_7	SMT	63584.25197	112291.6667	ZCU_A5_4	STOP
rn_A5_8	SMT	63584.25197	113541.6667	ZCU_A5_4	RESET
rn_A5_9	SMT	63584.25197	124791.6667	ZCU_A5_5	STOP
rn_A6_1	SMT	78708.66142	73958.33333	ZCU_A6_1	NONE
rn_A6_10	SMT	78708.66142	126041.6667	ZCU_A6_5	RESET
rn_A6_11	SMT	78708.66142	135208.3333	ZCU_A6_6	STOP
rn_A6_12	SMT	78708.66142	136458.3333	ZCU_A6_6	NONE
rn_A6_13	SMT	80560.62992	136458.3333	ZCU_A6_6	RESET
rn_A6_14	SMT	83647.24409	136458.3333	ZCU_A6_7	STOP
rn_A6_15	SMT	85499.21259	136458.3333	ZCU_A6_7	NONE
rn_A6_16	SMT	85499.21259	135208.3333	ZCU_A6_7	RESET
rn_A6_17	SMT	85499.21259	126041.6667	ZCU_A6_8	STOP
rn_A6_18	SMT	85499.21259	124791.6667	ZCU_A6_8	RESET
rn_A6_19	SMT	85499.21259	113541.6667	ZCU_A6_9	STOP
rn_A6_2	SMT	78708.66142	75208.33333	ZCU_A6_1	RESET
rn_A6_20	SMT	85499.21259	112291.6667	ZCU_A6_9	RESET
rn_A6_21	SMT	85499.21259	98125	ZCU_A6_10	STOP
rn_A6_22	SMT	85499.21259	96875	ZCU_A6_10	RESET
rn_A6_23	SMT	85499.21259	85625	ZCU_A6_11	STOP
rn_A6_24	SMT	85499.21259	84375	ZCU_A6_11	RESET
rn_A6_25	SMT	85499.21259	75208.33333	ZCU_A6_12	STOP
rn_A6_26	SMT	85499.21259	73958.33333	ZCU_A6_12	NONE
rn_A6_27	SMT	83647.24409	73958.33333	ZCU_A6_12	RESET
rn_A6_28	SMT	80560.62992	73958.33333	ZCU_A6_1	STOP
rn_A6_29	SMT	80560.62992	98125	ZCU_A6_3	RESET
rn_A6_3	SMT	78708.66142	84375	ZCU_A6_2	STOP
rn_A6_30	SMT	83647.24409	98125	ZCU_A6_10	STOP
rn_A6_31	SMT	83647.24409	112291.6667	ZCU_A6_9	RESET
rn_A6_32	SMT	80560.62992	112291.6667	ZCU_A6_4	STOP
rn_A6_33	SMT	77193.41446	126041.6667	ZCU_A6_5	RESET
rn_A6_34	SMT	71890.05011	126041.6667	ZCU_A5_8	STOP
rn_A6_35	SMT	87014.45955	84375	ZCU_A6_11	RESET
rn_A6_36	SMT	92317.82391	84375	ZCU_A7_2	STOP
rn_A6_4	SMT	78708.66142	85625	ZCU_A6_2	RESET
rn_A6_5	SMT	78708.66142	96875	ZCU_A6_3	STOP
rn_A6_6	SMT	78708.66142	98125	ZCU_A6_3	RESET
rn_A6_7	SMT	78708.66142	112291.6667	ZCU_A6_4	STOP
rn_A6_8	SMT	78708.66142	113541.6667	ZCU_A6_4	RESET
rn_A6_9	SMT	78708.66142	124791.6667	ZCU_A6_5	STOP
rn_A7_1	SMT	93833.07086	73958.33333	ZCU_A7_1	NONE
rn_A7_10	SMT	93833.07086	126041.6667	ZCU_A7_5	RESET
rn_A7_11	SMT	93833.07086	135208.3333	ZCU_A7_6	STOP
rn_A7_12	SMT	93833.07086	136458.3333	ZCU_A7_6	NONE
rn_A7_13	SMT	95685.03937	136458.3333	ZCU_A7_6	RESET
rn_A7_14	SMT	98771.65355	136458.3333	ZCU_A7_7	STOP
rn_A7_15	SMT	100623.6221	136458.3333	ZCU_A7_7	NONE
rn_A7_16	SMT	100623.6221	135208.3333	ZCU_A7_7	RESET
rn_A7_17	SMT	100623.6221	126041.6667	ZCU_A7_8	STOP
rn_A7_18	SMT	100623.6221	124791.6667	ZCU_A7_8	RESET
rn_A7_19	SMT	100623.6221	113541.6667	ZCU_A7_9	STOP
rn_A7_2	SMT	93833.07086	75208.33333	ZCU_A7_1	RESET
rn_A7_20	SMT	100623.6221	112291.6667	ZCU_A7_9	RESET
rn_A7_21	SMT	100623.6221	98125	ZCU_A7_10	STOP
rn_A7_22	SMT	100623.6221	96875	ZCU_A7_10	RESET
rn_A7_23	SMT	100623.6221	85625	ZCU_A7_11	STOP
rn_A7_24	SMT	100623.6221	84375	ZCU_A7_11	RESET
rn_A7_25	SMT	100623.6221	75208.33333	ZCU_A7_12	STOP
rn_A7_26	SMT	100623.6221	73958.33333	ZCU_A7_12	NONE
rn_A7_27	SMT	98771.65355	73958.33333	ZCU_A7_12	RESET
rn_A7_28	SMT	95685.03937	73958.33333	ZCU_A7_1	STOP
rn_A7_29	SMT	95685.03937	98125	ZCU_A7_3	RESET
rn_A7_3	SMT	93833.07086	84375	ZCU_A7_2	STOP
rn_A7_30	SMT	98771.65355	98125	ZCU_A7_10	STOP
rn_A7_31	SMT	98771.65355	112291.6667	ZCU_A7_9	RESET
rn_A7_32	SMT	95685.03937	112291.6667	ZCU_A7_4	STOP
rn_A7_33	SMT	92317.82391	126041.6667	ZCU_A7_5	RESET
rn_A7_34	SMT	87014.45955	126041.6667	ZCU_A6_8	STOP
rn_A7_35	SMT	102138.869	84375	ZCU_A7_11	RESET
rn_A7_36	SMT	107442.2334	84375	ZCU_A8_2	STOP
rn_A7_4	SMT	93833.07086	85625	ZCU_A7_2	RESET
rn_A7_5	SMT	93833.07086	96875	ZCU_A7_3	STOP
rn_A7_6	SMT	93833.07086	98125	ZCU_A7_3	RESET
rn_A7_7	SMT	93833.07086	112291.6667	ZCU_A7_4	STOP
rn_A7_8	SMT	93833.07086	113541.6667	ZCU_A7_4	RESET
rn_A7_9	SMT	93833.07086	124791.6667	ZCU_A7_5	STOP
rn_A8_1	SMT	108957.4803	73958.33333	ZCU_A8_1	NONE
rn_A8_10	SMT	108957.4803	126041.6667	ZCU_A8_5	RESET
rn_A8_11	SMT	108957.4803	135208.3333	ZCU_A8_6	STOP
rn_A8_12	SMT	108957.4803	136458.3333	ZCU_A8_6	NONE
rn_A8_13	SMT	110809.4488	136458.3333	ZCU_A8_6	RESET
rn_A8_14	SMT	113896.063	136458.3333	ZCU_A8_7	STOP
rn_A8_15	SMT	115748.0315	136458.3333	ZCU_A8_7	NONE
rn_A8_16	SMT	115748.0315	135208.3333	ZCU_A8_7	RESET
rn_A8_17	SMT	115748.0315	126041.6667	ZCU_A8_8	STOP
rn_A8_18	SMT	115748.0315	124791.6667	ZCU_A8_8	RESET
rn_A8_19	SMT	115748.0315	113541.6667	ZCU_A8_9	STOP
rn_A8_2	SMT	108957.4803	75208.33333	ZCU_A8_1	RESET
rn_A8_20	SMT	115748.0315	112291.6667	ZCU_A8_9	RESET
rn_A8_21	SMT	115748.0315	98125	ZCU_A8_10	STOP
rn_A8_22	SMT	115748.0315	96875	ZCU_A8_10	RESET
rn_A8_23	SMT	115748.0315	85625	ZCU_A8_11	STOP
rn_A8_24	SMT	115748.0315	84375	ZCU_A8_11	RESET
rn_A8_25	SMT	115748.0315	75208.33333	ZCU_A8_12	STOP
rn_A8_26	SMT	115748.0315	73958.33333	ZCU_A8_12	NONE
rn_A8_27	SMT	113896.063	73958.33333	ZCU_A8_12	RESET
rn_A8_28	SMT	110809.4488	73958.33333	ZCU_A8_1	STOP
rn_A8_29	SMT	110809.4488	98125	ZCU_A8_3	RESET
rn_A8_3	SMT	108957.4803	84375	ZCU_A8_2	STOP
rn_A8_30	SMT	113896.063	98125	ZCU_A8_10	STOP
rn_A8_31	SMT	113896.063	112291.6667	ZCU_A8_9	RESET
rn_A8_32	SMT	110809.4488	112291.6667	ZCU_A8_4	STOP
rn_A8_33	SMT	107442.2334	126041.6667	ZCU_A8_5	RESET
rn_A8_34	SMT	102138.869	126041.6667	ZCU_A7_8	STOP
rn_A8_35	SMT	117263.2785	84375	ZCU_A8_11	RESET
rn_A8_36	SMT	122566.6428	84375	ZCU_A9_2	STOP
rn_A8_4	SMT	108957.4803	85625	ZCU_A8_2	RESET
rn_A8_5	SMT	108957.4803	96875	ZCU_A8_3	STOP
rn_A8_6	SMT	108957.4803	98125	ZCU_A8_3	RESET
rn_A8_7	SMT	108957.4803	112291.6667	ZCU_A8_4	STOP
rn_A8_8	SMT	108957.4803	113541.6667	ZCU_A8_4	RESET
rn_A8_9	SMT	108957.4803	124791.6667	ZCU_A8_5	STOP
rn_A9_1	SMT	124081.8898	73958.33333	ZCU_A9_1	NONE
rn_A9_10	SMT	124081.8898	126041.6667	ZCU_A9_5	RESET
rn_A9_11	SMT	124081.8898	135208.3333	ZCU_A9_6	STOP
rn_A9_12	SMT	124081.8898	136458.3333	ZCU_A9_6	NONE
rn_A9_13	SMT	125933.8583	136458.3333	ZCU_A9_6	RESET
rn_A9_14	SMT	129020.4724	136458.3333	ZCU_A9_7	STOP
rn_A9_15	SMT	130872.4409	136458.3333	ZCU_A9_7	NONE
rn_A9_16	SMT	130872.4409	135208.3333	ZCU_A9_7	RESET
rn_A9_17	SMT	130872.4409	126041.6667	ZCU_A9_8	STOP
rn_A9_18	SMT	130872.4409	124791.6667	ZCU_A9_8	RESET
rn_A9_19	SMT	130872.4409	113541.6667	ZCU_A9_9	STOP
rn_A9_2	SMT	124081.8898	75208.33333	ZCU_A9_1	RESET
rn_A9_20	SMT	130872.4409	112291.6667	ZCU_A9_9	RESET
rn_A9_21	SMT	130872.4409	98125	ZCU_A9_10	STOP
rn_A9_22	SMT	130872.4409	96875	ZCU_A9_10	RESET
rn_A9_23	SMT	130872.4409	85625	ZCU_A9_11	STOP
rn_A9_24	SMT	130872.4409	84375	ZCU_A9_11	RESET
rn_A9_25	SMT	130872.4409	75208.33333	ZCU_A9_12	STOP
rn_A9_26	SMT	130872.4409	73958.33333	ZCU_A9_12	NONE
rn_A9_27	SMT	129020.4724	73958.33333	ZCU_A9_12	RESET
rn_A9_28	SMT	125933.8583	73958.33333	ZCU_A9_1	STOP
rn_A9_29	SMT	125933.8583	98125	ZCU_A9_3	RESET
rn_A9_3	SMT	124081.8898	84375	ZCU_A9_2	STOP
rn_A9_30	SMT	129020.4724	98125	ZCU_A9_10	STOP
rn_A9_31	SMT	129020.4724	112291.6667	ZCU_A9_9	RESET
rn_A9_32	SMT	125933.8583	112291.6667	ZCU_A9_4	STOP
rn_A9_33	SMT	122566.6428	126041.6667	ZCU_A9_5	RESET
rn_A9_34	SMT	117263.2785	126041.6667	ZCU_A8_8	STOP
rn_A9_35	SMT	132387.6879	84375	ZCU_A9_11	RESET
rn_A9_36	SMT	137691.0522	84375	ZCU_A10_2	STOP
rn_A9_4	SMT	124081.8898	85625	ZCU_A9_2	RESET
rn_A9_5	SMT	124081.8898	96875	ZCU_A9_3	STOP
rn_A9_6	SMT	124081.8898	98125	ZCU_A9_3	RESET
rn_A9_7	SMT	124081.8898	112291.6667	ZCU_A9_4	STOP
rn_A9_8	SMT	124081.8898	113541.6667	ZCU_A9_4	RESET
rn_A9_9	SMT	124081.8898	124791.6667	ZCU_A9_5	STOP
rn_B10_1	SMT	139206.2992	5208.333333	ZCU_B10_1	NONE
rn_B10_10	SMT	139206.2992	57291.66667	ZCU_B10_5	RESET
rn_B10_11	SMT	139206.2992	66458.33333	ZCU_B10_6	STOP
rn_B10_12	SMT	139206.2992	67708.33333	ZCU_B10_6	NONE
rn_B10_13	SMT	141058.2677	67708.33333	ZCU_B10_6	RESET
rn_B10_14	SMT	144144.8819	67708.33333	ZCU_B10_7	STOP
rn_B10_15	SMT	145996.8504	67708.33333	ZCU_B10_7	NONE
rn_B10_16	SMT	145996.8504	66458.33333	ZCU_B10_7	RESET
rn_B10_17	SMT	145996.8504	57291.66667	ZCU_B10_8	STOP
rn_B10_18	SMT	145996.8504	56041.66667	ZCU_B10_8	RESET
rn_B10_19	SMT	145996.8504	44791.66667	ZCU_B10_9	STOP
rn_B10_2	SMT	139206.2992	6458.333333	ZCU_B10_1	RESET
rn_B10_20	SMT	145996.8504	43541.66667	ZCU_B10_9	RESET
rn_B10_21	SMT	145996.8504	29375	ZCU_B10_10	STOP
rn_B10_22	SMT	145996.8504	28125	ZCU_B10_10	RESET
rn_B10_23	SMT	145996.8504	16875	ZCU_B10_11	STOP
rn_B10_24	SMT	145996.8504	15625	ZCU_B10_11	RESET
rn_B10_25	SMT	145996.8504	6458.333333	ZCU_B10_12	STOP
rn_B10_26	SMT	145996.8504	5208.333333	ZCU_B10_12	NONE
rn_B10_27	SMT	144144.8819	5208.333333	ZCU_B10_12	RESET
rn_B10_28	SMT	141058.2677	5208.333333	ZCU_B10_1	STOP
rn_B10_29	SMT	141058.2677	29375	ZCU_B10_3	RESET
rn_B10_3	SMT	139206.2992	15625	ZCU_B10_2	STOP
rn_B10_30	SMT	144144.8819	29375	ZCU_B10_10	STOP
rn_B10_31	SMT	144144.8819	43541.66667	ZCU_B10_9	RESET
rn_B10_32	SMT	141058.2677	43541.66667	ZCU_B10_4	STOP
rn_B10_33	SMT	137691.0522	57291.66667	ZCU_B10_5	RESET
rn_B10_34	SMT	132387.6879	57291.66667	ZCU_B9_8	STOP
rn_B10_35	SMT	147512.0974	15625	ZCU_B10_11	RESET
rn_B10_36	SMT	152815.4617	15625	ZCU_B11_2	STOP
rn_B10_4	SMT	139206.2992	16875	ZCU_B10_2	RESET
rn_B10_5	SMT	139206.2992	28125	ZCU_B10_3	STOP
rn_B10_6	SMT	139206.2992	29375	ZCU_B10_3	RESET
rn_B10_7	SMT	139206.2992	43541.66667	ZCU_B10_4	STOP
rn_B10_8	SMT	139206.2992	44791.66667	ZCU_B10_4	RESET
rn_B10_9	SMT	139206.2992	56041.66667	ZCU_B10_5	STOP
rn_B11_1	SMT	154330.7087	5208.333333	ZCU_B11_1	NONE
rn_B11_10	SMT	154330.7087	57291.66667	ZCU_B11_5	RESET
rn_B11_11	SMT	154330.7087	66458.33333	ZCU_B11_6	STOP
rn_B11_12	SMT	154330.7087	67708.33333	ZCU_B11_6	NONE
rn_B11_13	SMT	156182.6772	67708.33333	ZCU_B11_6	RESET
rn_B11_14	SMT	159269.2913	67708.33333	ZCU_B11_7	STOP
rn_B11_15	SMT	161121.2598	67708.33333	ZCU_B11_7	NONE
rn_B11_16	SMT	161121.2598	66458.33333	ZCU_B11_7	RESET
rn_B11_17	SMT	161121.2598	57291.66667	ZCU_B11_8	STOP
rn_B11_18	SMT	161121.2598	56041.66667	ZCU_B11_8	RESET
rn_B11_19	SMT	161121.2598	44791.66667	ZCU_B11_9	STOP
rn_B11_2	SMT	154330.7087	6458.333333	ZCU_B11_1	RESET
rn_B11_20	SMT	161121.2598	43541.66667	ZCU_B11_9	RESET
rn_B11_21	SMT	161121.2598	29375	ZCU_B11_10	STOP
rn_B11_22	SMT	161121.2598	28125	ZCU_B11_10	RESET
rn_B11_23	SMT	161121.2598	16875	ZCU_B11_11	STOP
rn_B11_24	SMT	161121.2598	15625	ZCU_B11_11	RESET
rn_B11_25	SMT	161121.2598	6458.333333	ZCU_B11_12	STOP
rn_B11_26	SMT	161121.2598	5208.333333	ZCU_B11_12	NONE
rn_B11_27	SMT	159269.2913	5208.333333	ZCU_B11_12	RESET
rn_B11_28	SMT	156182.6772	5208.333333	ZCU_B11_1	STOP
rn_B11_29	SMT	156182.6772	29375	ZCU_B11_3	RESET
rn_B11_3	SMT	154330.7087	15625	ZCU_B11_2	STOP
rn_B11_30	SMT	159269.2913	29375	ZCU_B11_10	STOP
rn_B11_31	SMT	159269.2913	43541.66667	ZCU_B11_9	RESET
rn_B11_32	SMT	156182.6772	43541.66667	ZCU_B11_4	STOP
rn_B11_33	SMT	152815.4617	57291.66667	ZCU_B11_5	RESET
rn_B11_34	SMT	147512.0974	57291.66667	ZCU_B10_8	STOP
rn_B11_35	SMT	162636.5068	15625	ZCU_B11_11	RESET
rn_B11_36	SMT	167939.8711	15625	ZCU_B12_2	STOP
rn_B11_4	SMT	154330.7087	16875	ZCU_B11_2	RESET
rn_B11_5	SMT	154330.7087	28125	ZCU_B11_3	STOP
rn_B11_6	SMT	154330.7087	29375	ZCU_B11_3	RESET
rn_B11_7	SMT	154330.7087	43541.66667	ZCU_B11_4	STOP
rn_B11_8	SMT	154330.7087	44791.66667	ZCU_B11_4	RESET
rn_B11_9	SMT	154330.7087	56041.66667	ZCU_B11_5	STOP
rn_B12_1	SMT	169455.1181	5208.333333	ZCU_B12_1	NONE
rn_B12_10	SMT	169455.1181	57291.66667	ZCU_B12_5	RESET
rn_B12_11	SMT	169455.1181	66458.33333	ZCU_B12_6	STOP
rn_B12_12	SMT	169455.1181	67708.33333	ZCU_B12_6	NONE
rn_B12_13	SMT	171307.0866	67708.33333	ZCU_B12_6	RESET
rn_B12_14	SMT	174393.7007	67708.33333	ZCU_B12_7	STOP
rn_B12_15	SMT	176245.6693	67708.33333	ZCU_B12_7	NONE
rn_B12_16	SMT	176245.6693	66458.33333	ZCU_B12_7	RESET
rn_B12_17	SMT	176245.6693	57291.66667	ZCU_B12_8	STOP
rn_B12_18	SMT	176245.6693	56041.66667	ZCU_B12_8	RESET
rn_B12_19	SMT	176245.6693	44791.66667	ZCU_B12_9	STOP
rn_B12_2	SMT	169455.1181	6458.333333	ZCU_B12_1	RESET
rn_B12_20	SMT	176245.6693	43541.66667	ZCU_B12_9	RESET
rn_B12_21	SMT	176245.6693	29375	ZCU_B12_10	STOP
rn_B12_22	SMT	176245.6693	28125	ZCU_B12_10	RESET
rn_B12_23	SMT	176245.6693	16875	ZCU_B12_11	STOP
rn_B12_24	SMT	176245.6693	15625	ZCU_B12_11	RESET
rn_B12_25	SMT	176245.6693	6458.333333	ZCU_B12_12	STOP
rn_B12_26	SMT	176245.6693	5208.333333	ZCU_B12_12	NONE
rn_B12_27	SMT	174393.7007	5208.333333	ZCU_B12_12	RESET
rn_B12_28	SMT	171307.0866	5208.333333	ZCU_B12_1	STOP
rn_B12_29	SMT	171307.0866	29375	ZCU_B12_3	RESET
rn_B12_3	SMT	169455.1181	15625	ZCU_B12_2	STOP
rn_B12_30	SMT	174393.7007	29375	ZCU_B12_10	STOP
rn_B12_31	SMT	174393.7007	43541.66667	ZCU_B12_9	RESET
rn_B12_32	SMT	171307.0866	43541.66667	ZCU_B12_4	STOP
rn_B12_33	SMT	167939.8711	57291.66667	ZCU_B12_5	RESET
rn_B12_34	SMT	162636.5068	57291.66667	ZCU_B11_8	STOP
rn_B12_35	SMT	177760.9162	15625	ZCU_B12_11	RESET
rn_B12_36	SMT	183064.2806	15625	ZCU_B13_2	STOP
rn_B12_4	SMT	169455.1181	16875	ZCU_B12_2	RESET
rn_B12_5	SMT	169455.1181	28125	ZCU_B12_3	STOP
rn_B12_6	SMT	169455.1181	29375	ZCU_B12_3	RESET
rn_B12_7	SMT	169455.1181	43541.66667	ZCU_B12_4	STOP
rn_B12_8	SMT	169455.1181	44791.66667	ZCU_B12_4	RESET
rn_B12_9	SMT	169455.1181	56041.66667	ZCU_B12_5	STOP
rn_B13_1	SMT	184579.5275	5208.333333	ZCU_B13_1	NONE
rn_B13_10	SMT	184579.5275	57291.66667	ZCU_B13_5	RESET
rn_B13_11	SMT	184579.5275	66458.33333	ZCU_B13_6	STOP
rn_B13_12	SMT	184579.5275	67708.33333	ZCU_B13_6	NONE
rn_B13_13	SMT	186431.496	67708.33333	ZCU_B13_6	RESET
rn_B13_14	SMT	189518.1103	67708.33333	ZCU_B13_7	STOP
rn_B13_15	SMT	191370.0788	67708.33333	ZCU_B13_7	NONE
rn_B13_16	SMT	191370.0788	66458.33333	ZCU_B13_7	RESET
rn_B13_17	SMT	191370.0788	57291.66667	ZCU_B13_8	STOP
rn_B13_18	SMT	191370.0788	56041.66667	ZCU_B13_8	RESET
rn_B13_19	SMT	191370.0788	44791.66667	ZCU_B13_9	STOP
rn_B13_2	SMT	184579.5275	6458.333333	ZCU_B13_1	RESET
rn_B13_20	SMT	191370.0788	43541.66667	ZCU_B13_9	RESET
rn_B13_21	SMT	191370.0788	29375	ZCU_B13_10	STOP
rn_B13_22	SMT	191370.0788	28125	ZCU_B13_10	RESET
rn_B13_23	SMT	191370.0788	16875	ZCU_B13_11	STOP
rn_B13_24	SMT	191370.0788	15625	ZCU_B13_11	RESET
rn_B13_25	SMT	191370.0788	6458.333333	ZCU_B13_12	STOP
rn_B13_26	SMT	191370.0788	5208.333333	ZCU_B13_12	NONE
rn_B13_27	SMT	189518.1103	5208.333333	ZCU_B13_12	RESET
rn_B13_28	SMT	186431.496	5208.333333	ZCU_B13_1	STOP
rn_B13_29	SMT	186431.496	29375	ZCU_B13_3	RESET
rn_B13_3	SMT	184579.5275	15625	ZCU_B13_2	STOP
rn_B13_30	SMT	189518.1103	29375	ZCU_B13_10	STOP
rn_B13_31	SMT	189518.1103	43541.66667	ZCU_B13_9	RESET
rn_B13_32	SMT	186431.496	43541.66667	ZCU_B13_4	STOP
rn_B13_33	SMT	183064.2806	57291.66667	ZCU_B13_5	RESET
rn_B13_34	SMT	177760.9162	57291.66667	ZCU_B12_8	STOP
rn_B13_35	SMT	192885.3257	15625	ZCU_B13_11	RESET
rn_B13_36	SMT	198188.6901	15625	ZCU_B14_2	STOP
rn_B13_4	SMT	184579.5275	16875	ZCU_B13_2	RESET
rn_B13_5	SMT	184579.5275	28125	ZCU_B13_3	STOP
rn_B13_6	SMT	184579.5275	29375	ZCU_B13_3	RESET
rn_B13_7	SMT	184579.5275	43541.66667	ZCU_B13_4	STOP
rn_B13_8	SMT	184579.5275	44791.66667	ZCU_B13_4	RESET
rn_B13_9	SMT	184579.5275	56041.66667	ZCU_B13_5	STOP
rn_B14_1	SMT	199703.937	5208.333333	ZCU_B14_1	NONE
rn_B14_10	SMT	199703.937	57291.66667	ZCU_B14_5	RESET
rn_B14_11	SMT	199703.937	66458.33333	ZCU_B14_6	STOP
rn_B14_12	SMT	199703.937	67708.33333	ZCU_B14_6	NONE
rn_B14_13	SMT	201555.9056	67708.33333	ZCU_B14_6	RESET
rn_B14_14	SMT	204642.5197	67708.33333	ZCU_B14_7	STOP
rn_B14_15	SMT	206494.4882	67708.33333	ZCU_B14_7	NONE
rn_B14_16	SMT	206494.4882	66458.33333	ZCU_B14_7	RESET
rn_B14_17	SMT	206494.4882	57291.66667	ZCU_B14_8	STOP
rn_B14_18	SMT	206494.4882	56041.66667	ZCU_B14_8	RESET
rn_B14_19	SMT	206494.4882	44791.66667	ZCU_B14_9	STOP
rn_B14_2	SMT	199703.937	6458.333333	ZCU_B14_1	RESET
rn_B14_20	SMT	206494.4882	43541.66667	ZCU_B14_9	RESET
rn_B14_21	SMT	206494.4882	29375	ZCU_B14_10	STOP
rn_B14_22	SMT	206494.4882	28125	ZCU_B14_10	RESET
rn_B14_23	SMT	206494.4882	16875	ZCU_B14_11	STOP
rn_B14_24	SMT	206494.4882	15625	ZCU_B14_11	RESET
rn_B14_25	SMT	206494.4882	6458.333333	ZCU_B14_12	STOP
rn_B14_26	SMT	206494.4882	5208.333333	ZCU_B14_12	NONE
rn_B14_27	SMT	204642.5197	5208.333333	ZCU_B14_12	RESET
rn_B14_28	SMT	201555.9056	5208.333333	ZCU_B14_1	STOP
rn_B14_29	SMT	201555.9056	29375	ZCU_B14_3	RESET
rn_B14_3	SMT	199703.937	15625	ZCU_B14_2	STOP
rn_B14_30	SMT	204642.5197	29375	ZCU_B14_10	STOP
rn_B14_31	SMT	204642.5197	43541.66667	ZCU_B14_9	RESET
rn_B14_32	SMT	201555.9056	43541.66667	ZCU_B14_4	STOP
rn_B14_33	SMT	198188.6901	57291.66667	ZCU_B14_5	RESET
rn_B14_34	SMT	192885.3257	57291.66667	ZCU_B13_8	STOP
rn_B14_35	SMT	208009.7352	15625	ZCU_B14_11	RESET
rn_B14_36	SMT	213313.0995	15625	ZCU_B15_2	STOP
rn_B14_4	SMT	199703.937	16875	ZCU_B14_2	RESET
rn_B14_5	SMT	199703.937	28125	ZCU_B14_3	STOP
rn_B14_6	SMT	199703.937	29375	ZCU_B14_3	RESET
rn_B14_7	SMT	199703.937	43541.66667	ZCU_B14_4	STOP
rn_B14_8	SMT	199703.937	44791.66667	ZCU_B14_4	RESET
rn_B14_9	SMT	199703.937	56041.66667	ZCU_B14_5	STOP
rn_B15_1	SMT	214828.3465	5208.333333	ZCU_B15_1	NONE
rn_B15_10	SMT	214828.3465	57291.66667	ZCU_B15_5	RESET
rn_B15_11	SMT	214828.3465	66458.33333	ZCU_B15_6	STOP
rn_B15_12	SMT	214828.3465	67708.33333	ZCU_B15_6	NONE
rn_B15_13	SMT	216680.315	67708.33333	ZCU_B15_6	RESET
rn_B15_14	SMT	219766.9291	67708.33333	ZCU_B15_7	STOP
rn_B15_15	SMT	221618.8976	67708.33333	ZCU_B15_7	NONE
rn_B15_16	SMT	221618.8976	66458.33333	ZCU_B15_7	RESET
rn_B15_17	SMT	221618.8976	57291.66667	ZCU_B15_8	STOP
rn_B15_18	SMT	221618.8976	56041.66667	ZCU_B15_8	RESET
rn_B15_19	SMT	221618.8976	44791.66667	ZCU_B15_9	STOP
rn_B15_2	SMT	214828.3465	6458.333333	ZCU_B15_1	RESET
rn_B15_20	SMT	221618.8976	43541.66667	ZCU_B15_9	RESET
rn_B15_21	SMT	221618.8976	29375	ZCU_B15_10	STOP
rn_B15_22	SMT	221618.8976	28125	ZCU_B15_10	RESET
rn_B15_23	SMT	221618.8976	16875	ZCU_B15_11	STOP
rn_B15_24	SMT	221618.8976	15625	ZCU_B15_11	RESET
rn_B15_25	SMT	221618.8976	6458.333333	ZCU_B15_12	STOP
rn_B15_26	SMT	221618.8976	5208.333333	ZCU_B15_12	NONE
rn_B15_27	SMT	219766.9291	5208.333333	ZCU_B15_12	RESET
rn_B15_28	SMT	216680.315	5208.333333	ZCU_B15_1	STOP
rn_B15_29	SMT	216680.315	29375	ZCU_B15_3	RESET
rn_B15_3	SMT	214828.3465	15625	ZCU_B15_2	STOP
rn_B15_30	SMT	219766.9291	29375	ZCU_B15_10	STOP
rn_B15_31	SMT	219766.9291	43541.66667	ZCU_B15_9	RESET
rn_B15_32	SMT	216680.315	43541.66667	ZCU_B15_4	STOP
rn_B15_33	SMT	213313.0995	57291.66667	ZCU_B15_5	RESET
rn_B15_34	SMT	208009.7352	57291.66667	ZCU_B14_8	STOP
rn_B15_35	SMT	223134.1446	15625	ZCU_B15_11	RESET
rn_B15_36	SMT	228437.5089	15625	ZCU_B16_2	STOP
rn_B15_4	SMT	214828.3465	16875	ZCU_B15_2	RESET
rn_B15_5	SMT	214828.3465	28125	ZCU_B15_3	STOP
rn_B15_6	SMT	214828.3465	29375	ZCU_B15_3	RESET
rn_B15_7	SMT	214828.3465	43541.66667	ZCU_B15_4	STOP
rn_B15_8	SMT	214828.3465	44791.66667	ZCU_B15_4	RESET
rn_B15_9	SMT	214828.3465	56041.66667	ZCU_B15_5	STOP
rn_B16_1	SMT	229952.7559	5208.333333	ZCU_B16_1	NONE
rn_B16_10	SMT	229952.7559	57291.66667	ZCU_B16_5	RESET
rn_B16_11	SMT	229952.7559	66458.33333	ZCU_B16_6	STOP
rn_B16_12	SMT	229952.7559	67708.33333	ZCU_B16_6	NONE
rn_B16_13	SMT	231804.7244	67708.33333	ZCU_B16_6	RESET
rn_B16_14	SMT	234891.3386	67708.33333	ZCU_B16_7	STOP
rn_B16_15	SMT	236743.3071	67708.33333	ZCU_B16_7	NONE
rn_B16_16	SMT	236743.3071	66458.33333	ZCU_B16_7	RESET
rn_B16_17	SMT	236743.3071	57291.66667	ZCU_B16_8	STOP
rn_B16_18	SMT	236743.3071	56041.66667	ZCU_B16_8	RESET
rn_B16_19	SMT	236743.3071	44791.66667	ZCU_B16_9	STOP
rn_B16_2	SMT	229952.7559	6458.333333	ZCU_B16_1	RESET
rn_B16_20	SMT	236743.3071	43541.66667	ZCU_B16_9	RESET
rn_B16_21	SMT	236743.3071	29375	ZCU_B16_10	STOP
rn_B16_22	SMT	236743.3071	28125	ZCU_B16_10	RESET
rn_B16_23	SMT	236743.3071	16875	ZCU_B16_11	STOP
rn_B16_24	SMT	236743.3071	15625	ZCU_B16_11	RESET
rn_B16_25	SMT	236743.3071	6458.333333	ZCU_B16_12	STOP
rn_B16_26	SMT	236743.3071	5208.333333	ZCU_B16_12	NONE
rn_B16_27	SMT	234891.3386	5208.333333	ZCU_B16_12	RESET
rn_B16_28	SMT	231804.7244	5208.333333	ZCU_B16_1	STOP
rn_B16_29	SMT	231804.7244	29375	ZCU_B16_3	RESET
rn_B16_3	SMT	229952.7559	15625	ZCU_B16_2	STOP
rn_B16_30	SMT	234891.3386	29375	ZCU_B16_10	STOP
rn_B16_31	SMT	234891.3386	43541.66667	ZCU_B16_9	RESET
rn_B16_32	SMT	231804.7244	43541.66667	ZCU_B16_4	STOP
rn_B16_33	SMT	228437.5089	57291.66667	ZCU_B16_5	RESET
rn_B16_34	SMT	223134.1446	57291.66667	ZCU_B15_8	STOP
rn_B16_35	SMT	238258.5541	15625	ZCU_B16_11	RESET
rn_B16_36	SMT	243561.9184	15625	ZCU_B17_2	STOP
rn_B16_4	SMT	229952.7559	16875	ZCU_B16_2	RESET
rn_B16_5	SMT	229952.7559	28125	ZCU_B16_3	STOP
rn_B16_6	SMT	229952.7559	29375	ZCU_B16_3	RESET
rn_B16_7	SMT	229952.7559	43541.66667	ZCU_B16_4	STOP
rn_B16_8	SMT	229952.7559	44791.66667	ZCU_B16_4	RESET
rn_B16_9	SMT	229952.7559	56041.66667	ZCU_B16_5	STOP
rn_B17_1	SMT	245077.1654	5208.333333	ZCU_B17_1	NONE
rn_B17_10	SMT	245077.1654	57291.66667	ZCU_B17_5	RESET
rn_B17_11	SMT	245077.1654	66458.33333	ZCU_B17_6	STOP
rn_B17_12	SMT	245077.1654	67708.33333	ZCU_B17_6	NONE
rn_B17_13	SMT	246929.1339	67708.33333	ZCU_B17_6	RESET
rn_B17_14	SMT	250015.748	67708.33333	ZCU_B17_7	STOP
rn_B17_15	SMT	251867.7165	67708.33333	ZCU_B17_7	NONE
rn_B17_16	SMT	251867.7165	66458.33333	ZCU_B17_7	RESET
rn_B17_17	SMT	251867.7165	57291.66667	ZCU_B17_8	STOP
rn_B17_18	SMT	251867.7165	56041.66667	ZCU_B17_8	RESET
rn_B17_19	SMT	251867.7165	44791.66667	ZCU_B17_9	STOP
rn_B17_2	SMT	245077.1654	6458.333333	ZCU_B17_1	RESET
rn_B17_20	SMT	251867.7165	43541.66667	ZCU_B17_9	RESET
rn_B17_21	SMT	251867.7165	29375	ZCU_B17_10	STOP
rn_B17_22	SMT	251867.7165	28125	ZCU_B17_10	RESET
rn_B17_23	SMT	251867.7165	16875	ZCU_B17_11	STOP
rn_B17_24	SMT	251867.7165	15625	ZCU_B17_11	RESET
rn_B17_25	SMT	251867.7165	6458.333333	ZCU_B17_12	STOP
rn_B17_26	SMT	251867.7165	5208.333333	ZCU_B17_12	NONE
rn_B17_27	SMT	250015.748	5208.333333	ZCU_B17_12	RESET
rn_B17_28	SMT	246929.1339	5208.333333	ZCU_B17_1	STOP
rn_B17_29	SMT	246929.1339	29375	ZCU_B17_3	RESET
rn_B17_3	SMT	245077.1654	15625	ZCU_B17_2	STOP
rn_B17_30	SMT	250015.748	29375	ZCU_B17_10	STOP
rn_B17_31	SMT	250015.748	43541.66667	ZCU_B17_9	RESET
rn_B17_32	SMT	246929.1339	43541.66667	ZCU_B17_4	STOP
rn_B17_33	SMT	243561.9184	57291.66667	ZCU_B17_5	RESET
rn_B17_34	SMT	238258.5541	57291.66667	ZCU_B16_8	STOP
rn_B17_35	SMT	253382.9635	15625	ZCU_B17_11	RESET
rn_B17_36	SMT	258686.3278	15625	ZCU_B18_2	STOP
rn_B17_4	SMT	245077.1654	16875	ZCU_B17_2	RESET
rn_B17_5	SMT	245077.1654	28125	ZCU_B17_3	STOP
rn_B17_6	SMT	245077.1654	29375	ZCU_B17_3	RESET
rn_B17_7	SMT	245077.1654	43541.66667	ZCU_B17_4	STOP
rn_B17_8	SMT	245077.1654	44791.66667	ZCU_B17_4	RESET
rn_B17_9	SMT	245077.1654	56041.66667	ZCU_B17_5	STOP
rn_B18_1	SMT	260201.5748	5208.333333	ZCU_B18_1	NONE
rn_B18_10	SMT	260201.5748	57291.66667	ZCU_B18_5	RESET
rn_B18_11	SMT	260201.5748	66458.33333	ZCU_B18_6	STOP
rn_B18_12	SMT	260201.5748	67708.33333	ZCU_B18_6	NONE
rn_B18_13	SMT	262053.5433	67708.33333	ZCU_B18_6	RESET
rn_B18_14	SMT	265140.1574	67708.33333	ZCU_B18_7	STOP
rn_B18_15	SMT	266992.1259	67708.33333	ZCU_B18_7	NONE
rn_B18_16	SMT	266992.1259	66458.33333	ZCU_B18_7	RESET
rn_B18_17	SMT	266992.1259	57291.66667	ZCU_B18_8	STOP
rn_B18_18	SMT	266992.1259	56041.66667	ZCU_B18_8	RESET
rn_B18_19	SMT	266992.1259	44791.66667	ZCU_B18_9	STOP
rn_B18_2	SMT	260201.5748	6458.333333	ZCU_B18_1	RESET
rn_B18_20	SMT	266992.1259	43541.66667	ZCU_B18_9	RESET
rn_B18_21	SMT	266992.1259	29375	ZCU_B18_10	STOP
rn_B18_22	SMT	266992.1259	28125	ZCU_B18_10	RESET
rn_B18_23	SMT	266992.1259	16875	ZCU_B18_11	STOP
rn_B18_24	SMT	266992.1259	15625	ZCU_B18_11	RESET
rn_B18_25	SMT	266992.1259	6458.333333	ZCU_B18_12	STOP
rn_B18_26	SMT	266992.1259	5208.333333	ZCU_B18_12	NONE
rn_B18_27	SMT	265140.1574	5208.333333	ZCU_B18_12	RESET
rn_B18_28	SMT	262053.5433	5208.333333	ZCU_B18_1	STOP
rn_B18_29	SMT	262053.5433	29375	ZCU_B18_3	RESET
rn_B18_3	SMT	260201.5748	15625	ZCU_B18_2	STOP
rn_B18_30	SMT	265140.1574	29375	ZCU_B18_10	STOP
rn_B18_31	SMT	265140.1574	43541.66667	ZCU_B18_9	RESET
rn_B18_32	SMT	262053.5433	43541.66667	ZCU_B18_4	STOP
rn_B18_33	SMT	258686.3278	57291.66667	ZCU_B18_5	RESET
rn_B18_34	SMT	253382.9635	57291.66667	ZCU_B17_8	STOP
rn_B18_35	SMT	268507.3729	15625	ZCU_B18_11	RESET
rn_B18_36	SMT	273810.7372	15625	ZCU_B19_2	STOP
rn_B18_4	SMT	260201.5748	16875	ZCU_B18_2	RESET
rn_B18_5	SMT	260201.5748	28125	ZCU_B18_3	STOP
rn_B18_6	SMT	260201.5748	29375	ZCU_B18_3	RESET
rn_B18_7	SMT	260201.5748	43541.66667	ZCU_B18_4	STOP
rn_B18_8	SMT	260201.5748	44791.66667	ZCU_B18_4	RESET
rn_B18_9	SMT	260201.5748	56041.66667	ZCU_B18_5	STOP
rn_B19_1	SMT	275325.9842	5208.333333	ZCU_B19_1	NONE
rn_B19_10	SMT	275325.9842	57291.66667	ZCU_B19_5	RESET
rn_B19_11	SMT	275325.9842	66458.33333	ZCU_B19_6	STOP
rn_B19_12	SMT	275325.9842	67708.33333	ZCU_B19_6	NONE
rn_B19_13	SMT	277177.9527	67708.33333	ZCU_B19_6	RESET
rn_B19_14	SMT	280264.567	67708.33333	ZCU_B19_7	STOP
rn_B19_15	SMT	282116.5355	67708.33333	ZCU_B19_7	NONE
rn_B19_16	SMT	282116.5355	66458.33333	ZCU_B19_7	RESET
rn_B19_17	SMT	282116.5355	57291.66667	ZCU_B19_8	STOP
rn_B19_18	SMT	282116.5355	56041.66667	ZCU_B19_8	RESET
rn_B19_19	SMT	282116.5355	44791.66667	ZCU_B19_9	STOP
rn_B19_2	SMT	275325.9842	6458.333333	ZCU_B19_1	RESET
rn_B19_20	SMT	282116.5355	43541.66667	ZCU_B19_9	RESET
rn_B19_21	SMT	282116.5355	29375	ZCU_B19_10	STOP
rn_B19_22	SMT	282116.5355	28125	ZCU_B19_10	RESET
rn_B19_23	SMT	282116.5355	16875	ZCU_B19_11	STOP
rn_B19_24	SMT	282116.5355	15625	ZCU_B19_11	RESET
rn_B19_25	SMT	282116.5355	6458.333333	ZCU_B19_12	STOP
rn_B19_26	SMT	282116.5355	5208.333333	ZCU_B19_12	NONE
rn_B19_27	SMT	280264.567	5208.333333	ZCU_B19_12	RESET
rn_B19_28	SMT	277177.9527	5208.333333	ZCU_B19_1	STOP
rn_B19_29	SMT	277177.9527	29375	ZCU_B19_3	RESET
rn_B19_3	SMT	275325.9842	15625	ZCU_B19_2	STOP
rn_B19_30	SMT	280264.567	29375	ZCU_B19_10	STOP
rn_B19_31	SMT	280264.567	43541.66667	ZCU_B19_9	RESET
rn_B19_32	SMT	277177.9527	43541.66667	ZCU_B19_4	STOP
rn_B19_33	SMT	273810.7372	57291.66667	ZCU_B19_5	RESET
rn_B19_34	SMT	268507.3729	57291.66667	ZCU_B18_8	STOP
rn_B19_35	SMT	283631.7824	15625	ZCU_B19_11	RESET
rn_B19_36	SMT	288935.1468	15625	ZCU_B20_2	STOP
rn_B19_4	SMT	275325.9842	16875	ZCU_B19_2	RESET
rn_B19_5	SMT	275325.9842	28125	ZCU_B19_3	STOP
rn_B19_6	SMT	275325.9842	29375	ZCU_B19_3	RESET
rn_B19_7	SMT	275325.9842	43541.66667	ZCU_B19_4	STOP
rn_B19_8	SMT	275325.9842	44791.66667	ZCU_B19_4	RESET
rn_B19_9	SMT	275325.9842	56041.66667	ZCU_B19_5	STOP
rn_B1_1	SMT	3086.614173	5208.333333	ZCU_B1_1	NONE
rn_B1_10	SMT	3086.614173	57291.66667	ZCU_B1_5	RESET
rn_B1_11	SMT	3086.614173	66458.33333	ZCU_B1_6	STOP
rn_B1_12	SMT	3086.614173	67708.33333	ZCU_B1_6	NONE
rn_B1_13	SMT	4938.582677	67708.33333	ZCU_B1_6	RESET
rn_B1_14	SMT	8025.196851	67708.33333	ZCU_B1_7	STOP
rn_B1_15	SMT	9877.165355	67708.33333	ZCU_B1_7	NONE
rn_B1_16	SMT	9877.165355	66458.33333	ZCU_B1_7	RESET
rn_B1_17	SMT	9877.165355	57291.66667	ZCU_B1_8	STOP
rn_B1_18	SMT	9877.165355	56041.66667	ZCU_B1_8	RESET
rn_B1_19	SMT	9877.165355	44791.66667	ZCU_B1_9	STOP
rn_B1_2	SMT	3086.614173	6458.333333	ZCU_B1_1	RESET
rn_B1_20	SMT	9877.165355	43541.66667	ZCU_B1_9	RESET
rn_B1_21	SMT	9877.165355	29375	ZCU_B1_10	STOP
rn_B1_22	SMT	9877.165355	28125	ZCU_B1_10	RESET
rn_B1_23	SMT	9877.165355	16875	ZCU_B1_11	STOP
rn_B1_24	SMT	9877.165355	15625	ZCU_B1_11	RESET
rn_B1_25	SMT	9877.165355	6458.333333	ZCU_B1_12	STOP
rn_B1_26	SMT	9877.165355	5208.333333	ZCU_B1_12	NONE
rn_B1_27	SMT	8025.196851	5208.333333	ZCU_B1_12	RESET
rn_B1_28	SMT	4938.582677	5208.333333	ZCU_B1_1	STOP
rn_B1_29	SMT	4938.582677	29375	ZCU_B1_3	RESET
rn_B1_3	SMT	3086.614173	15625	ZCU_B1_2	STOP
rn_B1_30	SMT	8025.196851	29375	ZCU_B1_10	STOP
rn_B1_31	SMT	8025.196851	43541.66667	ZCU_B1_9	RESET
rn_B1_32	SMT	4938.582677	43541.66667	ZCU_B1_4	STOP
rn_B1_33	SMT	11392.41231	15625	ZCU_B1_11	RESET
rn_B1_34	SMT	16695.77667	15625	ZCU_B2_2	STOP
rn_B1_4	SMT	3086.614173	16875	ZCU_B1_2	RESET
rn_B1_5	SMT	3086.614173	28125	ZCU_B1_3	STOP
rn_B1_6	SMT	3086.614173	29375	ZCU_B1_3	RESET
rn_B1_7	SMT	3086.614173	43541.66667	ZCU_B1_4	STOP
rn_B1_8	SMT	3086.614173	44791.66667	ZCU_B1_4	RESET
rn_B1_9	SMT	3086.614173	56041.66667	ZCU_B1_5	STOP
rn_B20_1	SMT	290450.3937	5208.333333	ZCU_B20_1	NONE
rn_B20_10	SMT	290450.3937	57291.66667	ZCU_B20_5	RESET
rn_B20_11	SMT	290450.3937	66458.33333	ZCU_B20_6	STOP
rn_B20_12	SMT	290450.3937	67708.33333	ZCU_B20_6	NONE
rn_B20_13	SMT	292302.3622	67708.33333	ZCU_B20_6	RESET
rn_B20_14	SMT	295388.9764	67708.33333	ZCU_B20_7	STOP
rn_B20_15	SMT	297240.9449	67708.33333	ZCU_B20_7	NONE
rn_B20_16	SMT	297240.9449	66458.33333	ZCU_B20_7	RESET
rn_B20_17	SMT	297240.9449	57291.66667	ZCU_B20_8	STOP
rn_B20_18	SMT	297240.9449	56041.66667	ZCU_B20_8	RESET
rn_B20_19	SMT	297240.9449	44791.66667	ZCU_B20_9	STOP
rn_B20_2	SMT	290450.3937	6458.333333	ZCU_B20_1	RESET
rn_B20_20	SMT	297240.9449	43541.66667	ZCU_B20_9	RESET
rn_B20_21	SMT	297240.9449	29375	ZCU_B20_10	STOP
rn_B20_22	SMT	297240.9449	28125	ZCU_B20_10	RESET
rn_B20_23	SMT	297240.9449	16875	ZCU_B20_11	STOP
rn_B20_24	SMT	297240.9449	15625	ZCU_B20_11	RESET
rn_B20_25	SMT	297240.9449	6458.333333	ZCU_B20_12	STOP
rn_B20_26	SMT	297240.9449	5208.333333	ZCU_B20_12	NONE
rn_B20_27	SMT	295388.9764	5208.333333	ZCU_B20_12	RESET
rn_B20_28	SMT	292302.3622	5208.333333	ZCU_B20_1	STOP
rn_B20_29	SMT	292302.3622	29375	ZCU_B20_3	RESET
rn_B20_3	SMT	290450.3937	15625	ZCU_B20_2	STOP
rn_B20_30	SMT	295388.9764	29375	ZCU_B20_10	STOP
rn_B20_31	SMT	295388.9764	43541.66667	ZCU_B20_9	RESET
rn_B20_32	SMT	292302.3622	43541.66667	ZCU_B20_4	STOP
rn_B20_33	SMT	288935.1468	57291.66667	ZCU_B20_5	RESET
rn_B20_34	SMT	283631.7824	57291.66667	ZCU_B19_8	STOP
rn_B20_4	SMT	290450.3937	16875	ZCU_B20_2	RESET
rn_B20_5	SMT	290450.3937	28125	ZCU_B20_3	STOP
rn_B20_6	SMT	290450.3937	29375	ZCU_B20_3	RESET
rn_B20_7	SMT	290450.3937	43541.66667	ZCU_B20_4	STOP
rn_B20_8	SMT	290450.3937	44791.66667	ZCU_B20_4	RESET
rn_B20_9	SMT	290450.3937	56041.66667	ZCU_B20_5	STOP
rn_B2_1	SMT	18211.02363	5208.333333	ZCU_B2_1	NONE
rn_B2_10	SMT	18211.02363	57291.66667	ZCU_B2_5	RESET
rn_B2_11	SMT	18211.02363	66458.33333	ZCU_B2_6	STOP
rn_B2_12	SMT	18211.02363	67708.33333	ZCU_B2_6	NONE
rn_B2_13	SMT	20062.99213	67708.33333	ZCU_B2_6	RESET
rn_B2_14	SMT	23149.6063	67708.33333	ZCU_B2_7	STOP
rn_B2_15	SMT	25001.5748	67708.33333	ZCU_B2_7	NONE
rn_B2_16	SMT	25001.5748	66458.33333	ZCU_B2_7	RESET
rn_B2_17	SMT	25001.5748	57291.66667	ZCU_B2_8	STOP
rn_B2_18	SMT	25001.5748	56041.66667	ZCU_B2_8	RESET
rn_B2_19	SMT	25001.5748	44791.66667	ZCU_B2_9	STOP
rn_B2_2	SMT	18211.02363	6458.333333	ZCU_B2_1	RESET
rn_B2_20	SMT	25001.5748	43541.66667	ZCU_B2_9	RESET
rn_B2_21	SMT	25001.5748	29375	ZCU_B2_10	STOP
rn_B2_22	SMT	25001.5748	28125	ZCU_B2_10	RESET
rn_B2_23	SMT	25001.5748	16875	ZCU_B2_11	STOP
rn_B2_24	SMT	25001.5748	15625	ZCU_B2_11	RESET
rn_B2_25	SMT	25001.5748	6458.333333	ZCU_B2_12	STOP
rn_B2_26	SMT	25001.5748	5208.333333	ZCU_B2_12	NONE
rn_B2_27	SMT	23149.6063	5208.333333	ZCU_B2_12	RESET
rn_B2_28	SMT	20062.99213	5208.333333	ZCU_B2_1	STOP
rn_B2_29	SMT	20062.99213	29375	ZCU_B2_3	RESET
rn_B2_3	SMT	18211.02363	15625	ZCU_B2_2	STOP
rn_B2_30	SMT	23149.6063	29375	ZCU_B2_10	STOP
rn_B2_31	SMT	23149.6063	43541.66667	ZCU_B2_9	RESET
rn_B2_32	SMT	20062.99213	43541.66667	ZCU_B2_4	STOP
rn_B2_33	SMT	16695.77667	57291.66667	ZCU_B2_5	RESET
rn_B2_34	SMT	11392.41231	57291.66667	ZCU_B1_8	STOP
rn_B2_35	SMT	26516.82176	15625	ZCU_B2_11	RESET
rn_B2_36	SMT	31820.18611	15625	ZCU_B3_2	STOP
rn_B2_4	SMT	18211.02363	16875	ZCU_B2_2	RESET
rn_B2_5	SMT	18211.02363	28125	ZCU_B2_3	STOP
rn_B2_6	SMT	18211.02363	29375	ZCU_B2_3	RESET
rn_B2_7	SMT	18211.02363	43541.66667	ZCU_B2_4	STOP
rn_B2_8	SMT	18211.02363	44791.66667	ZCU_B2_4	RESET
rn_B2_9	SMT	18211.02363	56041.66667	ZCU_B2_5	STOP
rn_B3_1	SMT	33335.43307	5208.333333	ZCU_B3_1	NONE
rn_B3_10	SMT	33335.43307	57291.66667	ZCU_B3_5	RESET
rn_B3_11	SMT	33335.43307	66458.33333	ZCU_B3_6	STOP
rn_B3_12	SMT	33335.43307	67708.33333	ZCU_B3_6	NONE
rn_B3_13	SMT	35187.40157	67708.33333	ZCU_B3_6	RESET
rn_B3_14	SMT	38274.01574	67708.33333	ZCU_B3_7	STOP
rn_B3_15	SMT	40125.98425	67708.33333	ZCU_B3_7	NONE
rn_B3_16	SMT	40125.98425	66458.33333	ZCU_B3_7	RESET
rn_B3_17	SMT	40125.98425	57291.66667	ZCU_B3_8	STOP
rn_B3_18	SMT	40125.98425	56041.66667	ZCU_B3_8	RESET
rn_B3_19	SMT	40125.98425	44791.66667	ZCU_B3_9	STOP
rn_B3_2	SMT	33335.43307	6458.333333	ZCU_B3_1	RESET
rn_B3_20	SMT	40125.98425	43541.66667	ZCU_B3_9	RESET
rn_B3_21	SMT	40125.98425	29375	ZCU_B3_10	STOP
rn_B3_22	SMT	40125.98425	28125	ZCU_B3_10	RESET
rn_B3_23	SMT	40125.98425	16875	ZCU_B3_11	STOP
rn_B3_24	SMT	40125.98425	15625	ZCU_B3_11	RESET
rn_B3_25	SMT	40125.98425	6458.333333	ZCU_B3_12	STOP
rn_B3_26	SMT	40125.98425	5208.333333	ZCU_B3_12	NONE
rn_B3_27	SMT	38274.01574	5208.333333	ZCU_B3_12	RESET
rn_B3_28	SMT	35187.40157	5208.333333	ZCU_B3_1	STOP
rn_B3_29	SMT	35187.40157	29375	ZCU_B3_3	RESET
rn_B3_3	SMT	33335.43307	15625	ZCU_B3_2	STOP
rn_B3_30	SMT	38274.01574	29375	ZCU_B3_10	STOP
rn_B3_31	SMT	38274.01574	43541.66667	ZCU_B3_9	RESET
rn_B3_32	SMT	35187.40157	43541.66667	ZCU_B3_4	STOP
rn_B3_33	SMT	31820.18611	57291.66667	ZCU_B3_5	RESET
rn_B3_34	SMT	26516.82176	57291.66667	ZCU_B2_8	STOP
rn_B3_35	SMT	41641.2312	15625	ZCU_B3_11	RESET
rn_B3_36	SMT	46944.59556	15625	ZCU_B4_2	STOP
rn_B3_4	SMT	33335.43307	16875	ZCU_B3_2	RESET
rn_B3_5	SMT	33335.43307	28125	ZCU_B3_3	STOP
rn_B3_6	SMT	33335.43307	29375	ZCU_B3_3	RESET
rn_B3_7	SMT	33335.43307	43541.66667	ZCU_B3_4	STOP
rn_B3_8	SMT	33335.43307	44791.66667	ZCU_B3_4	RESET
rn_B3_9	SMT	33335.43307	56041.66667	ZCU_B3_5	STOP
rn_B4_1	SMT	48459.84252	5208.333333	ZCU_B4_1	NONE
rn_B4_10	SMT	48459.84252	57291.66667	ZCU_B4_5	RESET
rn_B4_11	SMT	48459.84252	66458.33333	ZCU_B4_6	STOP
rn_B4_12	SMT	48459.84252	67708.33333	ZCU_B4_6	NONE
rn_B4_13	SMT	50311.81102	67708.33333	ZCU_B4_6	RESET
rn_B4_14	SMT	53398.4252	67708.33333	ZCU_B4_7	STOP
rn_B4_15	SMT	55250.3937	67708.33333	ZCU_B4_7	NONE
rn_B4_16	SMT	55250.3937	66458.33333	ZCU_B4_7	RESET
rn_B4_17	SMT	55250.3937	57291.66667	ZCU_B4_8	STOP
rn_B4_18	SMT	55250.3937	56041.66667	ZCU_B4_8	RESET
rn_B4_19	SMT	55250.3937	44791.66667	ZCU_B4_9	STOP
rn_B4_2	SMT	48459.84252	6458.333333	ZCU_B4_1	RESET
rn_B4_20	SMT	55250.3937	43541.66667	ZCU_B4_9	RESET
rn_B4_21	SMT	55250.3937	29375	ZCU_B4_10	STOP
rn_B4_22	SMT	55250.3937	28125	ZCU_B4_10	RESET
rn_B4_23	SMT	55250.3937	16875	ZCU_B4_11	STOP
rn_B4_24	SMT	55250.3937	15625	ZCU_B4_11	RESET
rn_B4_25	SMT	55250.3937	6458.333333	ZCU_B4_12	STOP
rn_B4_26	SMT	55250.3937	5208.333333	ZCU_B4_12	NONE
rn_B4_27	SMT	53398.4252	5208.333333	ZCU_B4_12	RESET
rn_B4_28	SMT	50311.81102	5208.333333	ZCU_B4_1	STOP
rn_B4_29	SMT	50311.81102	29375	ZCU_B4_3	RESET
rn_B4_3	SMT	48459.84252	15625	ZCU_B4_2	STOP
rn_B4_30	SMT	53398.4252	29375	ZCU_B4_10	STOP
rn_B4_31	SMT	53398.4252	43541.66667	ZCU_B4_9	RESET
rn_B4_32	SMT	50311.81102	43541.66667	ZCU_B4_4	STOP
rn_B4_33	SMT	46944.59556	57291.66667	ZCU_B4_5	RESET
rn_B4_34	SMT	41641.2312	57291.66667	ZCU_B3_8	STOP
rn_B4_35	SMT	56765.64066	15625	ZCU_B4_11	RESET
rn_B4_36	SMT	62069.00502	15625	ZCU_B5_2	STOP
rn_B4_4	SMT	48459.84252	16875	ZCU_B4_2	RESET
rn_B4_5	SMT	48459.84252	28125	ZCU_B4_3	STOP
rn_B4_6	SMT	48459.84252	29375	ZCU_B4_3	RESET
rn_B4_7	SMT	48459.84252	43541.66667	ZCU_B4_4	STOP
rn_B4_8	SMT	48459.84252	44791.66667	ZCU_B4_4	RESET
rn_B4_9	SMT	48459.84252	56041.66667	ZCU_B4_5	STOP
rn_B5_1	SMT	63584.25197	5208.333333	ZCU_B5_1	NONE
rn_B5_10	SMT	63584.25197	57291.66667	ZCU_B5_5	RESET
rn_B5_11	SMT	63584.25197	66458.33333	ZCU_B5_6	STOP
rn_B5_12	SMT	63584.25197	67708.33333	ZCU_B5_6	NONE
rn_B5_13	SMT	65436.22048	67708.33333	ZCU_B5_6	RESET
rn_B5_14	SMT	68522.83465	67708.33333	ZCU_B5_7	STOP
rn_B5_15	SMT	70374.80315	67708.33333	ZCU_B5_7	NONE
rn_B5_16	SMT	70374.80315	66458.33333	ZCU_B5_7	RESET
rn_B5_17	SMT	70374.80315	57291.66667	ZCU_B5_8	STOP
rn_B5_18	SMT	70374.80315	56041.66667	ZCU_B5_8	RESET
rn_B5_19	SMT	70374.80315	44791.66667	ZCU_B5_9	STOP
rn_B5_2	SMT	63584.25197	6458.333333	ZCU_B5_1	RESET
rn_B5_20	SMT	70374.80315	43541.66667	ZCU_B5_9	RESET
rn_B5_21	SMT	70374.80315	29375	ZCU_B5_10	STOP
rn_B5_22	SMT	70374.80315	28125	ZCU_B5_10	RESET
rn_B5_23	SMT	70374.80315	16875	ZCU_B5_11	STOP
rn_B5_24	SMT	70374.80315	15625	ZCU_B5_11	RESET
rn_B5_25	SMT	70374.80315	6458.333333	ZCU_B5_12	STOP
rn_B5_26	SMT	70374.80315	5208.333333	ZCU_B5_12	NONE
rn_B5_27	SMT	68522.83465	5208.333333	ZCU_B5_12	RESET
rn_B5_28	SMT	65436.22048	5208.333333	ZCU_B5_1	STOP
rn_B5_29	SMT	65436.22048	29375	ZCU_B5_3	RESET
rn_B5_3	SMT	63584.25197	15625	ZCU_B5_2	STOP
rn_B5_30	SMT	68522.83465	29375	ZCU_B5_10	STOP
rn_B5_31	SMT	68522.83465	43541.66667	ZCU_B5_9	RESET
rn_B5_32	SMT	65436.22048	43541.66667	ZCU_B5_4	STOP
rn_B5_33	SMT	62069.00502	57291.66667	ZCU_B5_5	RESET
rn_B5_34	SMT	56765.64066	57291.66667	ZCU_B4_8	STOP
rn_B5_35	SMT	71890.05011	15625	ZCU_B5_11	RESET
rn_B5_36	SMT	77193.41446	15625	ZCU_B6_2	STOP
rn_B5_4	SMT	63584.25197	16875	ZCU_B5_2	RESET
rn_B5_5	SMT	63584.25197	28125	ZCU_B5_3	STOP
rn_B5_6	SMT	63584.25197	29375	ZCU_B5_3	RESET
rn_B5_7	SMT	63584.25197	43541.66667	ZCU_B5_4	STOP
rn_B5_8	SMT	63584.25197	44791.66667	ZCU_B5_4	RESET
rn_B5_9	SMT	63584.25197	56041.66667	ZCU_B5_5	STOP
rn_B6_1	SMT	78708.66142	5208.333333	ZCU_B6_1	NONE
rn_B6_10	SMT	78708.66142	57291.66667	ZCU_B6_5	RESET
rn_B6_11	SMT	78708.66142	66458.33333	ZCU_B6_6	STOP
rn_B6_12	SMT	78708.66142	67708.33333	ZCU_B6_6	NONE
rn_B6_13	SMT	80560.62992	67708.33333	ZCU_B6_6	RESET
rn_B6_14	SMT	83647.24409	67708.33333	ZCU_B6_7	STOP
rn_B6_15	SMT	85499.21259	67708.33333	ZCU_B6_7	NONE
rn_B6_16	SMT	85499.21259	66458.33333	ZCU_B6_7	RESET
rn_B6_17	SMT	85499.21259	57291.66667	ZCU_B6_8	STOP
rn_B6_18	SMT	85499.21259	56041.66667	ZCU_B6_8	RESET
rn_B6_19	SMT	85499.21259	44791.66667	ZCU_B6_9	STOP
rn_B6_2	SMT	78708.66142	6458.333333	ZCU_B6_1	RESET
rn_B6_20	SMT	85499.21259	43541.66667	ZCU_B6_9	RESET
rn_B6_21	SMT	85499.21259	29375	ZCU_B6_10	STOP
rn_B6_22	SMT	85499.21259	28125	ZCU_B6_10	RESET
rn_B6_23	SMT	85499.21259	16875	ZCU_B6_11	STOP
rn_B6_24	SMT	85499.21259	15625	ZCU_B6_11	RESET
rn_B6_25	SMT	85499.21259	6458.333333	ZCU_B6_12	STOP
rn_B6_26	SMT	85499.21259	5208.333333	ZCU_B6_12	NONE
rn_B6_27	SMT	83647.24409	5208.333333	ZCU_B6_12	RESET
rn_B6_28	SMT	80560.62992	5208.333333	ZCU_B6_1	STOP
rn_B6_29	SMT	80560.62992	29375	ZCU_B6_3	RESET
rn_B6_3	SMT	78708.66142	15625	ZCU_B6_2	STOP
rn_B6_30	SMT	83647.24409	29375	ZCU_B6_10	STOP
rn_B6_31	SMT	83647.24409	43541.66667	ZCU_B6_9	RESET
rn_B6_32	SMT	80560.62992	43541.66667	ZCU_B6_4	STOP
rn_B6_33	SMT	77193.41446	57291.66667	ZCU_B6_5	RESET
rn_B6_34	SMT	71890.05011	57291.66667	ZCU_B5_8	STOP
rn_B6_35	SMT	87014.45955	15625	ZCU_B6_11	RESET
rn_B6_36	SMT	92317.82391	15625	ZCU_B7_2	STOP
rn_B6_4	SMT	78708.66142	16875	ZCU_B6_2	RESET
rn_B6_5	SMT	78708.66142	28125	ZCU_B6_3	STOP
rn_B6_6	SMT	78708.66142	29375	ZCU_B6_3	RESET
rn_B6_7	SMT	78708.66142	43541.66667	ZCU_B6_4	STOP
rn_B6_8	SMT	78708.66142	44791.66667	ZCU_B6_4	RESET
rn_B6_9	SMT	78708.66142	56041.66667	ZCU_B6_5	STOP
rn_B7_1	SMT	93833.07086	5208.333333	ZCU_B7_1	NONE
rn_B7_10	SMT	93833.07086	57291.66667	ZCU_B7_5	RESET
rn_B7_11	SMT	93833.07086	66458.33333	ZCU_B7_6	STOP
rn_B7_12	SMT	93833.07086	67708.33333	ZCU_B7_6	NONE
rn_B7_13	SMT	95685.03937	67708.33333	ZCU_B7_6	RESET
rn_B7_14	SMT	98771.65355	67708.33333	ZCU_B7_7	STOP
rn_B7_15	SMT	100623.6221	67708.33333	ZCU_B7_7	NONE
rn_B7_16	SMT	100623.6221	66458.33333	ZCU_B7_7	RESET
rn_B7_17	SMT	100623.6221	57291.66667	ZCU_B7_8	STOP
rn_B7_18	SMT	100623.6221	56041.66667	ZCU_B7_8	RESET
rn_B7_19	SMT	100623.6221	44791.66667	ZCU_B7_9	STOP
rn_B7_2	SMT	93833.07086	6458.333333	ZCU_B7_1	RESET
rn_B7_20	SMT	100623.6221	43541.66667	ZCU_B7_9	RESET
rn_B7_21	SMT	100623.6221	29375	ZCU_B7_10	STOP
rn_B7_22	SMT	100623.6221	28125	ZCU_B7_10	RESET
rn_B7_23	SMT	100623.6221	16875	ZCU_B7_11	STOP
rn_B7_24	SMT	100623.6221	15625	ZCU_B7_11	RESET
rn_B7_25	SMT	100623.6221	6458.333333	ZCU_B7_12	STOP
rn_B7_26	SMT	100623.6221	5208.333333	ZCU_B7_12	NONE
rn_B7_27	SMT	98771.65355	5208.333333	ZCU_B7_12	RESET
rn_B7_28	SMT	95685.03937	5208.333333	ZCU_B7_1	STOP
rn_B7_29	SMT	95685.03937	29375	ZCU_B7_3	RESET
rn_B7_3	SMT	93833.07086	15625	ZCU_B7_2	STOP
rn_B7_30	SMT	98771.65355	29375	ZCU_B7_10	STOP
rn_B7_31	SMT	98771.65355	43541.66667	ZCU_B7_9	RESET
rn_B7_32	SMT	95685.03937	43541.66667	ZCU_B7_4	STOP
rn_B7_33	SMT	92317.82391	57291.66667	ZCU_B7_5	RESET
rn_B7_34	SMT	87014.45955	57291.66667	ZCU_B6_8	STOP
rn_B7_35	SMT	102138.869	15625	ZCU_B7_11	RESET
rn_B7_36	SMT	107442.2334	15625	ZCU_B8_2	STOP
rn_B7_4	SMT	93833.07086	16875	ZCU_B7_2	RESET
rn_B7_5	SMT	93833.07086	28125	ZCU_B7_3	STOP
rn_B7_6	SMT	93833.07086	29375	ZCU_B7_3	RESET
rn_B7_7	SMT	93833.07086	43541.66667	ZCU_B7_4	STOP
rn_B7_8	SMT	93833.07086	44791.66667	ZCU_B7_4	RESET
rn_B7_9	SMT	93833.07086	56041.66667	ZCU_B7_5	STOP
rn_B8_1	SMT	108957.4803	5208.333333	ZCU_B8_1	NONE
rn_B8_10	SMT	108957.4803	57291.66667	ZCU_B8_5	RESET
rn_B8_11	SMT	108957.4803	66458.33333	ZCU_B8_6	STOP
rn_B8_12	SMT	108957.4803	67708.33333	ZCU_B8_6	NONE
rn_B8_13	SMT	110809.4488	67708.33333	ZCU_B8_6	RESET
rn_B8_14	SMT	113896.063	67708.33333	ZCU_B8_7	STOP
rn_B8_15	SMT	115748.0315	67708.33333	ZCU_B8_7	NONE
rn_B8_16	SMT	115748.0315	66458.33333	ZCU_B8_7	RESET
rn_B8_17	SMT	115748.0315	57291.66667	ZCU_B8_8	STOP
rn_B8_18	SMT	115748.0315	56041.66667	ZCU_B8_8	RESET
rn_B8_19	SMT	115748.0315	44791.66667	ZCU_B8_9	STOP
rn_B8_2	SMT	108957.4803	6458.333333	ZCU_B8_1	RESET
rn_B8_20	SMT	115748.0315	43541.66667	ZCU_B8_9	RESET
rn_B8_21	SMT	115748.0315	29375	ZCU_B8_10	STOP
rn_B8_22	SMT	115748.0315	28125	ZCU_B8_10	RESET
rn_B8_23	SMT	115748.0315	16875	ZCU_B8_11	STOP
rn_B8_24	SMT	115748.0315	15625	ZCU_B8_11	RESET
rn_B8_25	SMT	115748.0315	6458.333333	ZCU_B8_12	STOP
rn_B8_26	SMT	115748.0315	5208.333333	ZCU_B8_12	NONE
rn_B8_27	SMT	113896.063	5208.333333	ZCU_B8_12	RESET
rn_B8_28	SMT	110809.4488	5208.333333	ZCU_B8_1	STOP
rn_B8_29	SMT	110809.4488	29375	ZCU_B8_3	RESET
rn_B8_3	SMT	108957.4803	15625	ZCU_B8_2	STOP
rn_B8_30	SMT	113896.063	29375	ZCU_B8_10	STOP
rn_B8_31	SMT	113896.063	43541.66667	ZCU_B8_9	RESET
rn_B8_32	SMT	110809.4488	43541.66667	ZCU_B8_4	STOP
rn_B8_33	SMT	107442.2334	57291.66667	ZCU_B8_5	RESET
rn_B8_34	SMT	102138.869	57291.66667	ZCU_B7_8	STOP
rn_B8_35	SMT	117263.2785	15625	ZCU_B8_11	RESET
rn_B8_36	SMT	122566.6428	15625	ZCU_B9_2	STOP
rn_B8_4	SMT	108957.4803	16875	ZCU_B8_2	RESET
rn_B8_5	SMT	108957.4803	28125	ZCU_B8_3	STOP
rn_B8_6	SMT	108957.4803	29375	ZCU_B8_3	RESET
rn_B8_7	SMT	108957.4803	43541.66667	ZCU_B8_4	STOP
rn_B8_8	SMT	108957.4803	44791.66667	ZCU_B8_4	RESET
rn_B8_9	SMT	108957.4803	56041.66667	ZCU_B8_5	STOP
rn_B9_1	SMT	124081.8898	5208.333333	ZCU_B9_1	NONE
rn_B9_10	SMT	124081.8898	57291.66667	ZCU_B9_5	RESET
rn_B9_11	SMT	124081.8898	66458.33333	ZCU_B9_6	STOP
rn_B9_12	SMT	124081.8898	67708.33333	ZCU_B9_6	NONE
rn_B9_13	SMT	125933.8583	67708.33333	ZCU_B9_6	RESET
rn_B9_14	SMT	129020.4724	67708.33333	ZCU_B9_7	STOP
rn_B9_15	SMT	130872.4409	67708.33333	ZCU_B9_7	NONE
rn_B9_16	SMT	130872.4409	66458.33333	ZCU_B9_7	RESET
rn_B9_17	SMT	130872.4409	57291.66667	ZCU_B9_8	STOP
rn_B9_18	SMT	130872.4409	56041.66667	ZCU_B9_8	RESET
rn_B9_19	SMT	130872.4409	44791.66667	ZCU_B9_9	STOP
rn_B9_2	SMT	124081.8898	6458.333333	ZCU_B9_1	RESET
rn_B9_20	SMT	130872.4409	43541.66667	ZCU_B9_9	RESET
rn_B9_21	SMT	130872.4409	29375	ZCU_B9_10	STOP
rn_B9_22	SMT	130872.4409	28125	ZCU_B9_10	RESET
rn_B9_23	SMT	130872.4409	16875	ZCU_B9_11	STOP
rn_B9_24	SMT	130872.4409	15625	ZCU_B9_11	RESET
rn_B9_25	SMT	130872.4409	6458.333333	ZCU_B9_12	STOP
rn_B9_26	SMT	130872.4409	5208.333333	ZCU_B9_12	NONE
rn_B9_27	SMT	129020.4724	5208.333333	ZCU_B9_12	RESET
rn_B9_28	SMT	125933.8583	5208.333333	ZCU_B9_1	STOP
rn_B9_29	SMT	125933.8583	29375	ZCU_B9_3	RESET
rn_B9_3	SMT	124081.8898	15625	ZCU_B9_2	STOP
rn_B9_30	SMT	129020.4724	29375	ZCU_B9_10	STOP
rn_B9_31	SMT	129020.4724	43541.66667	ZCU_B9_9	RESET
rn_B9_32	SMT	125933.8583	43541.66667	ZCU_B9_4	STOP
rn_B9_33	SMT	122566.6428	57291.66667	ZCU_B9_5	RESET
rn_B9_34	SMT	117263.2785	57291.66667	ZCU_B8_8	STOP
rn_B9_35	SMT	132387.6879	15625	ZCU_B9_11	RESET
rn_B9_36	SMT	137691.0522	15625	ZCU_B10_2	STOP
rn_B9_4	SMT	124081.8898	16875	ZCU_B9_2	RESET
rn_B9_5	SMT	124081.8898	28125	ZCU_B9_3	STOP
rn_B9_6	SMT	124081.8898	29375	ZCU_B9_3	RESET
rn_B9_7	SMT	124081.8898	43541.66667	ZCU_B9_4	STOP
rn_B9_8	SMT	124081.8898	44791.66667	ZCU_B9_4	RESET
rn_B9_9	SMT	124081.8898	56041.66667	ZCU_B9_5	STOP
rn_InterBay1_1	SMT	0	625	.	NONE
rn_InterBay1_10	SMT	252948.0315	4166.666667	ZCU_B17_12	RESET
rn_InterBay1_100	SMT	93833.07086	4166.666667	ZCU_B7_1	RESET
rn_InterBay1_101	SMT	72689.76378	0	ZCU_InterBay1_Under_9	RESET
rn_InterBay1_102	SMT	92752.75591	4166.666667	ZCU_B7_1	STOP
rn_InterBay1_103	SMT	91518.11023	4166.666667	ZCU_InterBay1_Over_12	RESET
rn_InterBay1_104	SMT	90499.52756	4166.666667	ZCU_InterBay1_Over_12	STOP
rn_InterBay1_105	SMT	88832.7559	4166.666667	ZCU_InterBay1_Over_11	RESET
rn_InterBay1_106	SMT	87814.17322	4166.666667	ZCU_InterBay1_Over_11	STOP
rn_InterBay1_107	SMT	86579.52756	4166.666667	ZCU_B6_12	RESET
rn_InterBay1_108	SMT	85499.21259	4166.666667	ZCU_B6_12	STOP
rn_InterBay1_109	SMT	78708.66142	4166.666667	ZCU_B6_1	RESET
rn_InterBay1_11	SMT	251867.7165	4166.666667	ZCU_B17_12	STOP
rn_InterBay1_110	SMT	77628.34645	4166.666667	ZCU_B6_1	STOP
rn_InterBay1_111	SMT	76393.70079	4166.666667	ZCU_InterBay1_Over_10	RESET
rn_InterBay1_112	SMT	925.984252	0	.	NONE
rn_InterBay1_113	SMT	73708.34646	0	ZCU_InterBay1_Under_9	STOP
rn_InterBay1_114	SMT	75375.11811	4166.666667	ZCU_InterBay1_Over_10	STOP
rn_InterBay1_115	SMT	73708.34646	4166.666667	ZCU_InterBay1_Over_9	RESET
rn_InterBay1_116	SMT	72689.76378	4166.666667	ZCU_InterBay1_Over_9	STOP
rn_InterBay1_117	SMT	71455.11811	4166.666667	ZCU_B5_12	RESET
rn_InterBay1_118	SMT	70374.80315	4166.666667	ZCU_B5_12	STOP
rn_InterBay1_119	SMT	63584.25197	4166.666667	ZCU_B5_1	RESET
rn_InterBay1_12	SMT	245077.1654	4166.666667	ZCU_B17_1	RESET
rn_InterBay1_120	SMT	62503.93701	4166.666667	ZCU_B5_1	STOP
rn_InterBay1_121	SMT	61269.29134	4166.666667	ZCU_InterBay1_Over_8	RESET
rn_InterBay1_122	SMT	60250.70867	4166.666667	ZCU_InterBay1_Over_8	STOP
rn_InterBay1_123	SMT	58583.93701	4166.666667	ZCU_InterBay1_Over_7	RESET
rn_InterBay1_124	SMT	75375.11811	0	ZCU_InterBay1_Under_10	RESET
rn_InterBay1_125	SMT	57565.35433	4166.666667	ZCU_InterBay1_Over_7	STOP
rn_InterBay1_126	SMT	56330.70866	4166.666667	ZCU_B4_12	RESET
rn_InterBay1_127	SMT	55250.3937	4166.666667	ZCU_B4_12	STOP
rn_InterBay1_128	SMT	48459.84252	4166.666667	ZCU_B4_1	RESET
rn_InterBay1_129	SMT	47379.52756	4166.666667	ZCU_B4_1	STOP
rn_InterBay1_13	SMT	42440.94488	0	ZCU_InterBay1_Under_5	RESET
rn_InterBay1_130	SMT	46144.88189	4166.666667	ZCU_InterBay1_Over_6	RESET
rn_InterBay1_131	SMT	45126.29921	4166.666667	ZCU_InterBay1_Over_6	STOP
rn_InterBay1_132	SMT	43459.52756	4166.666667	ZCU_InterBay1_Over_5	RESET
rn_InterBay1_133	SMT	42440.94488	4166.666667	ZCU_InterBay1_Over_5	STOP
rn_InterBay1_134	SMT	41206.29921	4166.666667	ZCU_B3_12	RESET
rn_InterBay1_135	SMT	76393.70079	0	ZCU_InterBay1_Under_10	STOP
rn_InterBay1_136	SMT	40125.98425	4166.666667	ZCU_B3_12	STOP
rn_InterBay1_137	SMT	33335.43307	4166.666667	ZCU_B3_1	RESET
rn_InterBay1_138	SMT	32255.11811	4166.666667	ZCU_B3_1	STOP
rn_InterBay1_139	SMT	31020.47244	4166.666667	ZCU_InterBay1_Over_4	RESET
rn_InterBay1_14	SMT	243996.8504	4166.666667	ZCU_B17_1	STOP
rn_InterBay1_140	SMT	30001.88976	4166.666667	ZCU_InterBay1_Over_4	STOP
rn_InterBay1_141	SMT	28335.11811	4166.666667	ZCU_InterBay1_Over_3	RESET
rn_InterBay1_142	SMT	27316.53543	4166.666667	ZCU_InterBay1_Over_3	STOP
rn_InterBay1_143	SMT	26081.88977	4166.666667	ZCU_B2_12	RESET
rn_InterBay1_144	SMT	25001.5748	4166.666667	ZCU_B2_12	STOP
rn_InterBay1_145	SMT	18211.02363	4166.666667	ZCU_B2_1	RESET
rn_InterBay1_146	SMT	87814.17322	0	ZCU_InterBay1_Under_11	RESET
rn_InterBay1_147	SMT	17130.70866	4166.666667	ZCU_B2_1	STOP
rn_InterBay1_148	SMT	15896.063	4166.666667	ZCU_InterBay1_Over_2	RESET
rn_InterBay1_149	SMT	14877.48032	4166.666667	ZCU_InterBay1_Over_2	STOP
rn_InterBay1_15	SMT	242762.2048	4166.666667	ZCU_InterBay1_Over_32	RESET
rn_InterBay1_150	SMT	13210.70867	4166.666667	ZCU_InterBay1_Over_1	RESET
rn_InterBay1_151	SMT	12192.12599	4166.666667	ZCU_InterBay1_Over_1	STOP
rn_InterBay1_152	SMT	10957.48031	4166.666667	ZCU_B1_12	RESET
rn_InterBay1_153	SMT	9877.165355	4166.666667	ZCU_B1_12	STOP
rn_InterBay1_154	SMT	3086.614173	4166.666667	ZCU_B1_1	RESET
rn_InterBay1_155	SMT	2006.299213	4166.666667	ZCU_B1_1	STOP
rn_InterBay1_156	SMT	925.984252	4166.666667	.	NONE
rn_InterBay1_157	SMT	88832.7559	0	ZCU_InterBay1_Under_11	STOP
rn_InterBay1_158	SMT	0	3541.666667	.	NONE
rn_InterBay1_159	SMT	4629.92126	1562.5	.	NONE
rn_InterBay1_16	SMT	241743.6221	4166.666667	ZCU_InterBay1_Over_32	STOP
rn_InterBay1_160	SMT	5401.574803	1041.666667	.	NONE
rn_InterBay1_161	SMT	12192.12599	1041.666667	ZCU_InterBay1_Under_1	RESET
rn_InterBay1_162	SMT	13210.70867	1041.666667	ZCU_InterBay1_Under_1	STOP
rn_InterBay1_163	SMT	14877.48032	1041.666667	ZCU_InterBay1_Under_2	RESET
rn_InterBay1_164	SMT	15896.063	1041.666667	ZCU_InterBay1_Under_2	STOP
rn_InterBay1_165	SMT	27316.53543	1041.666667	ZCU_InterBay1_Under_3	RESET
rn_InterBay1_166	SMT	90499.52756	0	ZCU_InterBay1_Under_12	RESET
rn_InterBay1_167	SMT	28335.11811	1041.666667	ZCU_InterBay1_Under_3	STOP
rn_InterBay1_168	SMT	30001.88976	1041.666667	ZCU_InterBay1_Under_4	RESET
rn_InterBay1_169	SMT	31020.47244	1041.666667	ZCU_InterBay1_Under_4	STOP
rn_InterBay1_17	SMT	240076.8504	4166.666667	ZCU_InterBay1_Over_31	RESET
rn_InterBay1_170	SMT	42440.94488	1041.666667	ZCU_InterBay1_Under_5	RESET
rn_InterBay1_171	SMT	43459.52756	1041.666667	ZCU_InterBay1_Under_5	STOP
rn_InterBay1_172	SMT	45126.29921	1041.666667	ZCU_InterBay1_Under_6	RESET
rn_InterBay1_173	SMT	46144.88189	1041.666667	ZCU_InterBay1_Under_6	STOP
rn_InterBay1_174	SMT	91518.11023	0	ZCU_InterBay1_Under_12	STOP
rn_InterBay1_175	SMT	57565.35433	1041.666667	ZCU_InterBay1_Under_7	RESET
rn_InterBay1_176	SMT	58583.93701	1041.666667	ZCU_InterBay1_Under_7	STOP
rn_InterBay1_177	SMT	60250.70867	1041.666667	ZCU_InterBay1_Under_8	RESET
rn_InterBay1_178	SMT	61269.29134	1041.666667	ZCU_InterBay1_Under_8	STOP
rn_InterBay1_179	SMT	72689.76378	1041.666667	ZCU_InterBay1_Under_9	RESET
rn_InterBay1_18	SMT	239058.2678	4166.666667	ZCU_InterBay1_Over_31	STOP
rn_InterBay1_180	SMT	73708.34646	1041.666667	ZCU_InterBay1_Under_9	STOP
rn_InterBay1_181	SMT	75375.11811	1041.666667	ZCU_InterBay1_Under_10	RESET
rn_InterBay1_182	SMT	76393.70079	1041.666667	ZCU_InterBay1_Under_10	STOP
rn_InterBay1_183	SMT	102938.5827	0	ZCU_InterBay1_Under_13	RESET
rn_InterBay1_184	SMT	87814.17322	1041.666667	ZCU_InterBay1_Under_11	RESET
rn_InterBay1_185	SMT	88832.7559	1041.666667	ZCU_InterBay1_Under_11	STOP
rn_InterBay1_186	SMT	90499.52756	1041.666667	ZCU_InterBay1_Under_12	RESET
rn_InterBay1_187	SMT	91518.11023	1041.666667	ZCU_InterBay1_Under_12	STOP
rn_InterBay1_188	SMT	102938.5827	1041.666667	ZCU_InterBay1_Under_13	RESET
rn_InterBay1_189	SMT	103957.1654	1041.666667	ZCU_InterBay1_Under_13	STOP
rn_InterBay1_19	SMT	237823.622	4166.666667	ZCU_B16_12	RESET
rn_InterBay1_190	SMT	105623.937	1041.666667	ZCU_InterBay1_Under_14	RESET
rn_InterBay1_191	SMT	106642.5197	1041.666667	ZCU_InterBay1_Under_14	STOP
rn_InterBay1_192	SMT	103957.1654	0	ZCU_InterBay1_Under_13	STOP
rn_InterBay1_193	SMT	118062.9921	1041.666667	ZCU_InterBay1_Under_15	RESET
rn_InterBay1_194	SMT	119081.5748	1041.666667	ZCU_InterBay1_Under_15	STOP
rn_InterBay1_195	SMT	120748.3465	1041.666667	ZCU_InterBay1_Under_16	RESET
rn_InterBay1_196	SMT	121766.9291	1041.666667	ZCU_InterBay1_Under_16	STOP
rn_InterBay1_197	SMT	133187.4015	1041.666667	ZCU_InterBay1_Under_17	RESET
rn_InterBay1_198	SMT	134205.9842	1041.666667	ZCU_InterBay1_Under_17	STOP
rn_InterBay1_199	SMT	135872.7559	1041.666667	ZCU_InterBay1_Under_18	RESET
rn_InterBay1_2	SMT	31020.47244	0	ZCU_InterBay1_Under_4	STOP
rn_InterBay1_20	SMT	236743.3071	4166.666667	ZCU_B16_12	STOP
rn_InterBay1_200	SMT	105623.937	0	ZCU_InterBay1_Under_14	RESET
rn_InterBay1_201	SMT	136891.3385	1041.666667	ZCU_InterBay1_Under_18	STOP
rn_InterBay1_202	SMT	148311.8111	1041.666667	ZCU_InterBay1_Under_19	RESET
rn_InterBay1_203	SMT	149330.3937	1041.666667	ZCU_InterBay1_Under_19	STOP
rn_InterBay1_204	SMT	150997.1654	1041.666667	ZCU_InterBay1_Under_20	RESET
rn_InterBay1_205	SMT	152015.7481	1041.666667	ZCU_InterBay1_Under_20	STOP
rn_InterBay1_206	SMT	163436.2205	1041.666667	ZCU_InterBay1_Under_21	RESET
rn_InterBay1_207	SMT	164454.8031	1041.666667	ZCU_InterBay1_Under_21	STOP
rn_InterBay1_208	SMT	12192.12599	0	ZCU_InterBay1_Under_1	RESET
rn_InterBay1_209	SMT	106642.5197	0	ZCU_InterBay1_Under_14	STOP
rn_InterBay1_21	SMT	229952.7559	4166.666667	ZCU_B16_1	RESET
rn_InterBay1_210	SMT	166121.5748	1041.666667	ZCU_InterBay1_Under_22	RESET
rn_InterBay1_211	SMT	167140.1575	1041.666667	ZCU_InterBay1_Under_22	STOP
rn_InterBay1_212	SMT	178560.6299	1041.666667	ZCU_InterBay1_Under_23	RESET
rn_InterBay1_213	SMT	179579.2126	1041.666667	ZCU_InterBay1_Under_23	STOP
rn_InterBay1_214	SMT	181245.9842	1041.666667	ZCU_InterBay1_Under_24	RESET
rn_InterBay1_215	SMT	182264.5669	1041.666667	ZCU_InterBay1_Under_24	STOP
rn_InterBay1_216	SMT	193685.0394	1041.666667	ZCU_InterBay1_Under_25	RESET
rn_InterBay1_217	SMT	118062.9921	0	ZCU_InterBay1_Under_15	RESET
rn_InterBay1_218	SMT	194703.6221	1041.666667	ZCU_InterBay1_Under_25	STOP
rn_InterBay1_219	SMT	196370.3937	1041.666667	ZCU_InterBay1_Under_26	RESET
rn_InterBay1_22	SMT	228872.441	4166.666667	ZCU_B16_1	STOP
rn_InterBay1_220	SMT	197388.9764	1041.666667	ZCU_InterBay1_Under_26	STOP
rn_InterBay1_221	SMT	208809.4488	1041.666667	ZCU_InterBay1_Under_27	RESET
rn_InterBay1_222	SMT	209828.0315	1041.666667	ZCU_InterBay1_Under_27	STOP
rn_InterBay1_223	SMT	211494.8031	1041.666667	ZCU_InterBay1_Under_28	RESET
rn_InterBay1_224	SMT	212513.3858	1041.666667	ZCU_InterBay1_Under_28	STOP
rn_InterBay1_225	SMT	119081.5748	0	ZCU_InterBay1_Under_15	STOP
rn_InterBay1_226	SMT	223933.8582	1041.666667	ZCU_InterBay1_Under_29	RESET
rn_InterBay1_227	SMT	224952.4409	1041.666667	ZCU_InterBay1_Under_29	STOP
rn_InterBay1_228	SMT	226619.2126	1041.666667	ZCU_InterBay1_Under_30	RESET
rn_InterBay1_229	SMT	227637.7952	1041.666667	ZCU_InterBay1_Under_30	STOP
rn_InterBay1_23	SMT	227637.7952	4166.666667	ZCU_InterBay1_Over_30	RESET
rn_InterBay1_230	SMT	239058.2678	1041.666667	ZCU_InterBay1_Under_31	RESET
rn_InterBay1_231	SMT	240076.8504	1041.666667	ZCU_InterBay1_Under_31	STOP
rn_InterBay1_232	SMT	241743.6221	1041.666667	ZCU_InterBay1_Under_32	RESET
rn_InterBay1_233	SMT	242762.2048	1041.666667	ZCU_InterBay1_Under_32	STOP
rn_InterBay1_234	SMT	120748.3465	0	ZCU_InterBay1_Under_16	RESET
rn_InterBay1_235	SMT	254182.6772	1041.666667	ZCU_InterBay1_Under_33	RESET
rn_InterBay1_236	SMT	255201.2598	1041.666667	ZCU_InterBay1_Under_33	STOP
rn_InterBay1_237	SMT	256868.0315	1041.666667	ZCU_InterBay1_Under_34	RESET
rn_InterBay1_238	SMT	257886.6142	1041.666667	ZCU_InterBay1_Under_34	STOP
rn_InterBay1_239	SMT	269307.0866	1041.666667	ZCU_InterBay1_Under_35	RESET
rn_InterBay1_24	SMT	43459.52756	0	ZCU_InterBay1_Under_5	STOP
rn_InterBay1_240	SMT	270325.6693	1041.666667	ZCU_InterBay1_Under_35	STOP
rn_InterBay1_241	SMT	271992.4409	1041.666667	ZCU_InterBay1_Under_36	RESET
rn_InterBay1_242	SMT	121766.9291	0	ZCU_InterBay1_Under_16	STOP
rn_InterBay1_243	SMT	273011.0236	1041.666667	ZCU_InterBay1_Under_36	STOP
rn_InterBay1_244	SMT	284431.4961	1041.666667	ZCU_InterBay1_Under_37	RESET
rn_InterBay1_245	SMT	285450.0788	1041.666667	ZCU_InterBay1_Under_37	STOP
rn_InterBay1_246	SMT	287116.8504	1041.666667	ZCU_InterBay1_Under_38	RESET
rn_InterBay1_247	SMT	288135.4331	1041.666667	ZCU_InterBay1_Under_38	STOP
rn_InterBay1_248	SMT	294925.9843	1041.666693	.	NONE
rn_InterBay1_249	SMT	295696.063	1562.5	.	NONE
rn_InterBay1_25	SMT	226619.2126	4166.666667	ZCU_InterBay1_Over_30	STOP
rn_InterBay1_250	SMT	295696.063	2604.166693	.	NONE
rn_InterBay1_251	SMT	294925.9843	3125	.	NONE
rn_InterBay1_252	SMT	133187.4015	0	ZCU_InterBay1_Under_17	RESET
rn_InterBay1_253	SMT	288135.4331	3125	ZCU_InterBay1_Over_38	RESET
rn_InterBay1_254	SMT	287116.8504	3125	ZCU_InterBay1_Over_38	STOP
rn_InterBay1_255	SMT	285450.0788	3125	ZCU_InterBay1_Over_37	RESET
rn_InterBay1_256	SMT	284431.4961	3125	ZCU_InterBay1_Over_37	STOP
rn_InterBay1_257	SMT	273011.0236	3125	ZCU_InterBay1_Over_36	RESET
rn_InterBay1_258	SMT	271992.4409	3125	ZCU_InterBay1_Over_36	STOP
rn_InterBay1_259	SMT	270325.6693	3125	ZCU_InterBay1_Over_35	RESET
rn_InterBay1_26	SMT	224952.4409	4166.666667	ZCU_InterBay1_Over_29	RESET
rn_InterBay1_260	SMT	269307.0866	3125	ZCU_InterBay1_Over_35	STOP
rn_InterBay1_261	SMT	134205.9842	0	ZCU_InterBay1_Under_17	STOP
rn_InterBay1_262	SMT	257886.6142	3125	ZCU_InterBay1_Over_34	RESET
rn_InterBay1_263	SMT	256868.0315	3125	ZCU_InterBay1_Over_34	STOP
rn_InterBay1_264	SMT	255201.2598	3125	ZCU_InterBay1_Over_33	RESET
rn_InterBay1_265	SMT	254182.6772	3125	ZCU_InterBay1_Over_33	STOP
rn_InterBay1_266	SMT	242762.2048	3125	ZCU_InterBay1_Over_32	RESET
rn_InterBay1_267	SMT	241743.6221	3125	ZCU_InterBay1_Over_32	STOP
rn_InterBay1_268	SMT	240076.8504	3125	ZCU_InterBay1_Over_31	RESET
rn_InterBay1_269	SMT	135872.7559	0	ZCU_InterBay1_Under_18	RESET
rn_InterBay1_27	SMT	223933.8582	4166.666667	ZCU_InterBay1_Over_29	STOP
rn_InterBay1_270	SMT	239058.2678	3125	ZCU_InterBay1_Over_31	STOP
rn_InterBay1_271	SMT	227637.7952	3125	ZCU_InterBay1_Over_30	RESET
rn_InterBay1_272	SMT	226619.2126	3125	ZCU_InterBay1_Over_30	STOP
rn_InterBay1_273	SMT	224952.4409	3125	ZCU_InterBay1_Over_29	RESET
rn_InterBay1_274	SMT	223933.8582	3125	ZCU_InterBay1_Over_29	STOP
rn_InterBay1_275	SMT	212513.3858	3125	ZCU_InterBay1_Over_28	RESET
rn_InterBay1_276	SMT	211494.8031	3125	ZCU_InterBay1_Over_28	STOP
rn_InterBay1_277	SMT	136891.3385	0	ZCU_InterBay1_Under_18	STOP
rn_InterBay1_278	SMT	209828.0315	3125	ZCU_InterBay1_Over_27	RESET
rn_InterBay1_279	SMT	208809.4488	3125	ZCU_InterBay1_Over_27	STOP
rn_InterBay1_28	SMT	222699.2126	4166.666667	ZCU_B15_12	RESET
rn_InterBay1_280	SMT	197388.9764	3125	ZCU_InterBay1_Over_26	RESET
rn_InterBay1_281	SMT	196370.3937	3125	ZCU_InterBay1_Over_26	STOP
rn_InterBay1_282	SMT	194703.6221	3125	ZCU_InterBay1_Over_25	RESET
rn_InterBay1_283	SMT	193685.0394	3125	ZCU_InterBay1_Over_25	STOP
rn_InterBay1_284	SMT	182264.5669	3125	ZCU_InterBay1_Over_24	RESET
rn_InterBay1_285	SMT	148311.8111	0	ZCU_InterBay1_Under_19	RESET
rn_InterBay1_286	SMT	181245.9842	3125	ZCU_InterBay1_Over_24	STOP
rn_InterBay1_287	SMT	179579.2126	3125	ZCU_InterBay1_Over_23	RESET
rn_InterBay1_288	SMT	178560.6299	3125	ZCU_InterBay1_Over_23	STOP
rn_InterBay1_289	SMT	167140.1575	3125	ZCU_InterBay1_Over_22	RESET
rn_InterBay1_29	SMT	221618.8976	4166.666667	ZCU_B15_12	STOP
rn_InterBay1_290	SMT	166121.5748	3125	ZCU_InterBay1_Over_22	STOP
rn_InterBay1_291	SMT	164454.8031	3125	ZCU_InterBay1_Over_21	RESET
rn_InterBay1_292	SMT	163436.2205	3125	ZCU_InterBay1_Over_21	STOP
rn_InterBay1_293	SMT	13210.70867	0	ZCU_InterBay1_Under_1	STOP
rn_InterBay1_294	SMT	149330.3937	0	ZCU_InterBay1_Under_19	STOP
rn_InterBay1_295	SMT	152015.7481	3125	ZCU_InterBay1_Over_20	RESET
rn_InterBay1_296	SMT	150997.1654	3125	ZCU_InterBay1_Over_20	STOP
rn_InterBay1_297	SMT	149330.3937	3125	ZCU_InterBay1_Over_19	RESET
rn_InterBay1_298	SMT	148311.8111	3125	ZCU_InterBay1_Over_19	STOP
rn_InterBay1_299	SMT	136891.3385	3125	ZCU_InterBay1_Over_18	RESET
rn_InterBay1_3	SMT	266992.1259	4166.666667	ZCU_B18_12	STOP
rn_InterBay1_30	SMT	214828.3465	4166.666667	ZCU_B15_1	RESET
rn_InterBay1_300	SMT	135872.7559	3125	ZCU_InterBay1_Over_18	STOP
rn_InterBay1_301	SMT	134205.9842	3125	ZCU_InterBay1_Over_17	RESET
rn_InterBay1_302	SMT	133187.4015	3125	ZCU_InterBay1_Over_17	STOP
rn_InterBay1_303	SMT	150997.1654	0	ZCU_InterBay1_Under_20	RESET
rn_InterBay1_304	SMT	121766.9291	3125	ZCU_InterBay1_Over_16	RESET
rn_InterBay1_305	SMT	120748.3465	3125	ZCU_InterBay1_Over_16	STOP
rn_InterBay1_306	SMT	119081.5748	3125	ZCU_InterBay1_Over_15	RESET
rn_InterBay1_307	SMT	118062.9921	3125	ZCU_InterBay1_Over_15	STOP
rn_InterBay1_308	SMT	106642.5197	3125	ZCU_InterBay1_Over_14	RESET
rn_InterBay1_309	SMT	105623.937	3125	ZCU_InterBay1_Over_14	STOP
rn_InterBay1_31	SMT	213748.0315	4166.666667	ZCU_B15_1	STOP
rn_InterBay1_310	SMT	103957.1654	3125	ZCU_InterBay1_Over_13	RESET
rn_InterBay1_311	SMT	102938.5827	3125	ZCU_InterBay1_Over_13	STOP
rn_InterBay1_312	SMT	152015.7481	0	ZCU_InterBay1_Under_20	STOP
rn_InterBay1_313	SMT	91518.11023	3125	ZCU_InterBay1_Over_12	RESET
rn_InterBay1_314	SMT	90499.52756	3125	ZCU_InterBay1_Over_12	STOP
rn_InterBay1_315	SMT	88832.7559	3125	ZCU_InterBay1_Over_11	RESET
rn_InterBay1_316	SMT	87814.17322	3125	ZCU_InterBay1_Over_11	STOP
rn_InterBay1_317	SMT	76393.70079	3125	ZCU_InterBay1_Over_10	RESET
rn_InterBay1_318	SMT	75375.11811	3125	ZCU_InterBay1_Over_10	STOP
rn_InterBay1_319	SMT	73708.34646	3125	ZCU_InterBay1_Over_9	RESET
rn_InterBay1_32	SMT	212513.3858	4166.666667	ZCU_InterBay1_Over_28	RESET
rn_InterBay1_320	SMT	163436.2205	0	ZCU_InterBay1_Under_21	RESET
rn_InterBay1_321	SMT	72689.76378	3125	ZCU_InterBay1_Over_9	STOP
rn_InterBay1_322	SMT	61269.29134	3125	ZCU_InterBay1_Over_8	RESET
rn_InterBay1_323	SMT	60250.70867	3125	ZCU_InterBay1_Over_8	STOP
rn_InterBay1_324	SMT	58583.93701	3125	ZCU_InterBay1_Over_7	RESET
rn_InterBay1_325	SMT	57565.35433	3125	ZCU_InterBay1_Over_7	STOP
rn_InterBay1_326	SMT	46144.88189	3125	ZCU_InterBay1_Over_6	RESET
rn_InterBay1_327	SMT	45126.29921	3125	ZCU_InterBay1_Over_6	STOP
rn_InterBay1_328	SMT	164454.8031	0	ZCU_InterBay1_Under_21	STOP
rn_InterBay1_329	SMT	43459.52756	3125	ZCU_InterBay1_Over_5	RESET
rn_InterBay1_33	SMT	211494.8031	4166.666667	ZCU_InterBay1_Over_28	STOP
rn_InterBay1_330	SMT	42440.94488	3125	ZCU_InterBay1_Over_5	STOP
rn_InterBay1_331	SMT	31020.47244	3125	ZCU_InterBay1_Over_4	RESET
rn_InterBay1_332	SMT	30001.88976	3125	ZCU_InterBay1_Over_4	STOP
rn_InterBay1_333	SMT	28335.11811	3125	ZCU_InterBay1_Over_3	RESET
rn_InterBay1_334	SMT	27316.53543	3125	ZCU_InterBay1_Over_3	STOP
rn_InterBay1_335	SMT	15896.063	3125	ZCU_InterBay1_Over_2	RESET
rn_InterBay1_336	SMT	166121.5748	0	ZCU_InterBay1_Under_22	RESET
rn_InterBay1_337	SMT	14877.48032	3125	ZCU_InterBay1_Over_2	STOP
rn_InterBay1_338	SMT	13210.70867	3125	ZCU_InterBay1_Over_1	RESET
rn_InterBay1_339	SMT	12192.12599	3125	ZCU_InterBay1_Over_1	STOP
rn_InterBay1_34	SMT	209828.0315	4166.666667	ZCU_InterBay1_Over_27	RESET
rn_InterBay1_340	SMT	5401.574803	3125	.	NONE
rn_InterBay1_341	SMT	4629.92126	2604.166667	.	NONE
rn_InterBay1_342	SMT	167140.1575	0	ZCU_InterBay1_Under_22	STOP
rn_InterBay1_343	SMT	178560.6299	0	ZCU_InterBay1_Under_23	RESET
rn_InterBay1_344	SMT	179579.2126	0	ZCU_InterBay1_Under_23	STOP
rn_InterBay1_345	SMT	181245.9842	0	ZCU_InterBay1_Under_24	RESET
rn_InterBay1_346	SMT	14877.48032	0	ZCU_InterBay1_Under_2	RESET
rn_InterBay1_347	SMT	182264.5669	0	ZCU_InterBay1_Under_24	STOP
rn_InterBay1_348	SMT	193685.0394	0	ZCU_InterBay1_Under_25	RESET
rn_InterBay1_349	SMT	194703.6221	0	ZCU_InterBay1_Under_25	STOP
rn_InterBay1_35	SMT	45126.29921	0	ZCU_InterBay1_Under_6	RESET
rn_InterBay1_350	SMT	196370.3937	0	ZCU_InterBay1_Under_26	RESET
rn_InterBay1_351	SMT	197388.9764	0	ZCU_InterBay1_Under_26	STOP
rn_InterBay1_352	SMT	208809.4488	0	ZCU_InterBay1_Under_27	RESET
rn_InterBay1_353	SMT	209828.0315	0	ZCU_InterBay1_Under_27	STOP
rn_InterBay1_354	SMT	211494.8031	0	ZCU_InterBay1_Under_28	RESET
rn_InterBay1_355	SMT	212513.3858	0	ZCU_InterBay1_Under_28	STOP
rn_InterBay1_356	SMT	223933.8582	0	ZCU_InterBay1_Under_29	RESET
rn_InterBay1_357	SMT	15896.063	0	ZCU_InterBay1_Under_2	STOP
rn_InterBay1_358	SMT	224952.4409	0	ZCU_InterBay1_Under_29	STOP
rn_InterBay1_359	SMT	226619.2126	0	ZCU_InterBay1_Under_30	RESET
rn_InterBay1_36	SMT	208809.4488	4166.666667	ZCU_InterBay1_Over_27	STOP
rn_InterBay1_360	SMT	227637.7952	0	ZCU_InterBay1_Under_30	STOP
rn_InterBay1_361	SMT	239058.2678	0	ZCU_InterBay1_Under_31	RESET
rn_InterBay1_362	SMT	240076.8504	0	ZCU_InterBay1_Under_31	STOP
rn_InterBay1_363	SMT	241743.6221	0	ZCU_InterBay1_Under_32	RESET
rn_InterBay1_364	SMT	242762.2048	0	ZCU_InterBay1_Under_32	STOP
rn_InterBay1_365	SMT	254182.6772	0	ZCU_InterBay1_Under_33	RESET
rn_InterBay1_366	SMT	255201.2598	0	ZCU_InterBay1_Under_33	STOP
rn_InterBay1_367	SMT	256868.0315	0	ZCU_InterBay1_Under_34	RESET
rn_InterBay1_368	SMT	27316.53543	0	ZCU_InterBay1_Under_3	RESET
rn_InterBay1_369	SMT	257886.6142	0	ZCU_InterBay1_Under_34	STOP
rn_InterBay1_37	SMT	207574.8032	4166.666667	ZCU_B14_12	RESET
rn_InterBay1_370	SMT	269307.0866	0	ZCU_InterBay1_Under_35	RESET
rn_InterBay1_371	SMT	270325.6693	0	ZCU_InterBay1_Under_35	STOP
rn_InterBay1_372	SMT	271992.4409	0	ZCU_InterBay1_Under_36	RESET
rn_InterBay1_373	SMT	273011.0236	0	ZCU_InterBay1_Under_36	STOP
rn_InterBay1_374	SMT	284431.4961	0	ZCU_InterBay1_Under_37	RESET
rn_InterBay1_375	SMT	285450.0788	0	ZCU_InterBay1_Under_37	STOP
rn_InterBay1_376	SMT	287116.8504	0	ZCU_InterBay1_Under_38	RESET
rn_InterBay1_377	SMT	288135.4331	0	ZCU_InterBay1_Under_38	STOP
rn_InterBay1_378	SMT	299401.5748	0	.	NONE
rn_InterBay1_379	SMT	28335.11811	0	ZCU_InterBay1_Under_3	STOP
rn_InterBay1_38	SMT	206494.4882	4166.666667	ZCU_B14_12	STOP
rn_InterBay1_380	SMT	300327.9528	625	.	NONE
rn_InterBay1_381	SMT	300327.9528	3541.666693	.	NONE
rn_InterBay1_382	SMT	299401.5748	4166.666693	.	NONE
rn_InterBay1_383	SMT	298321.2599	4166.666667	ZCU_B20_12	RESET
rn_InterBay1_384	SMT	297240.9449	4166.666667	ZCU_B20_12	STOP
rn_InterBay1_385	SMT	290450.3937	4166.666667	ZCU_B20_1	RESET
rn_InterBay1_386	SMT	289370.0787	4166.666667	ZCU_B20_1	STOP
rn_InterBay1_387	SMT	288135.4331	4166.666667	ZCU_InterBay1_Over_38	RESET
rn_InterBay1_388	SMT	287116.8504	4166.666667	ZCU_InterBay1_Over_38	STOP
rn_InterBay1_389	SMT	285450.0788	4166.666667	ZCU_InterBay1_Over_37	RESET
rn_InterBay1_39	SMT	199703.937	4166.666667	ZCU_B14_1	RESET
rn_InterBay1_390	SMT	30001.88976	0	ZCU_InterBay1_Under_4	RESET
rn_InterBay1_391	SMT	284431.4961	4166.666667	ZCU_InterBay1_Over_37	STOP
rn_InterBay1_392	SMT	283196.8504	4166.666667	ZCU_B19_12	RESET
rn_InterBay1_393	SMT	282116.5355	4166.666667	ZCU_B19_12	STOP
rn_InterBay1_394	SMT	275325.9842	4166.666667	ZCU_B19_1	RESET
rn_InterBay1_395	SMT	274245.6693	4166.666667	ZCU_B19_1	STOP
rn_InterBay1_396	SMT	273011.0236	4166.666667	ZCU_InterBay1_Over_36	RESET
rn_InterBay1_397	SMT	271992.4409	4166.666667	ZCU_InterBay1_Over_36	STOP
rn_InterBay1_398	SMT	270325.6693	4166.666667	ZCU_InterBay1_Over_35	RESET
rn_InterBay1_399	SMT	269307.0866	4166.666667	ZCU_InterBay1_Over_35	STOP
rn_InterBay1_4	SMT	260201.5748	4166.666667	ZCU_B18_1	RESET
rn_InterBay1_40	SMT	198623.622	4166.666667	ZCU_B14_1	STOP
rn_InterBay1_400	SMT	268072.4409	4166.666667	ZCU_B18_12	RESET
rn_InterBay1_401	SMT	10984.25197	0	ZCU_InterBay1_Under_39	STOP
rn_InterBay1_402	SMT	9803.149606	-797.1938776	ZCU_InterBay1_Under_39	RESET
rn_InterBay1_403	SMT	10984.25197	-1594.387755	.	NONE
rn_InterBay1_404	SMT	12165.35433	-2391.581633	.	NONE
rn_InterBay1_405	SMT	12165.35433	-4783.163265	.	NONE
rn_InterBay1_406	SMT	10984.25197	-5580.357143	.	NONE
rn_InterBay1_407	SMT	2007.874016	-5580.357143	.	NONE
rn_InterBay1_408	SMT	826.7716535	-4783.163265	.	NONE
rn_InterBay1_409	SMT	826.7716535	-2391.581633	.	NONE
rn_InterBay1_41	SMT	197388.9764	4166.666667	ZCU_InterBay1_Over_26	RESET
rn_InterBay1_410	SMT	2007.874016	-1594.387755	.	NONE
rn_InterBay1_411	SMT	3188.976378	-797.1938776	ZCU_InterBay1_Under_40	STOP
rn_InterBay1_412	SMT	2007.874016	0	ZCU_InterBay1_Under_40	RESET
rn_InterBay1_413	SMT	9803.149606	0	ZCU_InterBay1_Under_39	RESET
rn_InterBay1_414	SMT	3188.976378	0	ZCU_InterBay1_Under_40	STOP
rn_InterBay1_415	SMT	298347.9921	0	ZCU_InterBay1_Under_41	STOP
rn_InterBay1_416	SMT	297166.8898	-797.1938776	ZCU_InterBay1_Under_41	RESET
rn_InterBay1_417	SMT	298347.9921	-1594.387755	.	NONE
rn_InterBay1_418	SMT	299529.0945	-2391.581633	.	NONE
rn_InterBay1_419	SMT	299529.0945	-4783.163265	.	NONE
rn_InterBay1_42	SMT	196370.3937	4166.666667	ZCU_InterBay1_Over_26	STOP
rn_InterBay1_420	SMT	298347.9921	-5580.357143	.	NONE
rn_InterBay1_421	SMT	289371.6142	-5580.357143	.	NONE
rn_InterBay1_422	SMT	288190.5118	-4783.163265	.	NONE
rn_InterBay1_423	SMT	288190.5118	-2391.581633	.	NONE
rn_InterBay1_424	SMT	289371.6142	-1594.387755	.	NONE
rn_InterBay1_425	SMT	290552.7165	-797.1938776	ZCU_InterBay1_Under_42	STOP
rn_InterBay1_426	SMT	289371.6142	0	ZCU_InterBay1_Under_42	RESET
rn_InterBay1_427	SMT	297166.8898	0	ZCU_InterBay1_Under_41	RESET
rn_InterBay1_428	SMT	290552.7165	0	ZCU_InterBay1_Under_42	STOP
rn_InterBay1_43	SMT	194703.6221	4166.666667	ZCU_InterBay1_Over_25	RESET
rn_InterBay1_44	SMT	193685.0394	4166.666667	ZCU_InterBay1_Over_25	STOP
rn_InterBay1_45	SMT	192450.3937	4166.666667	ZCU_B13_12	RESET
rn_InterBay1_46	SMT	46144.88189	0	ZCU_InterBay1_Under_6	STOP
rn_InterBay1_47	SMT	191370.0788	4166.666667	ZCU_B13_12	STOP
rn_InterBay1_48	SMT	184579.5275	4166.666667	ZCU_B13_1	RESET
rn_InterBay1_49	SMT	183499.2126	4166.666667	ZCU_B13_1	STOP
rn_InterBay1_5	SMT	259121.2598	4166.666667	ZCU_B18_1	STOP
rn_InterBay1_50	SMT	182264.5669	4166.666667	ZCU_InterBay1_Over_24	RESET
rn_InterBay1_51	SMT	181245.9842	4166.666667	ZCU_InterBay1_Over_24	STOP
rn_InterBay1_52	SMT	179579.2126	4166.666667	ZCU_InterBay1_Over_23	RESET
rn_InterBay1_53	SMT	178560.6299	4166.666667	ZCU_InterBay1_Over_23	STOP
rn_InterBay1_54	SMT	177325.9843	4166.666667	ZCU_B12_12	RESET
rn_InterBay1_55	SMT	176245.6693	4166.666667	ZCU_B12_12	STOP
rn_InterBay1_56	SMT	169455.1181	4166.666667	ZCU_B12_1	RESET
rn_InterBay1_57	SMT	57565.35433	0	ZCU_InterBay1_Under_7	RESET
rn_InterBay1_58	SMT	168374.8031	4166.666667	ZCU_B12_1	STOP
rn_InterBay1_59	SMT	167140.1575	4166.666667	ZCU_InterBay1_Over_22	RESET
rn_InterBay1_6	SMT	257886.6142	4166.666667	ZCU_InterBay1_Over_34	RESET
rn_InterBay1_60	SMT	166121.5748	4166.666667	ZCU_InterBay1_Over_22	STOP
rn_InterBay1_61	SMT	164454.8031	4166.666667	ZCU_InterBay1_Over_21	RESET
rn_InterBay1_62	SMT	163436.2205	4166.666667	ZCU_InterBay1_Over_21	STOP
rn_InterBay1_63	SMT	162201.5748	4166.666667	ZCU_B11_12	RESET
rn_InterBay1_64	SMT	161121.2598	4166.666667	ZCU_B11_12	STOP
rn_InterBay1_65	SMT	154330.7087	4166.666667	ZCU_B11_1	RESET
rn_InterBay1_66	SMT	153250.3937	4166.666667	ZCU_B11_1	STOP
rn_InterBay1_67	SMT	152015.7481	4166.666667	ZCU_InterBay1_Over_20	RESET
rn_InterBay1_68	SMT	58583.93701	0	ZCU_InterBay1_Under_7	STOP
rn_InterBay1_69	SMT	150997.1654	4166.666667	ZCU_InterBay1_Over_20	STOP
rn_InterBay1_7	SMT	256868.0315	4166.666667	ZCU_InterBay1_Over_34	STOP
rn_InterBay1_70	SMT	149330.3937	4166.666667	ZCU_InterBay1_Over_19	RESET
rn_InterBay1_71	SMT	148311.8111	4166.666667	ZCU_InterBay1_Over_19	STOP
rn_InterBay1_72	SMT	147077.1653	4166.666667	ZCU_B10_12	RESET
rn_InterBay1_73	SMT	145996.8504	4166.666667	ZCU_B10_12	STOP
rn_InterBay1_74	SMT	139206.2992	4166.666667	ZCU_B10_1	RESET
rn_InterBay1_75	SMT	138125.9843	4166.666667	ZCU_B10_1	STOP
rn_InterBay1_76	SMT	136891.3385	4166.666667	ZCU_InterBay1_Over_18	RESET
rn_InterBay1_77	SMT	135872.7559	4166.666667	ZCU_InterBay1_Over_18	STOP
rn_InterBay1_78	SMT	134205.9842	4166.666667	ZCU_InterBay1_Over_17	RESET
rn_InterBay1_79	SMT	60250.70867	0	ZCU_InterBay1_Under_8	RESET
rn_InterBay1_8	SMT	255201.2598	4166.666667	ZCU_InterBay1_Over_33	RESET
rn_InterBay1_80	SMT	133187.4015	4166.666667	ZCU_InterBay1_Over_17	STOP
rn_InterBay1_81	SMT	131952.7559	4166.666667	ZCU_B9_12	RESET
rn_InterBay1_82	SMT	130872.4409	4166.666667	ZCU_B9_12	STOP
rn_InterBay1_83	SMT	124081.8898	4166.666667	ZCU_B9_1	RESET
rn_InterBay1_84	SMT	123001.5748	4166.666667	ZCU_B9_1	STOP
rn_InterBay1_85	SMT	121766.9291	4166.666667	ZCU_InterBay1_Over_16	RESET
rn_InterBay1_86	SMT	120748.3465	4166.666667	ZCU_InterBay1_Over_16	STOP
rn_InterBay1_87	SMT	119081.5748	4166.666667	ZCU_InterBay1_Over_15	RESET
rn_InterBay1_88	SMT	118062.9921	4166.666667	ZCU_InterBay1_Over_15	STOP
rn_InterBay1_89	SMT	116828.3465	4166.666667	ZCU_B8_12	RESET
rn_InterBay1_9	SMT	254182.6772	4166.666667	ZCU_InterBay1_Over_33	STOP
rn_InterBay1_90	SMT	61269.29134	0	ZCU_InterBay1_Under_8	STOP
rn_InterBay1_91	SMT	115748.0315	4166.666667	ZCU_B8_12	STOP
rn_InterBay1_92	SMT	108957.4803	4166.666667	ZCU_B8_1	RESET
rn_InterBay1_93	SMT	107877.1654	4166.666667	ZCU_B8_1	STOP
rn_InterBay1_94	SMT	106642.5197	4166.666667	ZCU_InterBay1_Over_14	RESET
rn_InterBay1_95	SMT	105623.937	4166.666667	ZCU_InterBay1_Over_14	STOP
rn_InterBay1_96	SMT	103957.1654	4166.666667	ZCU_InterBay1_Over_13	RESET
rn_InterBay1_97	SMT	102938.5827	4166.666667	ZCU_InterBay1_Over_13	STOP
rn_InterBay1_98	SMT	101703.937	4166.666667	ZCU_B7_12	RESET
rn_InterBay1_99	SMT	100623.6221	4166.666667	ZCU_B7_12	STOP
rn_InterBay2_1	SMT	0	69375	.	NONE
rn_InterBay2_10	SMT	15896.063	68750	ZCU_InterBay2_Under_2	STOP
rn_InterBay2_100	SMT	184579.5275	68750	ZCU_B13_6	STOP
rn_InterBay2_101	SMT	191370.0788	68750	ZCU_B13_7	RESET
rn_InterBay2_102	SMT	192450.3937	68750	ZCU_B13_7	STOP
rn_InterBay2_103	SMT	193685.0394	68750	ZCU_InterBay2_Under_25	RESET
rn_InterBay2_104	SMT	194703.6221	68750	ZCU_InterBay2_Under_25	STOP
rn_InterBay2_105	SMT	196370.3937	68750	ZCU_InterBay2_Under_26	RESET
rn_InterBay2_106	SMT	197388.9764	68750	ZCU_InterBay2_Under_26	STOP
rn_InterBay2_107	SMT	198623.622	68750	ZCU_B14_6	RESET
rn_InterBay2_108	SMT	199703.937	68750	ZCU_B14_6	STOP
rn_InterBay2_109	SMT	206494.4882	68750	ZCU_B14_7	RESET
rn_InterBay2_11	SMT	17130.70866	68750	ZCU_B2_6	RESET
rn_InterBay2_110	SMT	207574.8032	68750	ZCU_B14_7	STOP
rn_InterBay2_111	SMT	208809.4488	68750	ZCU_InterBay2_Under_27	RESET
rn_InterBay2_112	SMT	209828.0315	68750	ZCU_InterBay2_Under_27	STOP
rn_InterBay2_113	SMT	211494.8031	68750	ZCU_InterBay2_Under_28	RESET
rn_InterBay2_114	SMT	212513.3858	68750	ZCU_InterBay2_Under_28	STOP
rn_InterBay2_115	SMT	213748.0315	68750	ZCU_B15_6	RESET
rn_InterBay2_116	SMT	214828.3465	68750	ZCU_B15_6	STOP
rn_InterBay2_117	SMT	221618.8976	68750	ZCU_B15_7	RESET
rn_InterBay2_118	SMT	222699.2126	68750	ZCU_B15_7	STOP
rn_InterBay2_119	SMT	223933.8582	68750	ZCU_InterBay2_Under_29	RESET
rn_InterBay2_12	SMT	18211.02363	68750	ZCU_B2_6	STOP
rn_InterBay2_120	SMT	224952.4409	68750	ZCU_InterBay2_Under_29	STOP
rn_InterBay2_121	SMT	226619.2126	68750	ZCU_InterBay2_Under_30	RESET
rn_InterBay2_122	SMT	227637.7952	68750	ZCU_InterBay2_Under_30	STOP
rn_InterBay2_123	SMT	228872.441	68750	ZCU_B16_6	RESET
rn_InterBay2_124	SMT	229952.7559	68750	ZCU_B16_6	STOP
rn_InterBay2_125	SMT	236743.3071	68750	ZCU_B16_7	RESET
rn_InterBay2_126	SMT	237823.622	68750	ZCU_B16_7	STOP
rn_InterBay2_127	SMT	239058.2678	68750	ZCU_InterBay2_Under_31	RESET
rn_InterBay2_128	SMT	240076.8504	68750	ZCU_InterBay2_Under_31	STOP
rn_InterBay2_129	SMT	241743.6221	68750	ZCU_InterBay2_Under_32	RESET
rn_InterBay2_13	SMT	25001.5748	68750	ZCU_B2_7	RESET
rn_InterBay2_130	SMT	242762.2048	68750	ZCU_InterBay2_Under_32	STOP
rn_InterBay2_131	SMT	243996.8504	68750	ZCU_B17_6	RESET
rn_InterBay2_132	SMT	245077.1654	68750	ZCU_B17_6	STOP
rn_InterBay2_133	SMT	251867.7165	68750	ZCU_B17_7	RESET
rn_InterBay2_134	SMT	252948.0315	68750	ZCU_B17_7	STOP
rn_InterBay2_135	SMT	254182.6772	68750	ZCU_InterBay2_Under_33	RESET
rn_InterBay2_136	SMT	255201.2598	68750	ZCU_InterBay2_Under_33	STOP
rn_InterBay2_137	SMT	256868.0315	68750	ZCU_InterBay2_Under_34	RESET
rn_InterBay2_138	SMT	257886.6142	68750	ZCU_InterBay2_Under_34	STOP
rn_InterBay2_139	SMT	259121.2598	68750	ZCU_B18_6	RESET
rn_InterBay2_14	SMT	26081.88977	68750	ZCU_B2_7	STOP
rn_InterBay2_140	SMT	260201.5748	68750	ZCU_B18_6	STOP
rn_InterBay2_141	SMT	266992.1259	68750	ZCU_B18_7	RESET
rn_InterBay2_142	SMT	268072.4409	68750	ZCU_B18_7	STOP
rn_InterBay2_143	SMT	269307.0866	68750	ZCU_InterBay2_Under_35	RESET
rn_InterBay2_144	SMT	270325.6693	68750	ZCU_InterBay2_Under_35	STOP
rn_InterBay2_145	SMT	271992.4409	68750	ZCU_InterBay2_Under_36	RESET
rn_InterBay2_146	SMT	273011.0236	68750	ZCU_InterBay2_Under_36	STOP
rn_InterBay2_147	SMT	274245.6693	68750	ZCU_B19_6	RESET
rn_InterBay2_148	SMT	275325.9842	68750	ZCU_B19_6	STOP
rn_InterBay2_149	SMT	282116.5355	68750	ZCU_B19_7	RESET
rn_InterBay2_15	SMT	27316.53543	68750	ZCU_InterBay2_Under_3	RESET
rn_InterBay2_150	SMT	283196.8504	68750	ZCU_B19_7	STOP
rn_InterBay2_151	SMT	284431.4961	68750	ZCU_InterBay2_Under_37	RESET
rn_InterBay2_152	SMT	285450.0788	68750	ZCU_InterBay2_Under_37	STOP
rn_InterBay2_153	SMT	287116.8504	68750	ZCU_InterBay2_Under_38	RESET
rn_InterBay2_154	SMT	288135.4331	68750	ZCU_InterBay2_Under_38	STOP
rn_InterBay2_155	SMT	289370.0787	68750	ZCU_B20_6	RESET
rn_InterBay2_156	SMT	290450.3937	68750	ZCU_B20_6	STOP
rn_InterBay2_157	SMT	297240.9449	68750	ZCU_B20_7	RESET
rn_InterBay2_158	SMT	298321.2599	68750	ZCU_B20_7	STOP
rn_InterBay2_159	SMT	299401.5748	68750	.	NONE
rn_InterBay2_16	SMT	28335.11811	68750	ZCU_InterBay2_Under_3	STOP
rn_InterBay2_160	SMT	300327.9528	69375	.	NONE
rn_InterBay2_161	SMT	300327.9528	72291.66661	.	NONE
rn_InterBay2_162	SMT	299401.5748	72916.66661	.	NONE
rn_InterBay2_163	SMT	298321.2599	72916.66667	ZCU_A20_12	RESET
rn_InterBay2_164	SMT	297240.9449	72916.66667	ZCU_A20_12	STOP
rn_InterBay2_165	SMT	290450.3937	72916.66667	ZCU_A20_1	RESET
rn_InterBay2_166	SMT	289370.0787	72916.66667	ZCU_A20_1	STOP
rn_InterBay2_167	SMT	288135.4331	72916.66667	ZCU_InterBay2_Over_38	RESET
rn_InterBay2_168	SMT	287116.8504	72916.66667	ZCU_InterBay2_Over_38	STOP
rn_InterBay2_169	SMT	285450.0788	72916.66667	ZCU_InterBay2_Over_37	RESET
rn_InterBay2_17	SMT	30001.88976	68750	ZCU_InterBay2_Under_4	RESET
rn_InterBay2_170	SMT	284431.4961	72916.66667	ZCU_InterBay2_Over_37	STOP
rn_InterBay2_171	SMT	283196.8504	72916.66667	ZCU_A19_12	RESET
rn_InterBay2_172	SMT	282116.5355	72916.66667	ZCU_A19_12	STOP
rn_InterBay2_173	SMT	275325.9842	72916.66667	ZCU_A19_1	RESET
rn_InterBay2_174	SMT	274245.6693	72916.66667	ZCU_A19_1	STOP
rn_InterBay2_175	SMT	273011.0236	72916.66667	ZCU_InterBay2_Over_36	RESET
rn_InterBay2_176	SMT	271992.4409	72916.66667	ZCU_InterBay2_Over_36	STOP
rn_InterBay2_177	SMT	270325.6693	72916.66667	ZCU_InterBay2_Over_35	RESET
rn_InterBay2_178	SMT	269307.0866	72916.66667	ZCU_InterBay2_Over_35	STOP
rn_InterBay2_179	SMT	268072.4409	72916.66667	ZCU_A18_12	RESET
rn_InterBay2_18	SMT	31020.47244	68750	ZCU_InterBay2_Under_4	STOP
rn_InterBay2_180	SMT	266992.1259	72916.66667	ZCU_A18_12	STOP
rn_InterBay2_181	SMT	260201.5748	72916.66667	ZCU_A18_1	RESET
rn_InterBay2_182	SMT	259121.2598	72916.66667	ZCU_A18_1	STOP
rn_InterBay2_183	SMT	257886.6142	72916.66667	ZCU_InterBay2_Over_34	RESET
rn_InterBay2_184	SMT	256868.0315	72916.66667	ZCU_InterBay2_Over_34	STOP
rn_InterBay2_185	SMT	255201.2598	72916.66667	ZCU_InterBay2_Over_33	RESET
rn_InterBay2_186	SMT	254182.6772	72916.66667	ZCU_InterBay2_Over_33	STOP
rn_InterBay2_187	SMT	252948.0315	72916.66667	ZCU_A17_12	RESET
rn_InterBay2_188	SMT	251867.7165	72916.66667	ZCU_A17_12	STOP
rn_InterBay2_189	SMT	245077.1654	72916.66667	ZCU_A17_1	RESET
rn_InterBay2_19	SMT	32255.11811	68750	ZCU_B3_6	RESET
rn_InterBay2_190	SMT	243996.8504	72916.66667	ZCU_A17_1	STOP
rn_InterBay2_191	SMT	242762.2048	72916.66667	ZCU_InterBay2_Over_32	RESET
rn_InterBay2_192	SMT	241743.6221	72916.66667	ZCU_InterBay2_Over_32	STOP
rn_InterBay2_193	SMT	240076.8504	72916.66667	ZCU_InterBay2_Over_31	RESET
rn_InterBay2_194	SMT	239058.2678	72916.66667	ZCU_InterBay2_Over_31	STOP
rn_InterBay2_195	SMT	237823.622	72916.66667	ZCU_A16_12	RESET
rn_InterBay2_196	SMT	236743.3071	72916.66667	ZCU_A16_12	STOP
rn_InterBay2_197	SMT	229952.7559	72916.66667	ZCU_A16_1	RESET
rn_InterBay2_198	SMT	228872.441	72916.66667	ZCU_A16_1	STOP
rn_InterBay2_199	SMT	227637.7952	72916.66667	ZCU_InterBay2_Over_30	RESET
rn_InterBay2_2	SMT	925.984252	68750	.	NONE
rn_InterBay2_20	SMT	33335.43307	68750	ZCU_B3_6	STOP
rn_InterBay2_200	SMT	226619.2126	72916.66667	ZCU_InterBay2_Over_30	STOP
rn_InterBay2_201	SMT	224952.4409	72916.66667	ZCU_InterBay2_Over_29	RESET
rn_InterBay2_202	SMT	223933.8582	72916.66667	ZCU_InterBay2_Over_29	STOP
rn_InterBay2_203	SMT	222699.2126	72916.66667	ZCU_A15_12	RESET
rn_InterBay2_204	SMT	221618.8976	72916.66667	ZCU_A15_12	STOP
rn_InterBay2_205	SMT	214828.3465	72916.66667	ZCU_A15_1	RESET
rn_InterBay2_206	SMT	213748.0315	72916.66667	ZCU_A15_1	STOP
rn_InterBay2_207	SMT	212513.3858	72916.66667	ZCU_InterBay2_Over_28	RESET
rn_InterBay2_208	SMT	211494.8031	72916.66667	ZCU_InterBay2_Over_28	STOP
rn_InterBay2_209	SMT	209828.0315	72916.66667	ZCU_InterBay2_Over_27	RESET
rn_InterBay2_21	SMT	40125.98425	68750	ZCU_B3_7	RESET
rn_InterBay2_210	SMT	208809.4488	72916.66667	ZCU_InterBay2_Over_27	STOP
rn_InterBay2_211	SMT	207574.8032	72916.66667	ZCU_A14_12	RESET
rn_InterBay2_212	SMT	206494.4882	72916.66667	ZCU_A14_12	STOP
rn_InterBay2_213	SMT	199703.937	72916.66667	ZCU_A14_1	RESET
rn_InterBay2_214	SMT	198623.622	72916.66667	ZCU_A14_1	STOP
rn_InterBay2_215	SMT	197388.9764	72916.66667	ZCU_InterBay2_Over_26	RESET
rn_InterBay2_216	SMT	196370.3937	72916.66667	ZCU_InterBay2_Over_26	STOP
rn_InterBay2_217	SMT	194703.6221	72916.66667	ZCU_InterBay2_Over_25	RESET
rn_InterBay2_218	SMT	193685.0394	72916.66667	ZCU_InterBay2_Over_25	STOP
rn_InterBay2_219	SMT	192450.3937	72916.66667	ZCU_A13_12	RESET
rn_InterBay2_22	SMT	41206.29921	68750	ZCU_B3_7	STOP
rn_InterBay2_220	SMT	191370.0788	72916.66667	ZCU_A13_12	STOP
rn_InterBay2_221	SMT	184579.5275	72916.66667	ZCU_A13_1	RESET
rn_InterBay2_222	SMT	183499.2126	72916.66667	ZCU_A13_1	STOP
rn_InterBay2_223	SMT	182264.5669	72916.66667	ZCU_InterBay2_Over_24	RESET
rn_InterBay2_224	SMT	181245.9842	72916.66667	ZCU_InterBay2_Over_24	STOP
rn_InterBay2_225	SMT	179579.2126	72916.66667	ZCU_InterBay2_Over_23	RESET
rn_InterBay2_226	SMT	178560.6299	72916.66667	ZCU_InterBay2_Over_23	STOP
rn_InterBay2_227	SMT	177325.9843	72916.66667	ZCU_A12_12	RESET
rn_InterBay2_228	SMT	176245.6693	72916.66667	ZCU_A12_12	STOP
rn_InterBay2_229	SMT	169455.1181	72916.66667	ZCU_A12_1	RESET
rn_InterBay2_23	SMT	42440.94488	68750	ZCU_InterBay2_Under_5	RESET
rn_InterBay2_230	SMT	168374.8031	72916.66667	ZCU_A12_1	STOP
rn_InterBay2_231	SMT	167140.1575	72916.66667	ZCU_InterBay2_Over_22	RESET
rn_InterBay2_232	SMT	166121.5748	72916.66667	ZCU_InterBay2_Over_22	STOP
rn_InterBay2_233	SMT	164454.8031	72916.66667	ZCU_InterBay2_Over_21	RESET
rn_InterBay2_234	SMT	163436.2205	72916.66667	ZCU_InterBay2_Over_21	STOP
rn_InterBay2_235	SMT	162201.5748	72916.66667	ZCU_A11_12	RESET
rn_InterBay2_236	SMT	161121.2598	72916.66667	ZCU_A11_12	STOP
rn_InterBay2_237	SMT	154330.7087	72916.66667	ZCU_A11_1	RESET
rn_InterBay2_238	SMT	153250.3937	72916.66667	ZCU_A11_1	STOP
rn_InterBay2_239	SMT	152015.7481	72916.66667	ZCU_InterBay2_Over_20	RESET
rn_InterBay2_24	SMT	43459.52756	68750	ZCU_InterBay2_Under_5	STOP
rn_InterBay2_240	SMT	150997.1654	72916.66667	ZCU_InterBay2_Over_20	STOP
rn_InterBay2_241	SMT	149330.3937	72916.66667	ZCU_InterBay2_Over_19	RESET
rn_InterBay2_242	SMT	148311.8111	72916.66667	ZCU_InterBay2_Over_19	STOP
rn_InterBay2_243	SMT	147077.1653	72916.66667	ZCU_A10_12	RESET
rn_InterBay2_244	SMT	145996.8504	72916.66667	ZCU_A10_12	STOP
rn_InterBay2_245	SMT	139206.2992	72916.66667	ZCU_A10_1	RESET
rn_InterBay2_246	SMT	138125.9843	72916.66667	ZCU_A10_1	STOP
rn_InterBay2_247	SMT	136891.3385	72916.66667	ZCU_InterBay2_Over_18	RESET
rn_InterBay2_248	SMT	135872.7559	72916.66667	ZCU_InterBay2_Over_18	STOP
rn_InterBay2_249	SMT	134205.9842	72916.66667	ZCU_InterBay2_Over_17	RESET
rn_InterBay2_25	SMT	45126.29921	68750	ZCU_InterBay2_Under_6	RESET
rn_InterBay2_250	SMT	133187.4015	72916.66667	ZCU_InterBay2_Over_17	STOP
rn_InterBay2_251	SMT	131952.7559	72916.66667	ZCU_A9_12	RESET
rn_InterBay2_252	SMT	130872.4409	72916.66667	ZCU_A9_12	STOP
rn_InterBay2_253	SMT	124081.8898	72916.66667	ZCU_A9_1	RESET
rn_InterBay2_254	SMT	123001.5748	72916.66667	ZCU_A9_1	STOP
rn_InterBay2_255	SMT	121766.9291	72916.66667	ZCU_InterBay2_Over_16	RESET
rn_InterBay2_256	SMT	120748.3465	72916.66667	ZCU_InterBay2_Over_16	STOP
rn_InterBay2_257	SMT	119081.5748	72916.66667	ZCU_InterBay2_Over_15	RESET
rn_InterBay2_258	SMT	118062.9921	72916.66667	ZCU_InterBay2_Over_15	STOP
rn_InterBay2_259	SMT	116828.3465	72916.66667	ZCU_A8_12	RESET
rn_InterBay2_26	SMT	46144.88189	68750	ZCU_InterBay2_Under_6	STOP
rn_InterBay2_260	SMT	115748.0315	72916.66667	ZCU_A8_12	STOP
rn_InterBay2_261	SMT	108957.4803	72916.66667	ZCU_A8_1	RESET
rn_InterBay2_262	SMT	107877.1654	72916.66667	ZCU_A8_1	STOP
rn_InterBay2_263	SMT	106642.5197	72916.66667	ZCU_InterBay2_Over_14	RESET
rn_InterBay2_264	SMT	105623.937	72916.66667	ZCU_InterBay2_Over_14	STOP
rn_InterBay2_265	SMT	103957.1654	72916.66667	ZCU_InterBay2_Over_13	RESET
rn_InterBay2_266	SMT	102938.5827	72916.66667	ZCU_InterBay2_Over_13	STOP
rn_InterBay2_267	SMT	101703.937	72916.66667	ZCU_A7_12	RESET
rn_InterBay2_268	SMT	100623.6221	72916.66667	ZCU_A7_12	STOP
rn_InterBay2_269	SMT	93833.07086	72916.66667	ZCU_A7_1	RESET
rn_InterBay2_27	SMT	47379.52756	68750	ZCU_B4_6	RESET
rn_InterBay2_270	SMT	92752.75591	72916.66667	ZCU_A7_1	STOP
rn_InterBay2_271	SMT	91518.11023	72916.66667	ZCU_InterBay2_Over_12	RESET
rn_InterBay2_272	SMT	90499.52756	72916.66667	ZCU_InterBay2_Over_12	STOP
rn_InterBay2_273	SMT	88832.7559	72916.66667	ZCU_InterBay2_Over_11	RESET
rn_InterBay2_274	SMT	87814.17322	72916.66667	ZCU_InterBay2_Over_11	STOP
rn_InterBay2_275	SMT	86579.52756	72916.66667	ZCU_A6_12	RESET
rn_InterBay2_276	SMT	85499.21259	72916.66667	ZCU_A6_12	STOP
rn_InterBay2_277	SMT	78708.66142	72916.66667	ZCU_A6_1	RESET
rn_InterBay2_278	SMT	77628.34645	72916.66667	ZCU_A6_1	STOP
rn_InterBay2_279	SMT	76393.70079	72916.66667	ZCU_InterBay2_Over_10	RESET
rn_InterBay2_28	SMT	48459.84252	68750	ZCU_B4_6	STOP
rn_InterBay2_280	SMT	75375.11811	72916.66667	ZCU_InterBay2_Over_10	STOP
rn_InterBay2_281	SMT	73708.34646	72916.66667	ZCU_InterBay2_Over_9	RESET
rn_InterBay2_282	SMT	72689.76378	72916.66667	ZCU_InterBay2_Over_9	STOP
rn_InterBay2_283	SMT	71455.11811	72916.66667	ZCU_A5_12	RESET
rn_InterBay2_284	SMT	70374.80315	72916.66667	ZCU_A5_12	STOP
rn_InterBay2_285	SMT	63584.25197	72916.66667	ZCU_A5_1	RESET
rn_InterBay2_286	SMT	62503.93701	72916.66667	ZCU_A5_1	STOP
rn_InterBay2_287	SMT	61269.29134	72916.66667	ZCU_InterBay2_Over_8	RESET
rn_InterBay2_288	SMT	60250.70867	72916.66667	ZCU_InterBay2_Over_8	STOP
rn_InterBay2_289	SMT	58583.93701	72916.66667	ZCU_InterBay2_Over_7	RESET
rn_InterBay2_29	SMT	55250.3937	68750	ZCU_B4_7	RESET
rn_InterBay2_290	SMT	57565.35433	72916.66667	ZCU_InterBay2_Over_7	STOP
rn_InterBay2_291	SMT	56330.70866	72916.66667	ZCU_A4_12	RESET
rn_InterBay2_292	SMT	55250.3937	72916.66667	ZCU_A4_12	STOP
rn_InterBay2_293	SMT	48459.84252	72916.66667	ZCU_A4_1	RESET
rn_InterBay2_294	SMT	47379.52756	72916.66667	ZCU_A4_1	STOP
rn_InterBay2_295	SMT	46144.88189	72916.66667	ZCU_InterBay2_Over_6	RESET
rn_InterBay2_296	SMT	45126.29921	72916.66667	ZCU_InterBay2_Over_6	STOP
rn_InterBay2_297	SMT	43459.52756	72916.66667	ZCU_InterBay2_Over_5	RESET
rn_InterBay2_298	SMT	42440.94488	72916.66667	ZCU_InterBay2_Over_5	STOP
rn_InterBay2_299	SMT	41206.29921	72916.66667	ZCU_A3_12	RESET
rn_InterBay2_3	SMT	2006.299213	68750	ZCU_B1_6	RESET
rn_InterBay2_30	SMT	56330.70866	68750	ZCU_B4_7	STOP
rn_InterBay2_300	SMT	40125.98425	72916.66667	ZCU_A3_12	STOP
rn_InterBay2_301	SMT	33335.43307	72916.66667	ZCU_A3_1	RESET
rn_InterBay2_302	SMT	32255.11811	72916.66667	ZCU_A3_1	STOP
rn_InterBay2_303	SMT	31020.47244	72916.66667	ZCU_InterBay2_Over_4	RESET
rn_InterBay2_304	SMT	30001.88976	72916.66667	ZCU_InterBay2_Over_4	STOP
rn_InterBay2_305	SMT	28335.11811	72916.66667	ZCU_InterBay2_Over_3	RESET
rn_InterBay2_306	SMT	27316.53543	72916.66667	ZCU_InterBay2_Over_3	STOP
rn_InterBay2_307	SMT	26081.88977	72916.66667	ZCU_A2_12	RESET
rn_InterBay2_308	SMT	25001.5748	72916.66667	ZCU_A2_12	STOP
rn_InterBay2_309	SMT	18211.02363	72916.66667	ZCU_A2_1	RESET
rn_InterBay2_31	SMT	57565.35433	68750	ZCU_InterBay2_Under_7	RESET
rn_InterBay2_310	SMT	17130.70866	72916.66667	ZCU_A2_1	STOP
rn_InterBay2_311	SMT	15896.063	72916.66667	ZCU_InterBay2_Over_2	RESET
rn_InterBay2_312	SMT	14877.48032	72916.66667	ZCU_InterBay2_Over_2	STOP
rn_InterBay2_313	SMT	13210.70867	72916.66667	ZCU_InterBay2_Over_1	RESET
rn_InterBay2_314	SMT	12192.12599	72916.66667	ZCU_InterBay2_Over_1	STOP
rn_InterBay2_315	SMT	10957.48031	72916.66667	ZCU_A1_12	RESET
rn_InterBay2_316	SMT	9877.165355	72916.66667	ZCU_A1_12	STOP
rn_InterBay2_317	SMT	3086.614173	72916.66667	ZCU_A1_1	RESET
rn_InterBay2_318	SMT	2006.299213	72916.66667	ZCU_A1_1	STOP
rn_InterBay2_319	SMT	925.984252	72916.66667	.	NONE
rn_InterBay2_32	SMT	58583.93701	68750	ZCU_InterBay2_Under_7	STOP
rn_InterBay2_320	SMT	0	72291.66667	.	NONE
rn_InterBay2_321	SMT	4629.92126	70312.5	.	NONE
rn_InterBay2_322	SMT	5401.574803	69791.66667	.	NONE
rn_InterBay2_323	SMT	12192.12599	69791.66667	ZCU_InterBay2_Under_1	RESET
rn_InterBay2_324	SMT	13210.70867	69791.66667	ZCU_InterBay2_Under_1	STOP
rn_InterBay2_325	SMT	14877.48032	69791.66667	ZCU_InterBay2_Under_2	RESET
rn_InterBay2_326	SMT	15896.063	69791.66667	ZCU_InterBay2_Under_2	STOP
rn_InterBay2_327	SMT	21606.29921	69791.66667	ZCU_InterBay2_Center_1	RESET
rn_InterBay2_328	SMT	23149.6063	69791.66667	ZCU_InterBay2_Center_1	STOP
rn_InterBay2_329	SMT	27316.53543	69791.66667	ZCU_InterBay2_Under_3	RESET
rn_InterBay2_33	SMT	60250.70867	68750	ZCU_InterBay2_Under_8	RESET
rn_InterBay2_330	SMT	28335.11811	69791.66667	ZCU_InterBay2_Under_3	STOP
rn_InterBay2_331	SMT	30001.88976	69791.66667	ZCU_InterBay2_Under_4	RESET
rn_InterBay2_332	SMT	31020.47244	69791.66667	ZCU_InterBay2_Under_4	STOP
rn_InterBay2_333	SMT	36730.70867	69791.66667	ZCU_InterBay2_Center_2	NONE
rn_InterBay2_334	SMT	42440.94488	69791.66667	ZCU_InterBay2_Under_5	RESET
rn_InterBay2_335	SMT	43459.52756	69791.66667	ZCU_InterBay2_Under_5	STOP
rn_InterBay2_336	SMT	45126.29921	69791.66667	ZCU_InterBay2_Under_6	RESET
rn_InterBay2_337	SMT	46144.88189	69791.66667	ZCU_InterBay2_Under_6	STOP
rn_InterBay2_338	SMT	51855.11811	69791.66667	ZCU_InterBay2_Center_3	RESET
rn_InterBay2_339	SMT	53398.4252	69791.66667	ZCU_InterBay2_Center_3	STOP
rn_InterBay2_34	SMT	61269.29134	68750	ZCU_InterBay2_Under_8	STOP
rn_InterBay2_340	SMT	57565.35433	69791.66667	ZCU_InterBay2_Under_7	RESET
rn_InterBay2_341	SMT	58583.93701	69791.66667	ZCU_InterBay2_Under_7	STOP
rn_InterBay2_342	SMT	60250.70867	69791.66667	ZCU_InterBay2_Under_8	RESET
rn_InterBay2_343	SMT	61269.29134	69791.66667	ZCU_InterBay2_Under_8	STOP
rn_InterBay2_344	SMT	66979.52756	69791.66667	ZCU_InterBay2_Center_4	NONE
rn_InterBay2_345	SMT	72689.76378	69791.66667	ZCU_InterBay2_Under_9	RESET
rn_InterBay2_346	SMT	73708.34646	69791.66667	ZCU_InterBay2_Under_9	STOP
rn_InterBay2_347	SMT	75375.11811	69791.66667	ZCU_InterBay2_Under_10	RESET
rn_InterBay2_348	SMT	76393.70079	69791.66667	ZCU_InterBay2_Under_10	STOP
rn_InterBay2_349	SMT	82103.93701	69791.66667	ZCU_InterBay2_Center_5	RESET
rn_InterBay2_35	SMT	62503.93701	68750	ZCU_B5_6	RESET
rn_InterBay2_350	SMT	83647.24409	69791.66667	ZCU_InterBay2_Center_5	STOP
rn_InterBay2_351	SMT	87814.17322	69791.66667	ZCU_InterBay2_Under_11	RESET
rn_InterBay2_352	SMT	88832.7559	69791.66667	ZCU_InterBay2_Under_11	STOP
rn_InterBay2_353	SMT	90499.52756	69791.66667	ZCU_InterBay2_Under_12	RESET
rn_InterBay2_354	SMT	91518.11023	69791.66667	ZCU_InterBay2_Under_12	STOP
rn_InterBay2_355	SMT	97228.34646	69791.66667	ZCU_InterBay2_Center_6	NONE
rn_InterBay2_356	SMT	102938.5827	69791.66667	ZCU_InterBay2_Under_13	RESET
rn_InterBay2_357	SMT	103957.1654	69791.66667	ZCU_InterBay2_Under_13	STOP
rn_InterBay2_358	SMT	105623.937	69791.66667	ZCU_InterBay2_Under_14	RESET
rn_InterBay2_359	SMT	106642.5197	69791.66667	ZCU_InterBay2_Under_14	STOP
rn_InterBay2_36	SMT	63584.25197	68750	ZCU_B5_6	STOP
rn_InterBay2_360	SMT	112352.7559	69791.66667	ZCU_InterBay2_Center_7	RESET
rn_InterBay2_361	SMT	113896.063	69791.66667	ZCU_InterBay2_Center_7	STOP
rn_InterBay2_362	SMT	118062.9921	69791.66667	ZCU_InterBay2_Under_15	RESET
rn_InterBay2_363	SMT	119081.5748	69791.66667	ZCU_InterBay2_Under_15	STOP
rn_InterBay2_364	SMT	120748.3465	69791.66667	ZCU_InterBay2_Under_16	RESET
rn_InterBay2_365	SMT	121766.9291	69791.66667	ZCU_InterBay2_Under_16	STOP
rn_InterBay2_366	SMT	127477.1654	69791.66667	ZCU_InterBay2_Center_8	NONE
rn_InterBay2_367	SMT	133187.4015	69791.66667	ZCU_InterBay2_Under_17	RESET
rn_InterBay2_368	SMT	134205.9842	69791.66667	ZCU_InterBay2_Under_17	STOP
rn_InterBay2_369	SMT	135872.7559	69791.66667	ZCU_InterBay2_Under_18	RESET
rn_InterBay2_37	SMT	70374.80315	68750	ZCU_B5_7	RESET
rn_InterBay2_370	SMT	136891.3385	69791.66667	ZCU_InterBay2_Under_18	STOP
rn_InterBay2_371	SMT	142601.5748	69791.66667	ZCU_InterBay2_Center_9	RESET
rn_InterBay2_372	SMT	144144.8819	69791.66667	ZCU_InterBay2_Center_9	STOP
rn_InterBay2_373	SMT	148311.8111	69791.66667	ZCU_InterBay2_Under_19	RESET
rn_InterBay2_374	SMT	149330.3937	69791.66667	ZCU_InterBay2_Under_19	STOP
rn_InterBay2_375	SMT	150997.1654	69791.66667	ZCU_InterBay2_Under_20	RESET
rn_InterBay2_376	SMT	152015.7481	69791.66667	ZCU_InterBay2_Under_20	STOP
rn_InterBay2_377	SMT	157725.9842	69791.66667	ZCU_InterBay2_Center_10	NONE
rn_InterBay2_378	SMT	163436.2205	69791.66667	ZCU_InterBay2_Under_21	RESET
rn_InterBay2_379	SMT	164454.8031	69791.66667	ZCU_InterBay2_Under_21	STOP
rn_InterBay2_38	SMT	71455.11811	68750	ZCU_B5_7	STOP
rn_InterBay2_380	SMT	166121.5748	69791.66667	ZCU_InterBay2_Under_22	RESET
rn_InterBay2_381	SMT	167140.1575	69791.66667	ZCU_InterBay2_Under_22	STOP
rn_InterBay2_382	SMT	172850.3937	69791.66667	ZCU_InterBay2_Center_11	RESET
rn_InterBay2_383	SMT	174393.7007	69791.66667	ZCU_InterBay2_Center_11	STOP
rn_InterBay2_384	SMT	178560.6299	69791.66667	ZCU_InterBay2_Under_23	RESET
rn_InterBay2_385	SMT	179579.2126	69791.66667	ZCU_InterBay2_Under_23	STOP
rn_InterBay2_386	SMT	181245.9842	69791.66667	ZCU_InterBay2_Under_24	RESET
rn_InterBay2_387	SMT	182264.5669	69791.66667	ZCU_InterBay2_Under_24	STOP
rn_InterBay2_388	SMT	187974.8031	69791.66667	ZCU_InterBay2_Center_12	NONE
rn_InterBay2_389	SMT	193685.0394	69791.66667	ZCU_InterBay2_Under_25	RESET
rn_InterBay2_39	SMT	72689.76378	68750	ZCU_InterBay2_Under_9	RESET
rn_InterBay2_390	SMT	194703.6221	69791.66667	ZCU_InterBay2_Under_25	STOP
rn_InterBay2_391	SMT	196370.3937	69791.66667	ZCU_InterBay2_Under_26	RESET
rn_InterBay2_392	SMT	197388.9764	69791.66667	ZCU_InterBay2_Under_26	STOP
rn_InterBay2_393	SMT	203099.2126	69791.66667	ZCU_InterBay2_Center_13	RESET
rn_InterBay2_394	SMT	204642.5197	69791.66667	ZCU_InterBay2_Center_13	STOP
rn_InterBay2_395	SMT	208809.4488	69791.66667	ZCU_InterBay2_Under_27	RESET
rn_InterBay2_396	SMT	209828.0315	69791.66667	ZCU_InterBay2_Under_27	STOP
rn_InterBay2_397	SMT	211494.8031	69791.66667	ZCU_InterBay2_Under_28	RESET
rn_InterBay2_398	SMT	212513.3858	69791.66667	ZCU_InterBay2_Under_28	STOP
rn_InterBay2_399	SMT	218223.6221	69791.66667	ZCU_InterBay2_Center_14	NONE
rn_InterBay2_4	SMT	3086.614173	68750	ZCU_B1_6	STOP
rn_InterBay2_40	SMT	73708.34646	68750	ZCU_InterBay2_Under_9	STOP
rn_InterBay2_400	SMT	223933.8582	69791.66667	ZCU_InterBay2_Under_29	RESET
rn_InterBay2_401	SMT	224952.4409	69791.66667	ZCU_InterBay2_Under_29	STOP
rn_InterBay2_402	SMT	226619.2126	69791.66667	ZCU_InterBay2_Under_30	RESET
rn_InterBay2_403	SMT	227637.7952	69791.66667	ZCU_InterBay2_Under_30	STOP
rn_InterBay2_404	SMT	233348.0315	69791.66667	ZCU_InterBay2_Center_15	RESET
rn_InterBay2_405	SMT	234891.3386	69791.66667	ZCU_InterBay2_Center_15	STOP
rn_InterBay2_406	SMT	239058.2678	69791.66667	ZCU_InterBay2_Under_31	RESET
rn_InterBay2_407	SMT	240076.8504	69791.66667	ZCU_InterBay2_Under_31	STOP
rn_InterBay2_408	SMT	241743.6221	69791.66667	ZCU_InterBay2_Under_32	RESET
rn_InterBay2_409	SMT	242762.2048	69791.66667	ZCU_InterBay2_Under_32	STOP
rn_InterBay2_41	SMT	75375.11811	68750	ZCU_InterBay2_Under_10	RESET
rn_InterBay2_410	SMT	248472.4409	69791.66667	ZCU_InterBay2_Center_16	NONE
rn_InterBay2_411	SMT	254182.6772	69791.66667	ZCU_InterBay2_Under_33	RESET
rn_InterBay2_412	SMT	255201.2598	69791.66667	ZCU_InterBay2_Under_33	STOP
rn_InterBay2_413	SMT	256868.0315	69791.66667	ZCU_InterBay2_Under_34	RESET
rn_InterBay2_414	SMT	257886.6142	69791.66667	ZCU_InterBay2_Under_34	STOP
rn_InterBay2_415	SMT	263596.8504	69791.66667	ZCU_InterBay2_Center_17	RESET
rn_InterBay2_416	SMT	265140.1574	69791.66667	ZCU_InterBay2_Center_17	STOP
rn_InterBay2_417	SMT	269307.0866	69791.66667	ZCU_InterBay2_Under_35	RESET
rn_InterBay2_418	SMT	270325.6693	69791.66667	ZCU_InterBay2_Under_35	STOP
rn_InterBay2_419	SMT	271992.4409	69791.66667	ZCU_InterBay2_Under_36	RESET
rn_InterBay2_42	SMT	76393.70079	68750	ZCU_InterBay2_Under_10	STOP
rn_InterBay2_420	SMT	273011.0236	69791.66667	ZCU_InterBay2_Under_36	STOP
rn_InterBay2_421	SMT	278721.2598	69791.66667	ZCU_InterBay2_Center_18	NONE
rn_InterBay2_422	SMT	284431.4961	69791.66667	ZCU_InterBay2_Under_37	RESET
rn_InterBay2_423	SMT	285450.0788	69791.66667	ZCU_InterBay2_Under_37	STOP
rn_InterBay2_424	SMT	287116.8504	69791.66667	ZCU_InterBay2_Under_38	RESET
rn_InterBay2_425	SMT	288135.4331	69791.66667	ZCU_InterBay2_Under_38	STOP
rn_InterBay2_426	SMT	294925.9843	69791.66669	.	NONE
rn_InterBay2_427	SMT	295696.4567	70312.5	.	NONE
rn_InterBay2_428	SMT	295696.4567	71354.16669	.	NONE
rn_InterBay2_429	SMT	294925.9843	71831.95153	.	NONE
rn_InterBay2_43	SMT	77628.34645	68750	ZCU_B6_6	RESET
rn_InterBay2_430	SMT	288135.4331	71875	ZCU_InterBay2_Over_38	RESET
rn_InterBay2_431	SMT	287116.8504	71875	ZCU_InterBay2_Over_38	STOP
rn_InterBay2_432	SMT	285450.0788	71875	ZCU_InterBay2_Over_37	RESET
rn_InterBay2_433	SMT	284431.4961	71875	ZCU_InterBay2_Over_37	STOP
rn_InterBay2_434	SMT	278721.2598	71875	ZCU_InterBay2_Center_18	RESET
rn_InterBay2_435	SMT	277177.9527	71875	ZCU_InterBay2_Center_18	STOP
rn_InterBay2_436	SMT	273011.0236	71875	ZCU_InterBay2_Over_36	RESET
rn_InterBay2_437	SMT	271992.4409	71875	ZCU_InterBay2_Over_36	STOP
rn_InterBay2_438	SMT	270325.6693	71875	ZCU_InterBay2_Over_35	RESET
rn_InterBay2_439	SMT	269307.0866	71875	ZCU_InterBay2_Over_35	STOP
rn_InterBay2_44	SMT	78708.66142	68750	ZCU_B6_6	STOP
rn_InterBay2_440	SMT	263596.8504	71875	ZCU_InterBay2_Center_17	NONE
rn_InterBay2_441	SMT	257886.6142	71875	ZCU_InterBay2_Over_34	RESET
rn_InterBay2_442	SMT	256868.0315	71875	ZCU_InterBay2_Over_34	STOP
rn_InterBay2_443	SMT	255201.2598	71875	ZCU_InterBay2_Over_33	RESET
rn_InterBay2_444	SMT	254182.6772	71875	ZCU_InterBay2_Over_33	STOP
rn_InterBay2_445	SMT	248472.4409	71875	ZCU_InterBay2_Center_16	RESET
rn_InterBay2_446	SMT	246929.1339	71875	ZCU_InterBay2_Center_16	STOP
rn_InterBay2_447	SMT	242762.2048	71875	ZCU_InterBay2_Over_32	RESET
rn_InterBay2_448	SMT	241743.6221	71875	ZCU_InterBay2_Over_32	STOP
rn_InterBay2_449	SMT	240076.8504	71875	ZCU_InterBay2_Over_31	RESET
rn_InterBay2_45	SMT	85499.21259	68750	ZCU_B6_7	RESET
rn_InterBay2_450	SMT	239058.2678	71875	ZCU_InterBay2_Over_31	STOP
rn_InterBay2_451	SMT	233348.0315	71875	ZCU_InterBay2_Center_15	NONE
rn_InterBay2_452	SMT	227637.7952	71875	ZCU_InterBay2_Over_30	RESET
rn_InterBay2_453	SMT	226619.2126	71875	ZCU_InterBay2_Over_30	STOP
rn_InterBay2_454	SMT	224952.4409	71875	ZCU_InterBay2_Over_29	RESET
rn_InterBay2_455	SMT	223933.8582	71875	ZCU_InterBay2_Over_29	STOP
rn_InterBay2_456	SMT	218223.6221	71875	ZCU_InterBay2_Center_14	RESET
rn_InterBay2_457	SMT	216680.315	71875	ZCU_InterBay2_Center_14	STOP
rn_InterBay2_458	SMT	212513.3858	71875	ZCU_InterBay2_Over_28	RESET
rn_InterBay2_459	SMT	211494.8031	71875	ZCU_InterBay2_Over_28	STOP
rn_InterBay2_46	SMT	86579.52756	68750	ZCU_B6_7	STOP
rn_InterBay2_460	SMT	209828.0315	71875	ZCU_InterBay2_Over_27	RESET
rn_InterBay2_461	SMT	208809.4488	71875	ZCU_InterBay2_Over_27	STOP
rn_InterBay2_462	SMT	203099.2126	71875	ZCU_InterBay2_Center_13	NONE
rn_InterBay2_463	SMT	197388.9764	71875	ZCU_InterBay2_Over_26	RESET
rn_InterBay2_464	SMT	196370.3937	71875	ZCU_InterBay2_Over_26	STOP
rn_InterBay2_465	SMT	194703.6221	71875	ZCU_InterBay2_Over_25	RESET
rn_InterBay2_466	SMT	193685.0394	71875	ZCU_InterBay2_Over_25	STOP
rn_InterBay2_467	SMT	187974.8031	71875	ZCU_InterBay2_Center_12	RESET
rn_InterBay2_468	SMT	186431.496	71875	ZCU_InterBay2_Center_12	STOP
rn_InterBay2_469	SMT	182264.5669	71875	ZCU_InterBay2_Over_24	RESET
rn_InterBay2_47	SMT	87814.17322	68750	ZCU_InterBay2_Under_11	RESET
rn_InterBay2_470	SMT	181245.9842	71875	ZCU_InterBay2_Over_24	STOP
rn_InterBay2_471	SMT	179579.2126	71875	ZCU_InterBay2_Over_23	RESET
rn_InterBay2_472	SMT	178560.6299	71875	ZCU_InterBay2_Over_23	STOP
rn_InterBay2_473	SMT	172850.3937	71875	ZCU_InterBay2_Center_11	NONE
rn_InterBay2_474	SMT	167140.1575	71875	ZCU_InterBay2_Over_22	RESET
rn_InterBay2_475	SMT	166121.5748	71875	ZCU_InterBay2_Over_22	STOP
rn_InterBay2_476	SMT	164454.8031	71875	ZCU_InterBay2_Over_21	RESET
rn_InterBay2_477	SMT	163436.2205	71875	ZCU_InterBay2_Over_21	STOP
rn_InterBay2_478	SMT	157725.9842	71875	ZCU_InterBay2_Center_10	RESET
rn_InterBay2_479	SMT	156182.6772	71875	ZCU_InterBay2_Center_10	STOP
rn_InterBay2_48	SMT	88832.7559	68750	ZCU_InterBay2_Under_11	STOP
rn_InterBay2_480	SMT	152015.7481	71875	ZCU_InterBay2_Over_20	RESET
rn_InterBay2_481	SMT	150997.1654	71875	ZCU_InterBay2_Over_20	STOP
rn_InterBay2_482	SMT	149330.3937	71875	ZCU_InterBay2_Over_19	RESET
rn_InterBay2_483	SMT	148311.8111	71875	ZCU_InterBay2_Over_19	STOP
rn_InterBay2_484	SMT	142601.5748	71875	ZCU_InterBay2_Center_9	NONE
rn_InterBay2_485	SMT	136891.3385	71875	ZCU_InterBay2_Over_18	RESET
rn_InterBay2_486	SMT	135872.7559	71875	ZCU_InterBay2_Over_18	STOP
rn_InterBay2_487	SMT	134205.9842	71875	ZCU_InterBay2_Over_17	RESET
rn_InterBay2_488	SMT	133187.4015	71875	ZCU_InterBay2_Over_17	STOP
rn_InterBay2_489	SMT	127477.1654	71875	ZCU_InterBay2_Center_8	RESET
rn_InterBay2_49	SMT	90499.52756	68750	ZCU_InterBay2_Under_12	RESET
rn_InterBay2_490	SMT	125933.8583	71875	ZCU_InterBay2_Center_8	STOP
rn_InterBay2_491	SMT	121766.9291	71875	ZCU_InterBay2_Over_16	RESET
rn_InterBay2_492	SMT	120748.3465	71875	ZCU_InterBay2_Over_16	STOP
rn_InterBay2_493	SMT	119081.5748	71875	ZCU_InterBay2_Over_15	RESET
rn_InterBay2_494	SMT	118062.9921	71875	ZCU_InterBay2_Over_15	STOP
rn_InterBay2_495	SMT	112352.7559	71875	ZCU_InterBay2_Center_7	NONE
rn_InterBay2_496	SMT	106642.5197	71875	ZCU_InterBay2_Over_14	RESET
rn_InterBay2_497	SMT	105623.937	71875	ZCU_InterBay2_Over_14	STOP
rn_InterBay2_498	SMT	103957.1654	71875	ZCU_InterBay2_Over_13	RESET
rn_InterBay2_499	SMT	102938.5827	71875	ZCU_InterBay2_Over_13	STOP
rn_InterBay2_5	SMT	9877.165355	68750	ZCU_B1_7	RESET
rn_InterBay2_50	SMT	91518.11023	68750	ZCU_InterBay2_Under_12	STOP
rn_InterBay2_500	SMT	97228.34646	71875	ZCU_InterBay2_Center_6	RESET
rn_InterBay2_501	SMT	95685.03937	71875	ZCU_InterBay2_Center_6	STOP
rn_InterBay2_502	SMT	91518.11023	71875	ZCU_InterBay2_Over_12	RESET
rn_InterBay2_503	SMT	90499.52756	71875	ZCU_InterBay2_Over_12	STOP
rn_InterBay2_504	SMT	88832.7559	71875	ZCU_InterBay2_Over_11	RESET
rn_InterBay2_505	SMT	87814.17322	71875	ZCU_InterBay2_Over_11	STOP
rn_InterBay2_506	SMT	82103.93701	71875	ZCU_InterBay2_Center_5	NONE
rn_InterBay2_507	SMT	76393.70079	71875	ZCU_InterBay2_Over_10	RESET
rn_InterBay2_508	SMT	75375.11811	71875	ZCU_InterBay2_Over_10	STOP
rn_InterBay2_509	SMT	73708.34646	71875	ZCU_InterBay2_Over_9	RESET
rn_InterBay2_51	SMT	92752.75591	68750	ZCU_B7_6	RESET
rn_InterBay2_510	SMT	72689.76378	71875	ZCU_InterBay2_Over_9	STOP
rn_InterBay2_511	SMT	66979.52756	71875	ZCU_InterBay2_Center_4	RESET
rn_InterBay2_512	SMT	65436.22048	71875	ZCU_InterBay2_Center_4	STOP
rn_InterBay2_513	SMT	61269.29134	71875	ZCU_InterBay2_Over_8	RESET
rn_InterBay2_514	SMT	60250.70867	71875	ZCU_InterBay2_Over_8	STOP
rn_InterBay2_515	SMT	58583.93701	71875	ZCU_InterBay2_Over_7	RESET
rn_InterBay2_516	SMT	57565.35433	71875	ZCU_InterBay2_Over_7	STOP
rn_InterBay2_517	SMT	51855.11811	71875	ZCU_InterBay2_Center_3	NONE
rn_InterBay2_518	SMT	46144.88189	71875	ZCU_InterBay2_Over_6	RESET
rn_InterBay2_519	SMT	45126.29921	71875	ZCU_InterBay2_Over_6	STOP
rn_InterBay2_52	SMT	93833.07086	68750	ZCU_B7_6	STOP
rn_InterBay2_520	SMT	43459.52756	71875	ZCU_InterBay2_Over_5	RESET
rn_InterBay2_521	SMT	42440.94488	71875	ZCU_InterBay2_Over_5	STOP
rn_InterBay2_522	SMT	36730.70867	71875	ZCU_InterBay2_Center_2	RESET
rn_InterBay2_523	SMT	35187.40157	71875	ZCU_InterBay2_Center_2	STOP
rn_InterBay2_524	SMT	31020.47244	71875	ZCU_InterBay2_Over_4	RESET
rn_InterBay2_525	SMT	30001.88976	71875	ZCU_InterBay2_Over_4	STOP
rn_InterBay2_526	SMT	28335.11811	71875	ZCU_InterBay2_Over_3	RESET
rn_InterBay2_527	SMT	27316.53543	71875	ZCU_InterBay2_Over_3	STOP
rn_InterBay2_528	SMT	21606.29921	71875	ZCU_InterBay2_Center_1	NONE
rn_InterBay2_529	SMT	15896.063	71875	ZCU_InterBay2_Over_2	RESET
rn_InterBay2_53	SMT	100623.6221	68750	ZCU_B7_7	RESET
rn_InterBay2_530	SMT	14877.48032	71875	ZCU_InterBay2_Over_2	STOP
rn_InterBay2_531	SMT	13210.70867	71875	ZCU_InterBay2_Over_1	RESET
rn_InterBay2_532	SMT	12192.12599	71875	ZCU_InterBay2_Over_1	STOP
rn_InterBay2_533	SMT	5401.574803	71875	.	NONE
rn_InterBay2_534	SMT	4629.92126	71354.16667	.	NONE
rn_InterBay2_535	SMT	22377.87402	71354.19324	ZCU_InterBay2_Center_1	NONE
rn_InterBay2_536	SMT	22377.87402	70312.5	ZCU_InterBay2_Center_1	STOP
rn_InterBay2_537	SMT	35959.13386	70312.5	ZCU_InterBay2_Center_2	NONE
rn_InterBay2_538	SMT	35959.13386	71354.19324	ZCU_InterBay2_Center_2	STOP
rn_InterBay2_539	SMT	52626.73228	71354.19324	ZCU_InterBay2_Center_3	NONE
rn_InterBay2_54	SMT	101703.937	68750	ZCU_B7_7	STOP
rn_InterBay2_540	SMT	52626.73228	70312.5	ZCU_InterBay2_Center_3	STOP
rn_InterBay2_541	SMT	66207.87402	70312.5	ZCU_InterBay2_Center_4	NONE
rn_InterBay2_542	SMT	66207.87402	71354.19324	ZCU_InterBay2_Center_4	STOP
rn_InterBay2_543	SMT	82875.59055	71354.19324	ZCU_InterBay2_Center_5	NONE
rn_InterBay2_544	SMT	82875.59055	70312.5	ZCU_InterBay2_Center_5	STOP
rn_InterBay2_545	SMT	96456.73228	70312.5	ZCU_InterBay2_Center_6	NONE
rn_InterBay2_546	SMT	96456.73228	71354.19324	ZCU_InterBay2_Center_6	STOP
rn_InterBay2_547	SMT	113124.3307	71354.19324	ZCU_InterBay2_Center_7	NONE
rn_InterBay2_548	SMT	113124.3307	70312.5	ZCU_InterBay2_Center_7	STOP
rn_InterBay2_549	SMT	126705.5906	70312.5	ZCU_InterBay2_Center_8	NONE
rn_InterBay2_55	SMT	102938.5827	68750	ZCU_InterBay2_Under_13	RESET
rn_InterBay2_550	SMT	126705.5906	71354.19324	ZCU_InterBay2_Center_8	STOP
rn_InterBay2_551	SMT	143373.189	71354.19324	ZCU_InterBay2_Center_9	NONE
rn_InterBay2_552	SMT	143373.189	70312.5	ZCU_InterBay2_Center_9	STOP
rn_InterBay2_553	SMT	156954.3307	70312.5	ZCU_InterBay2_Center_10	NONE
rn_InterBay2_554	SMT	156954.3307	71354.19324	ZCU_InterBay2_Center_10	STOP
rn_InterBay2_555	SMT	173622.0472	71354.19324	ZCU_InterBay2_Center_11	NONE
rn_InterBay2_556	SMT	173622.0472	70312.5	ZCU_InterBay2_Center_11	STOP
rn_InterBay2_557	SMT	187203.189	70312.5	ZCU_InterBay2_Center_12	NONE
rn_InterBay2_558	SMT	187203.189	71354.19324	ZCU_InterBay2_Center_12	STOP
rn_InterBay2_559	SMT	203870.7874	71354.19324	ZCU_InterBay2_Center_13	NONE
rn_InterBay2_56	SMT	103957.1654	68750	ZCU_InterBay2_Under_13	STOP
rn_InterBay2_560	SMT	203870.7874	70312.5	ZCU_InterBay2_Center_13	STOP
rn_InterBay2_561	SMT	217452.0472	70312.5	ZCU_InterBay2_Center_14	NONE
rn_InterBay2_562	SMT	217452.0472	71354.19324	ZCU_InterBay2_Center_14	STOP
rn_InterBay2_563	SMT	234119.6457	71354.19324	ZCU_InterBay2_Center_15	NONE
rn_InterBay2_564	SMT	234119.6457	70312.5	ZCU_InterBay2_Center_15	STOP
rn_InterBay2_565	SMT	247700.7874	70312.5	ZCU_InterBay2_Center_16	NONE
rn_InterBay2_566	SMT	247700.7874	71354.19324	ZCU_InterBay2_Center_16	STOP
rn_InterBay2_567	SMT	264368.5039	71354.19324	ZCU_InterBay2_Center_17	NONE
rn_InterBay2_568	SMT	264368.5039	70312.5	ZCU_InterBay2_Center_17	STOP
rn_InterBay2_569	SMT	277949.6457	70312.5	ZCU_InterBay2_Center_18	NONE
rn_InterBay2_57	SMT	105623.937	68750	ZCU_InterBay2_Under_14	RESET
rn_InterBay2_570	SMT	277949.6457	71354.19324	ZCU_InterBay2_Center_18	STOP
rn_InterBay2_58	SMT	106642.5197	68750	ZCU_InterBay2_Under_14	STOP
rn_InterBay2_59	SMT	107877.1654	68750	ZCU_B8_6	RESET
rn_InterBay2_6	SMT	10957.48031	68750	ZCU_B1_7	STOP
rn_InterBay2_60	SMT	108957.4803	68750	ZCU_B8_6	STOP
rn_InterBay2_61	SMT	115748.0315	68750	ZCU_B8_7	RESET
rn_InterBay2_62	SMT	116828.3465	68750	ZCU_B8_7	STOP
rn_InterBay2_63	SMT	118062.9921	68750	ZCU_InterBay2_Under_15	RESET
rn_InterBay2_64	SMT	119081.5748	68750	ZCU_InterBay2_Under_15	STOP
rn_InterBay2_65	SMT	120748.3465	68750	ZCU_InterBay2_Under_16	RESET
rn_InterBay2_66	SMT	121766.9291	68750	ZCU_InterBay2_Under_16	STOP
rn_InterBay2_67	SMT	123001.5748	68750	ZCU_B9_6	RESET
rn_InterBay2_68	SMT	124081.8898	68750	ZCU_B9_6	STOP
rn_InterBay2_69	SMT	130872.4409	68750	ZCU_B9_7	RESET
rn_InterBay2_7	SMT	12192.12599	68750	ZCU_InterBay2_Under_1	RESET
rn_InterBay2_70	SMT	131952.7559	68750	ZCU_B9_7	STOP
rn_InterBay2_71	SMT	133187.4015	68750	ZCU_InterBay2_Under_17	RESET
rn_InterBay2_72	SMT	134205.9842	68750	ZCU_InterBay2_Under_17	STOP
rn_InterBay2_73	SMT	135872.7559	68750	ZCU_InterBay2_Under_18	RESET
rn_InterBay2_74	SMT	136891.3385	68750	ZCU_InterBay2_Under_18	STOP
rn_InterBay2_75	SMT	138125.9843	68750	ZCU_B10_6	RESET
rn_InterBay2_76	SMT	139206.2992	68750	ZCU_B10_6	STOP
rn_InterBay2_77	SMT	145996.8504	68750	ZCU_B10_7	RESET
rn_InterBay2_78	SMT	147077.1653	68750	ZCU_B10_7	STOP
rn_InterBay2_79	SMT	148311.8111	68750	ZCU_InterBay2_Under_19	RESET
rn_InterBay2_8	SMT	13210.70867	68750	ZCU_InterBay2_Under_1	STOP
rn_InterBay2_80	SMT	149330.3937	68750	ZCU_InterBay2_Under_19	STOP
rn_InterBay2_81	SMT	150997.1654	68750	ZCU_InterBay2_Under_20	RESET
rn_InterBay2_82	SMT	152015.7481	68750	ZCU_InterBay2_Under_20	STOP
rn_InterBay2_83	SMT	153250.3937	68750	ZCU_B11_6	RESET
rn_InterBay2_84	SMT	154330.7087	68750	ZCU_B11_6	STOP
rn_InterBay2_85	SMT	161121.2598	68750	ZCU_B11_7	RESET
rn_InterBay2_86	SMT	162201.5748	68750	ZCU_B11_7	STOP
rn_InterBay2_87	SMT	163436.2205	68750	ZCU_InterBay2_Under_21	RESET
rn_InterBay2_88	SMT	164454.8031	68750	ZCU_InterBay2_Under_21	STOP
rn_InterBay2_89	SMT	166121.5748	68750	ZCU_InterBay2_Under_22	RESET
rn_InterBay2_9	SMT	14877.48032	68750	ZCU_InterBay2_Under_2	RESET
rn_InterBay2_90	SMT	167140.1575	68750	ZCU_InterBay2_Under_22	STOP
rn_InterBay2_91	SMT	168374.8031	68750	ZCU_B12_6	RESET
rn_InterBay2_92	SMT	169455.1181	68750	ZCU_B12_6	STOP
rn_InterBay2_93	SMT	176245.6693	68750	ZCU_B12_7	RESET
rn_InterBay2_94	SMT	177325.9843	68750	ZCU_B12_7	STOP
rn_InterBay2_95	SMT	178560.6299	68750	ZCU_InterBay2_Under_23	RESET
rn_InterBay2_96	SMT	179579.2126	68750	ZCU_InterBay2_Under_23	STOP
rn_InterBay2_97	SMT	181245.9842	68750	ZCU_InterBay2_Under_24	RESET
rn_InterBay2_98	SMT	182264.5669	68750	ZCU_InterBay2_Under_24	STOP
rn_InterBay2_99	SMT	183499.2126	68750	ZCU_B13_6	RESET
rn_InterBay3_1	SMT	0	138125	.	NONE
rn_InterBay3_10	SMT	198623.622	137500	ZCU_A14_6	RESET
rn_InterBay3_100	SMT	194703.6221	141666.6667	ZCU_InterBay3_Over_25	RESET
rn_InterBay3_101	SMT	32255.11811	137500	ZCU_A3_6	RESET
rn_InterBay3_102	SMT	193685.0394	141666.6667	ZCU_InterBay3_Over_25	STOP
rn_InterBay3_103	SMT	182264.5669	141666.6667	ZCU_InterBay3_Over_24	RESET
rn_InterBay3_104	SMT	181245.9842	141666.6667	ZCU_InterBay3_Over_24	STOP
rn_InterBay3_105	SMT	179579.2126	141666.6667	ZCU_InterBay3_Over_23	RESET
rn_InterBay3_106	SMT	178560.6299	141666.6667	ZCU_InterBay3_Over_23	STOP
rn_InterBay3_107	SMT	167140.1575	141666.6667	ZCU_InterBay3_Over_22	RESET
rn_InterBay3_108	SMT	166121.5748	141666.6667	ZCU_InterBay3_Over_22	STOP
rn_InterBay3_109	SMT	164454.8031	141666.6667	ZCU_InterBay3_Over_21	RESET
rn_InterBay3_11	SMT	199703.937	137500	ZCU_A14_6	STOP
rn_InterBay3_110	SMT	163436.2205	141666.6667	ZCU_InterBay3_Over_21	STOP
rn_InterBay3_111	SMT	152015.7481	141666.6667	ZCU_InterBay3_Over_20	RESET
rn_InterBay3_112	SMT	925.984252	137500	.	NONE
rn_InterBay3_113	SMT	33335.43307	137500	ZCU_A3_6	STOP
rn_InterBay3_114	SMT	150997.1654	141666.6667	ZCU_InterBay3_Over_20	STOP
rn_InterBay3_115	SMT	149330.3937	141666.6667	ZCU_InterBay3_Over_19	RESET
rn_InterBay3_116	SMT	148311.8111	141666.6667	ZCU_InterBay3_Over_19	STOP
rn_InterBay3_117	SMT	136891.3385	141666.6667	ZCU_InterBay3_Over_18	RESET
rn_InterBay3_118	SMT	135872.7559	141666.6667	ZCU_InterBay3_Over_18	STOP
rn_InterBay3_119	SMT	134205.9842	141666.6667	ZCU_InterBay3_Over_17	RESET
rn_InterBay3_12	SMT	206494.4882	137500	ZCU_A14_7	RESET
rn_InterBay3_120	SMT	133187.4015	141666.6667	ZCU_InterBay3_Over_17	STOP
rn_InterBay3_121	SMT	121766.9291	141666.6667	ZCU_InterBay3_Over_16	RESET
rn_InterBay3_122	SMT	120748.3465	141666.6667	ZCU_InterBay3_Over_16	STOP
rn_InterBay3_123	SMT	119081.5748	141666.6667	ZCU_InterBay3_Over_15	RESET
rn_InterBay3_124	SMT	40125.98425	137500	ZCU_A3_7	RESET
rn_InterBay3_125	SMT	118062.9921	141666.6667	ZCU_InterBay3_Over_15	STOP
rn_InterBay3_126	SMT	106642.5197	141666.6667	ZCU_InterBay3_Over_14	RESET
rn_InterBay3_127	SMT	105623.937	141666.6667	ZCU_InterBay3_Over_14	STOP
rn_InterBay3_128	SMT	103957.1654	141666.6667	ZCU_InterBay3_Over_13	RESET
rn_InterBay3_129	SMT	102938.5827	141666.6667	ZCU_InterBay3_Over_13	STOP
rn_InterBay3_13	SMT	17130.70866	137500	ZCU_A2_6	RESET
rn_InterBay3_130	SMT	91518.11023	141666.6667	ZCU_InterBay3_Over_12	RESET
rn_InterBay3_131	SMT	90499.52756	141666.6667	ZCU_InterBay3_Over_12	STOP
rn_InterBay3_132	SMT	88832.7559	141666.6667	ZCU_InterBay3_Over_11	RESET
rn_InterBay3_133	SMT	87814.17322	141666.6667	ZCU_InterBay3_Over_11	STOP
rn_InterBay3_134	SMT	76393.70079	141666.6667	ZCU_InterBay3_Over_10	RESET
rn_InterBay3_135	SMT	41206.29921	137500	ZCU_A3_7	STOP
rn_InterBay3_136	SMT	75375.11811	141666.6667	ZCU_InterBay3_Over_10	STOP
rn_InterBay3_137	SMT	73708.34646	141666.6667	ZCU_InterBay3_Over_9	RESET
rn_InterBay3_138	SMT	72689.76378	141666.6667	ZCU_InterBay3_Over_9	STOP
rn_InterBay3_139	SMT	61269.29134	141666.6667	ZCU_InterBay3_Over_8	RESET
rn_InterBay3_14	SMT	207574.8032	137500	ZCU_A14_7	STOP
rn_InterBay3_140	SMT	60250.70867	141666.6667	ZCU_InterBay3_Over_8	STOP
rn_InterBay3_141	SMT	58583.93701	141666.6667	ZCU_InterBay3_Over_7	RESET
rn_InterBay3_142	SMT	57565.35433	141666.6667	ZCU_InterBay3_Over_7	STOP
rn_InterBay3_143	SMT	46144.88189	141666.6667	ZCU_InterBay3_Over_6	RESET
rn_InterBay3_144	SMT	45126.29921	141666.6667	ZCU_InterBay3_Over_6	STOP
rn_InterBay3_145	SMT	43459.52756	141666.6667	ZCU_InterBay3_Over_5	RESET
rn_InterBay3_146	SMT	42440.94488	137500	ZCU_InterBay3_Under_5	RESET
rn_InterBay3_147	SMT	42440.94488	141666.6667	ZCU_InterBay3_Over_5	STOP
rn_InterBay3_148	SMT	31020.47244	141666.6667	ZCU_InterBay3_Over_4	RESET
rn_InterBay3_149	SMT	30001.88976	141666.6667	ZCU_InterBay3_Over_4	STOP
rn_InterBay3_15	SMT	208809.4488	137500	ZCU_InterBay3_Under_27	RESET
rn_InterBay3_150	SMT	28335.11811	141666.6667	ZCU_InterBay3_Over_3	RESET
rn_InterBay3_151	SMT	27316.53543	141666.6667	ZCU_InterBay3_Over_3	STOP
rn_InterBay3_152	SMT	15896.063	141666.6667	ZCU_InterBay3_Over_2	RESET
rn_InterBay3_153	SMT	14877.48032	141666.6667	ZCU_InterBay3_Over_2	STOP
rn_InterBay3_154	SMT	13210.70867	141666.6667	ZCU_InterBay3_Over_1	RESET
rn_InterBay3_155	SMT	12192.12599	141666.6667	ZCU_InterBay3_Over_1	STOP
rn_InterBay3_156	SMT	925.984252	141666.6667	.	NONE
rn_InterBay3_157	SMT	43459.52756	137500	ZCU_InterBay3_Under_5	STOP
rn_InterBay3_158	SMT	0	141041.6667	.	NONE
rn_InterBay3_159	SMT	4629.92126	139062.5	.	NONE
rn_InterBay3_16	SMT	209828.0315	137500	ZCU_InterBay3_Under_27	STOP
rn_InterBay3_160	SMT	5401.574803	138541.6667	.	NONE
rn_InterBay3_161	SMT	12192.12599	138541.6667	ZCU_InterBay3_Under_1	RESET
rn_InterBay3_162	SMT	13210.70867	138541.6667	ZCU_InterBay3_Under_1	STOP
rn_InterBay3_163	SMT	14877.48032	138541.6667	ZCU_InterBay3_Under_2	RESET
rn_InterBay3_164	SMT	15896.063	138541.6667	ZCU_InterBay3_Under_2	STOP
rn_InterBay3_165	SMT	27316.53543	138541.6667	ZCU_InterBay3_Under_3	RESET
rn_InterBay3_166	SMT	45126.29921	137500	ZCU_InterBay3_Under_6	RESET
rn_InterBay3_167	SMT	28335.11811	138541.6667	ZCU_InterBay3_Under_3	STOP
rn_InterBay3_168	SMT	30001.88976	138541.6667	ZCU_InterBay3_Under_4	RESET
rn_InterBay3_169	SMT	31020.47244	138541.6667	ZCU_InterBay3_Under_4	STOP
rn_InterBay3_17	SMT	211494.8031	137500	ZCU_InterBay3_Under_28	RESET
rn_InterBay3_170	SMT	42440.94488	138541.6667	ZCU_InterBay3_Under_5	RESET
rn_InterBay3_171	SMT	43459.52756	138541.6667	ZCU_InterBay3_Under_5	STOP
rn_InterBay3_172	SMT	45126.29921	138541.6667	ZCU_InterBay3_Under_6	RESET
rn_InterBay3_173	SMT	46144.88189	138541.6667	ZCU_InterBay3_Under_6	STOP
rn_InterBay3_174	SMT	46144.88189	137500	ZCU_InterBay3_Under_6	STOP
rn_InterBay3_175	SMT	57565.35433	138541.6667	ZCU_InterBay3_Under_7	RESET
rn_InterBay3_176	SMT	58583.93701	138541.6667	ZCU_InterBay3_Under_7	STOP
rn_InterBay3_177	SMT	60250.70867	138541.6667	ZCU_InterBay3_Under_8	RESET
rn_InterBay3_178	SMT	61269.29134	138541.6667	ZCU_InterBay3_Under_8	STOP
rn_InterBay3_179	SMT	72689.76378	138541.6667	ZCU_InterBay3_Under_9	RESET
rn_InterBay3_18	SMT	212513.3858	137500	ZCU_InterBay3_Under_28	STOP
rn_InterBay3_180	SMT	73708.34646	138541.6667	ZCU_InterBay3_Under_9	STOP
rn_InterBay3_181	SMT	75375.11811	138541.6667	ZCU_InterBay3_Under_10	RESET
rn_InterBay3_182	SMT	76393.70079	138541.6667	ZCU_InterBay3_Under_10	STOP
rn_InterBay3_183	SMT	47379.52756	137500	ZCU_A4_6	RESET
rn_InterBay3_184	SMT	87814.17322	138541.6667	ZCU_InterBay3_Under_11	RESET
rn_InterBay3_185	SMT	88832.7559	138541.6667	ZCU_InterBay3_Under_11	STOP
rn_InterBay3_186	SMT	90499.52756	138541.6667	ZCU_InterBay3_Under_12	RESET
rn_InterBay3_187	SMT	91518.11023	138541.6667	ZCU_InterBay3_Under_12	STOP
rn_InterBay3_188	SMT	102938.5827	138541.6667	ZCU_InterBay3_Under_13	RESET
rn_InterBay3_189	SMT	103957.1654	138541.6667	ZCU_InterBay3_Under_13	STOP
rn_InterBay3_19	SMT	213748.0315	137500	ZCU_A15_6	RESET
rn_InterBay3_190	SMT	105623.937	138541.6667	ZCU_InterBay3_Under_14	RESET
rn_InterBay3_191	SMT	106642.5197	138541.6667	ZCU_InterBay3_Under_14	STOP
rn_InterBay3_192	SMT	48459.84252	137500	ZCU_A4_6	STOP
rn_InterBay3_193	SMT	118062.9921	138541.6667	ZCU_InterBay3_Under_15	RESET
rn_InterBay3_194	SMT	119081.5748	138541.6667	ZCU_InterBay3_Under_15	STOP
rn_InterBay3_195	SMT	120748.3465	138541.6667	ZCU_InterBay3_Under_16	RESET
rn_InterBay3_196	SMT	121766.9291	138541.6667	ZCU_InterBay3_Under_16	STOP
rn_InterBay3_197	SMT	133187.4015	138541.6667	ZCU_InterBay3_Under_17	RESET
rn_InterBay3_198	SMT	134205.9842	138541.6667	ZCU_InterBay3_Under_17	STOP
rn_InterBay3_199	SMT	135872.7559	138541.6667	ZCU_InterBay3_Under_18	RESET
rn_InterBay3_2	SMT	15896.063	137500	ZCU_InterBay3_Under_2	STOP
rn_InterBay3_20	SMT	214828.3465	137500	ZCU_A15_6	STOP
rn_InterBay3_200	SMT	55250.3937	137500	ZCU_A4_7	RESET
rn_InterBay3_201	SMT	136891.3385	138541.6667	ZCU_InterBay3_Under_18	STOP
rn_InterBay3_202	SMT	148311.8111	138541.6667	ZCU_InterBay3_Under_19	RESET
rn_InterBay3_203	SMT	149330.3937	138541.6667	ZCU_InterBay3_Under_19	STOP
rn_InterBay3_204	SMT	150997.1654	138541.6667	ZCU_InterBay3_Under_20	RESET
rn_InterBay3_205	SMT	152015.7481	138541.6667	ZCU_InterBay3_Under_20	STOP
rn_InterBay3_206	SMT	163436.2205	138541.6667	ZCU_InterBay3_Under_21	RESET
rn_InterBay3_207	SMT	164454.8031	138541.6667	ZCU_InterBay3_Under_21	STOP
rn_InterBay3_208	SMT	2006.299213	137500	ZCU_A1_6	RESET
rn_InterBay3_209	SMT	56330.70866	137500	ZCU_A4_7	STOP
rn_InterBay3_21	SMT	221618.8976	137500	ZCU_A15_7	RESET
rn_InterBay3_210	SMT	166121.5748	138541.6667	ZCU_InterBay3_Under_22	RESET
rn_InterBay3_211	SMT	167140.1575	138541.6667	ZCU_InterBay3_Under_22	STOP
rn_InterBay3_212	SMT	178560.6299	138541.6667	ZCU_InterBay3_Under_23	RESET
rn_InterBay3_213	SMT	179579.2126	138541.6667	ZCU_InterBay3_Under_23	STOP
rn_InterBay3_214	SMT	181245.9842	138541.6667	ZCU_InterBay3_Under_24	RESET
rn_InterBay3_215	SMT	182264.5669	138541.6667	ZCU_InterBay3_Under_24	STOP
rn_InterBay3_216	SMT	193685.0394	138541.6667	ZCU_InterBay3_Under_25	RESET
rn_InterBay3_217	SMT	57565.35433	137500	ZCU_InterBay3_Under_7	RESET
rn_InterBay3_218	SMT	194703.6221	138541.6667	ZCU_InterBay3_Under_25	STOP
rn_InterBay3_219	SMT	196370.3937	138541.6667	ZCU_InterBay3_Under_26	RESET
rn_InterBay3_22	SMT	222699.2126	137500	ZCU_A15_7	STOP
rn_InterBay3_220	SMT	197388.9764	138541.6667	ZCU_InterBay3_Under_26	STOP
rn_InterBay3_221	SMT	208809.4488	138541.6667	ZCU_InterBay3_Under_27	RESET
rn_InterBay3_222	SMT	209828.0315	138541.6667	ZCU_InterBay3_Under_27	STOP
rn_InterBay3_223	SMT	211494.8031	138541.6667	ZCU_InterBay3_Under_28	RESET
rn_InterBay3_224	SMT	212513.3858	138541.6667	ZCU_InterBay3_Under_28	STOP
rn_InterBay3_225	SMT	58583.93701	137500	ZCU_InterBay3_Under_7	STOP
rn_InterBay3_226	SMT	223933.8582	138541.6667	ZCU_InterBay3_Under_29	RESET
rn_InterBay3_227	SMT	224952.4409	138541.6667	ZCU_InterBay3_Under_29	STOP
rn_InterBay3_228	SMT	226619.2126	138541.6667	ZCU_InterBay3_Under_30	RESET
rn_InterBay3_229	SMT	227637.7952	138541.6667	ZCU_InterBay3_Under_30	STOP
rn_InterBay3_23	SMT	223933.8582	137500	ZCU_InterBay3_Under_29	RESET
rn_InterBay3_230	SMT	239058.2678	138541.6667	ZCU_InterBay3_Under_31	RESET
rn_InterBay3_231	SMT	240076.8504	138541.6667	ZCU_InterBay3_Under_31	STOP
rn_InterBay3_232	SMT	241743.6221	138541.6667	ZCU_InterBay3_Under_32	RESET
rn_InterBay3_233	SMT	242762.2048	138541.6667	ZCU_InterBay3_Under_32	STOP
rn_InterBay3_234	SMT	60250.70867	137500	ZCU_InterBay3_Under_8	RESET
rn_InterBay3_235	SMT	254182.6772	138541.6667	ZCU_InterBay3_Under_33	RESET
rn_InterBay3_236	SMT	255201.2598	138541.6667	ZCU_InterBay3_Under_33	STOP
rn_InterBay3_237	SMT	256868.0315	138541.6667	ZCU_InterBay3_Under_34	RESET
rn_InterBay3_238	SMT	257886.6142	138541.6667	ZCU_InterBay3_Under_34	STOP
rn_InterBay3_239	SMT	269307.0866	138541.6667	ZCU_InterBay3_Under_35	RESET
rn_InterBay3_24	SMT	18211.02363	137500	ZCU_A2_6	STOP
rn_InterBay3_240	SMT	270325.6693	138541.6667	ZCU_InterBay3_Under_35	STOP
rn_InterBay3_241	SMT	271992.4409	138541.6667	ZCU_InterBay3_Under_36	RESET
rn_InterBay3_242	SMT	61269.29134	137500	ZCU_InterBay3_Under_8	STOP
rn_InterBay3_243	SMT	273011.0236	138541.6667	ZCU_InterBay3_Under_36	STOP
rn_InterBay3_244	SMT	284431.4961	138541.6667	ZCU_InterBay3_Under_37	RESET
rn_InterBay3_245	SMT	285450.0788	138541.6667	ZCU_InterBay3_Under_37	STOP
rn_InterBay3_246	SMT	287116.8504	138541.6667	ZCU_InterBay3_Under_38	RESET
rn_InterBay3_247	SMT	288135.4331	138541.6667	ZCU_InterBay3_Under_38	STOP
rn_InterBay3_248	SMT	294925.9843	138541.6667	.	NONE
rn_InterBay3_249	SMT	295637.7953	139062.5	.	NONE
rn_InterBay3_25	SMT	224952.4409	137500	ZCU_InterBay3_Under_29	STOP
rn_InterBay3_250	SMT	295637.7953	140104.1667	.	NONE
rn_InterBay3_251	SMT	294925.9843	140625	.	NONE
rn_InterBay3_252	SMT	62503.93701	137500	ZCU_A5_6	RESET
rn_InterBay3_253	SMT	288135.4331	140625	ZCU_InterBay3_Over_38	RESET
rn_InterBay3_254	SMT	287116.8504	140625	ZCU_InterBay3_Over_38	STOP
rn_InterBay3_255	SMT	285450.0788	140625	ZCU_InterBay3_Over_37	RESET
rn_InterBay3_256	SMT	284431.4961	140625	ZCU_InterBay3_Over_37	STOP
rn_InterBay3_257	SMT	273011.0236	140625	ZCU_InterBay3_Over_36	RESET
rn_InterBay3_258	SMT	271992.4409	140625	ZCU_InterBay3_Over_36	STOP
rn_InterBay3_259	SMT	270325.6693	140625	ZCU_InterBay3_Over_35	RESET
rn_InterBay3_26	SMT	226619.2126	137500	ZCU_InterBay3_Under_30	RESET
rn_InterBay3_260	SMT	269307.0866	140625	ZCU_InterBay3_Over_35	STOP
rn_InterBay3_261	SMT	63584.25197	137500	ZCU_A5_6	STOP
rn_InterBay3_262	SMT	257886.6142	140625	ZCU_InterBay3_Over_34	RESET
rn_InterBay3_263	SMT	256868.0315	140625	ZCU_InterBay3_Over_34	STOP
rn_InterBay3_264	SMT	255201.2598	140625	ZCU_InterBay3_Over_33	RESET
rn_InterBay3_265	SMT	254182.6772	140625	ZCU_InterBay3_Over_33	STOP
rn_InterBay3_266	SMT	242762.2048	140625	ZCU_InterBay3_Over_32	RESET
rn_InterBay3_267	SMT	241743.6221	140625	ZCU_InterBay3_Over_32	STOP
rn_InterBay3_268	SMT	240076.8504	140625	ZCU_InterBay3_Over_31	RESET
rn_InterBay3_269	SMT	70374.80315	137500	ZCU_A5_7	RESET
rn_InterBay3_27	SMT	227637.7952	137500	ZCU_InterBay3_Under_30	STOP
rn_InterBay3_270	SMT	239058.2678	140625	ZCU_InterBay3_Over_31	STOP
rn_InterBay3_271	SMT	227637.7952	140625	ZCU_InterBay3_Over_30	RESET
rn_InterBay3_272	SMT	226619.2126	140625	ZCU_InterBay3_Over_30	STOP
rn_InterBay3_273	SMT	224952.4409	140625	ZCU_InterBay3_Over_29	RESET
rn_InterBay3_274	SMT	223933.8582	140625	ZCU_InterBay3_Over_29	STOP
rn_InterBay3_275	SMT	212513.3858	140625	ZCU_InterBay3_Over_28	RESET
rn_InterBay3_276	SMT	211494.8031	140625	ZCU_InterBay3_Over_28	STOP
rn_InterBay3_277	SMT	71455.11811	137500	ZCU_A5_7	STOP
rn_InterBay3_278	SMT	209828.0315	140625	ZCU_InterBay3_Over_27	RESET
rn_InterBay3_279	SMT	208809.4488	140625	ZCU_InterBay3_Over_27	STOP
rn_InterBay3_28	SMT	228872.441	137500	ZCU_A16_6	RESET
rn_InterBay3_280	SMT	197388.9764	140625	ZCU_InterBay3_Over_26	RESET
rn_InterBay3_281	SMT	196370.3937	140625	ZCU_InterBay3_Over_26	STOP
rn_InterBay3_282	SMT	194703.6221	140625	ZCU_InterBay3_Over_25	RESET
rn_InterBay3_283	SMT	193685.0394	140625	ZCU_InterBay3_Over_25	STOP
rn_InterBay3_284	SMT	182264.5669	140625	ZCU_InterBay3_Over_24	RESET
rn_InterBay3_285	SMT	72689.76378	137500	ZCU_InterBay3_Under_9	RESET
rn_InterBay3_286	SMT	181245.9842	140625	ZCU_InterBay3_Over_24	STOP
rn_InterBay3_287	SMT	179579.2126	140625	ZCU_InterBay3_Over_23	RESET
rn_InterBay3_288	SMT	178560.6299	140625	ZCU_InterBay3_Over_23	STOP
rn_InterBay3_289	SMT	167140.1575	140625	ZCU_InterBay3_Over_22	RESET
rn_InterBay3_29	SMT	229952.7559	137500	ZCU_A16_6	STOP
rn_InterBay3_290	SMT	166121.5748	140625	ZCU_InterBay3_Over_22	STOP
rn_InterBay3_291	SMT	164454.8031	140625	ZCU_InterBay3_Over_21	RESET
rn_InterBay3_292	SMT	163436.2205	140625	ZCU_InterBay3_Over_21	STOP
rn_InterBay3_293	SMT	3086.614173	137500	ZCU_A1_6	STOP
rn_InterBay3_294	SMT	73708.34646	137500	ZCU_InterBay3_Under_9	STOP
rn_InterBay3_295	SMT	152015.7481	140625	ZCU_InterBay3_Over_20	RESET
rn_InterBay3_296	SMT	150997.1654	140625	ZCU_InterBay3_Over_20	STOP
rn_InterBay3_297	SMT	149330.3937	140625	ZCU_InterBay3_Over_19	RESET
rn_InterBay3_298	SMT	148311.8111	140625	ZCU_InterBay3_Over_19	STOP
rn_InterBay3_299	SMT	136891.3385	140625	ZCU_InterBay3_Over_18	RESET
rn_InterBay3_3	SMT	184579.5275	137500	ZCU_A13_6	STOP
rn_InterBay3_30	SMT	236743.3071	137500	ZCU_A16_7	RESET
rn_InterBay3_300	SMT	135872.7559	140625	ZCU_InterBay3_Over_18	STOP
rn_InterBay3_301	SMT	134205.9842	140625	ZCU_InterBay3_Over_17	RESET
rn_InterBay3_302	SMT	133187.4015	140625	ZCU_InterBay3_Over_17	STOP
rn_InterBay3_303	SMT	75375.11811	137500	ZCU_InterBay3_Under_10	RESET
rn_InterBay3_304	SMT	121766.9291	140625	ZCU_InterBay3_Over_16	RESET
rn_InterBay3_305	SMT	120748.3465	140625	ZCU_InterBay3_Over_16	STOP
rn_InterBay3_306	SMT	119081.5748	140625	ZCU_InterBay3_Over_15	RESET
rn_InterBay3_307	SMT	118062.9921	140625	ZCU_InterBay3_Over_15	STOP
rn_InterBay3_308	SMT	106642.5197	140625	ZCU_InterBay3_Over_14	RESET
rn_InterBay3_309	SMT	105623.937	140625	ZCU_InterBay3_Over_14	STOP
rn_InterBay3_31	SMT	237823.622	137500	ZCU_A16_7	STOP
rn_InterBay3_310	SMT	103957.1654	140625	ZCU_InterBay3_Over_13	RESET
rn_InterBay3_311	SMT	102938.5827	140625	ZCU_InterBay3_Over_13	STOP
rn_InterBay3_312	SMT	76393.70079	137500	ZCU_InterBay3_Under_10	STOP
rn_InterBay3_313	SMT	91518.11023	140625	ZCU_InterBay3_Over_12	RESET
rn_InterBay3_314	SMT	90499.52756	140625	ZCU_InterBay3_Over_12	STOP
rn_InterBay3_315	SMT	88832.7559	140625	ZCU_InterBay3_Over_11	RESET
rn_InterBay3_316	SMT	87814.17322	140625	ZCU_InterBay3_Over_11	STOP
rn_InterBay3_317	SMT	76393.70079	140625	ZCU_InterBay3_Over_10	RESET
rn_InterBay3_318	SMT	75375.11811	140625	ZCU_InterBay3_Over_10	STOP
rn_InterBay3_319	SMT	73708.34646	140625	ZCU_InterBay3_Over_9	RESET
rn_InterBay3_32	SMT	239058.2678	137500	ZCU_InterBay3_Under_31	RESET
rn_InterBay3_320	SMT	77628.34645	137500	ZCU_A6_6	RESET
rn_InterBay3_321	SMT	72689.76378	140625	ZCU_InterBay3_Over_9	STOP
rn_InterBay3_322	SMT	61269.29134	140625	ZCU_InterBay3_Over_8	RESET
rn_InterBay3_323	SMT	60250.70867	140625	ZCU_InterBay3_Over_8	STOP
rn_InterBay3_324	SMT	58583.93701	140625	ZCU_InterBay3_Over_7	RESET
rn_InterBay3_325	SMT	57565.35433	140625	ZCU_InterBay3_Over_7	STOP
rn_InterBay3_326	SMT	46144.88189	140625	ZCU_InterBay3_Over_6	RESET
rn_InterBay3_327	SMT	45126.29921	140625	ZCU_InterBay3_Over_6	STOP
rn_InterBay3_328	SMT	78708.66142	137500	ZCU_A6_6	STOP
rn_InterBay3_329	SMT	43459.52756	140625	ZCU_InterBay3_Over_5	RESET
rn_InterBay3_33	SMT	240076.8504	137500	ZCU_InterBay3_Under_31	STOP
rn_InterBay3_330	SMT	42440.94488	140625	ZCU_InterBay3_Over_5	STOP
rn_InterBay3_331	SMT	31020.47244	140625	ZCU_InterBay3_Over_4	RESET
rn_InterBay3_332	SMT	30001.88976	140625	ZCU_InterBay3_Over_4	STOP
rn_InterBay3_333	SMT	28335.11811	140625	ZCU_InterBay3_Over_3	RESET
rn_InterBay3_334	SMT	27316.53543	140625	ZCU_InterBay3_Over_3	STOP
rn_InterBay3_335	SMT	15896.063	140625	ZCU_InterBay3_Over_2	RESET
rn_InterBay3_336	SMT	85499.21259	137500	ZCU_A6_7	RESET
rn_InterBay3_337	SMT	14877.48032	140625	ZCU_InterBay3_Over_2	STOP
rn_InterBay3_338	SMT	13210.70867	140625	ZCU_InterBay3_Over_1	RESET
rn_InterBay3_339	SMT	12192.12599	140625	ZCU_InterBay3_Over_1	STOP
rn_InterBay3_34	SMT	241743.6221	137500	ZCU_InterBay3_Under_32	RESET
rn_InterBay3_340	SMT	5401.574803	140625	.	NONE
rn_InterBay3_341	SMT	4629.92126	140104.1667	.	NONE
rn_InterBay3_342	SMT	86579.52756	137500	ZCU_A6_7	STOP
rn_InterBay3_343	SMT	87814.17322	137500	ZCU_InterBay3_Under_11	RESET
rn_InterBay3_344	SMT	88832.7559	137500	ZCU_InterBay3_Under_11	STOP
rn_InterBay3_345	SMT	90499.52756	137500	ZCU_InterBay3_Under_12	RESET
rn_InterBay3_346	SMT	9877.165355	137500	ZCU_A1_7	RESET
rn_InterBay3_347	SMT	91518.11023	137500	ZCU_InterBay3_Under_12	STOP
rn_InterBay3_348	SMT	92752.75591	137500	ZCU_A7_6	RESET
rn_InterBay3_349	SMT	93833.07086	137500	ZCU_A7_6	STOP
rn_InterBay3_35	SMT	25001.5748	137500	ZCU_A2_7	RESET
rn_InterBay3_350	SMT	100623.6221	137500	ZCU_A7_7	RESET
rn_InterBay3_351	SMT	101703.937	137500	ZCU_A7_7	STOP
rn_InterBay3_352	SMT	102938.5827	137500	ZCU_InterBay3_Under_13	RESET
rn_InterBay3_353	SMT	103957.1654	137500	ZCU_InterBay3_Under_13	STOP
rn_InterBay3_354	SMT	105623.937	137500	ZCU_InterBay3_Under_14	RESET
rn_InterBay3_355	SMT	106642.5197	137500	ZCU_InterBay3_Under_14	STOP
rn_InterBay3_356	SMT	107877.1654	137500	ZCU_A8_6	RESET
rn_InterBay3_357	SMT	10957.48031	137500	ZCU_A1_7	STOP
rn_InterBay3_358	SMT	108957.4803	137500	ZCU_A8_6	STOP
rn_InterBay3_359	SMT	115748.0315	137500	ZCU_A8_7	RESET
rn_InterBay3_36	SMT	242762.2048	137500	ZCU_InterBay3_Under_32	STOP
rn_InterBay3_360	SMT	116828.3465	137500	ZCU_A8_7	STOP
rn_InterBay3_361	SMT	118062.9921	137500	ZCU_InterBay3_Under_15	RESET
rn_InterBay3_362	SMT	119081.5748	137500	ZCU_InterBay3_Under_15	STOP
rn_InterBay3_363	SMT	120748.3465	137500	ZCU_InterBay3_Under_16	RESET
rn_InterBay3_364	SMT	121766.9291	137500	ZCU_InterBay3_Under_16	STOP
rn_InterBay3_365	SMT	123001.5748	137500	ZCU_A9_6	RESET
rn_InterBay3_366	SMT	124081.8898	137500	ZCU_A9_6	STOP
rn_InterBay3_367	SMT	130872.4409	137500	ZCU_A9_7	RESET
rn_InterBay3_368	SMT	12192.12599	137500	ZCU_InterBay3_Under_1	RESET
rn_InterBay3_369	SMT	131952.7559	137500	ZCU_A9_7	STOP
rn_InterBay3_37	SMT	243996.8504	137500	ZCU_A17_6	RESET
rn_InterBay3_370	SMT	133187.4015	137500	ZCU_InterBay3_Under_17	RESET
rn_InterBay3_371	SMT	134205.9842	137500	ZCU_InterBay3_Under_17	STOP
rn_InterBay3_372	SMT	135872.7559	137500	ZCU_InterBay3_Under_18	RESET
rn_InterBay3_373	SMT	136891.3385	137500	ZCU_InterBay3_Under_18	STOP
rn_InterBay3_374	SMT	138125.9843	137500	ZCU_A10_6	RESET
rn_InterBay3_375	SMT	139206.2992	137500	ZCU_A10_6	STOP
rn_InterBay3_376	SMT	145996.8504	137500	ZCU_A10_7	RESET
rn_InterBay3_377	SMT	147077.1653	137500	ZCU_A10_7	STOP
rn_InterBay3_378	SMT	148311.8111	137500	ZCU_InterBay3_Under_19	RESET
rn_InterBay3_379	SMT	13210.70867	137500	ZCU_InterBay3_Under_1	STOP
rn_InterBay3_38	SMT	245077.1654	137500	ZCU_A17_6	STOP
rn_InterBay3_380	SMT	149330.3937	137500	ZCU_InterBay3_Under_19	STOP
rn_InterBay3_381	SMT	150997.1654	137500	ZCU_InterBay3_Under_20	RESET
rn_InterBay3_382	SMT	152015.7481	137500	ZCU_InterBay3_Under_20	STOP
rn_InterBay3_383	SMT	153250.3937	137500	ZCU_A11_6	RESET
rn_InterBay3_384	SMT	154330.7087	137500	ZCU_A11_6	STOP
rn_InterBay3_385	SMT	161121.2598	137500	ZCU_A11_7	RESET
rn_InterBay3_386	SMT	162201.5748	137500	ZCU_A11_7	STOP
rn_InterBay3_387	SMT	163436.2205	137500	ZCU_InterBay3_Under_21	RESET
rn_InterBay3_388	SMT	164454.8031	137500	ZCU_InterBay3_Under_21	STOP
rn_InterBay3_389	SMT	166121.5748	137500	ZCU_InterBay3_Under_22	RESET
rn_InterBay3_39	SMT	251867.7165	137500	ZCU_A17_7	RESET
rn_InterBay3_390	SMT	14877.48032	137500	ZCU_InterBay3_Under_2	RESET
rn_InterBay3_391	SMT	167140.1575	137500	ZCU_InterBay3_Under_22	STOP
rn_InterBay3_392	SMT	168374.8031	137500	ZCU_A12_6	RESET
rn_InterBay3_393	SMT	169455.1181	137500	ZCU_A12_6	STOP
rn_InterBay3_394	SMT	176245.6693	137500	ZCU_A12_7	RESET
rn_InterBay3_395	SMT	177325.9843	137500	ZCU_A12_7	STOP
rn_InterBay3_396	SMT	178560.6299	137500	ZCU_InterBay3_Under_23	RESET
rn_InterBay3_397	SMT	179579.2126	137500	ZCU_InterBay3_Under_23	STOP
rn_InterBay3_398	SMT	181245.9842	137500	ZCU_InterBay3_Under_24	RESET
rn_InterBay3_399	SMT	182264.5669	137500	ZCU_InterBay3_Under_24	STOP
rn_InterBay3_4	SMT	191370.0788	137500	ZCU_A13_7	RESET
rn_InterBay3_40	SMT	252948.0315	137500	ZCU_A17_7	STOP
rn_InterBay3_400	SMT	183499.2126	137500	ZCU_A13_6	RESET
rn_InterBay3_401	SMT	2007.874016	141666.6667	ZCU_InterBay3_Over_39	STOP
rn_InterBay3_402	SMT	3188.976378	142463.8606	ZCU_InterBay3_Over_39	RESET
rn_InterBay3_403	SMT	2007.874016	143261.0544	.	NONE
rn_InterBay3_404	SMT	826.7716535	144058.2483	.	NONE
rn_InterBay3_405	SMT	826.7716535	146449.83	.	NONE
rn_InterBay3_406	SMT	2007.874016	147247.0238	.	NONE
rn_InterBay3_407	SMT	10984.25197	147247.0238	.	NONE
rn_InterBay3_408	SMT	12165.35433	146449.83	.	NONE
rn_InterBay3_409	SMT	12165.35433	144058.2483	.	NONE
rn_InterBay3_41	SMT	254182.6772	137500	ZCU_InterBay3_Under_33	RESET
rn_InterBay3_410	SMT	10984.25197	143261.0544	.	NONE
rn_InterBay3_411	SMT	9803.149606	142463.8606	ZCU_InterBay3_Over_40	STOP
rn_InterBay3_412	SMT	10984.25197	141666.6667	ZCU_InterBay3_Over_40	RESET
rn_InterBay3_413	SMT	3188.976378	141666.6667	ZCU_InterBay3_Over_39	RESET
rn_InterBay3_414	SMT	9803.149606	141666.6667	ZCU_InterBay3_Over_40	STOP
rn_InterBay3_415	SMT	289371.6142	141666.6667	ZCU_InterBay3_Over_41	STOP
rn_InterBay3_416	SMT	290552.7165	142463.8606	ZCU_InterBay3_Over_41	RESET
rn_InterBay3_417	SMT	289371.6142	143261.0544	.	NONE
rn_InterBay3_418	SMT	288190.5118	144058.2483	.	NONE
rn_InterBay3_419	SMT	288190.5118	146449.83	.	NONE
rn_InterBay3_42	SMT	255201.2598	137500	ZCU_InterBay3_Under_33	STOP
rn_InterBay3_420	SMT	289371.6142	147247.0238	.	NONE
rn_InterBay3_421	SMT	298347.9921	147247.0238	.	NONE
rn_InterBay3_422	SMT	299529.0945	146449.83	.	NONE
rn_InterBay3_423	SMT	299529.0945	144058.2483	.	NONE
rn_InterBay3_424	SMT	298347.9921	143261.0544	.	NONE
rn_InterBay3_425	SMT	297166.8898	142463.8606	ZCU_InterBay3_Over_42	STOP
rn_InterBay3_426	SMT	298347.9921	141666.6667	ZCU_InterBay3_Over_42	RESET
rn_InterBay3_427	SMT	290552.7165	141666.6667	ZCU_InterBay3_Over_41	RESET
rn_InterBay3_428	SMT	297166.8898	141666.6667	ZCU_InterBay3_Over_42	STOP
rn_InterBay3_43	SMT	256868.0315	137500	ZCU_InterBay3_Under_34	RESET
rn_InterBay3_44	SMT	257886.6142	137500	ZCU_InterBay3_Under_34	STOP
rn_InterBay3_45	SMT	259121.2598	137500	ZCU_A18_6	RESET
rn_InterBay3_46	SMT	26081.88977	137500	ZCU_A2_7	STOP
rn_InterBay3_47	SMT	260201.5748	137500	ZCU_A18_6	STOP
rn_InterBay3_48	SMT	266992.1259	137500	ZCU_A18_7	RESET
rn_InterBay3_49	SMT	268072.4409	137500	ZCU_A18_7	STOP
rn_InterBay3_5	SMT	192450.3937	137500	ZCU_A13_7	STOP
rn_InterBay3_50	SMT	269307.0866	137500	ZCU_InterBay3_Under_35	RESET
rn_InterBay3_51	SMT	270325.6693	137500	ZCU_InterBay3_Under_35	STOP
rn_InterBay3_52	SMT	271992.4409	137500	ZCU_InterBay3_Under_36	RESET
rn_InterBay3_53	SMT	273011.0236	137500	ZCU_InterBay3_Under_36	STOP
rn_InterBay3_54	SMT	274245.6693	137500	ZCU_A19_6	RESET
rn_InterBay3_55	SMT	275325.9842	137500	ZCU_A19_6	STOP
rn_InterBay3_56	SMT	282116.5355	137500	ZCU_A19_7	RESET
rn_InterBay3_57	SMT	27316.53543	137500	ZCU_InterBay3_Under_3	RESET
rn_InterBay3_58	SMT	283196.8504	137500	ZCU_A19_7	STOP
rn_InterBay3_59	SMT	284431.4961	137500	ZCU_InterBay3_Under_37	RESET
rn_InterBay3_6	SMT	193685.0394	137500	ZCU_InterBay3_Under_25	RESET
rn_InterBay3_60	SMT	285450.0788	137500	ZCU_InterBay3_Under_37	STOP
rn_InterBay3_61	SMT	287116.8504	137500	ZCU_InterBay3_Under_38	RESET
rn_InterBay3_62	SMT	288135.4331	137500	ZCU_InterBay3_Under_38	STOP
rn_InterBay3_63	SMT	289370.0787	137500	ZCU_A20_6	RESET
rn_InterBay3_64	SMT	290450.3937	137500	ZCU_A20_6	STOP
rn_InterBay3_65	SMT	297240.9449	137500	ZCU_A20_7	RESET
rn_InterBay3_66	SMT	298321.2599	137500	ZCU_A20_7	STOP
rn_InterBay3_67	SMT	299401.5748	137500	.	NONE
rn_InterBay3_68	SMT	28335.11811	137500	ZCU_InterBay3_Under_3	STOP
rn_InterBay3_69	SMT	300327.9528	138125	.	NONE
rn_InterBay3_7	SMT	194703.6221	137500	ZCU_InterBay3_Under_25	STOP
rn_InterBay3_70	SMT	300327.9528	141041.6667	.	NONE
rn_InterBay3_71	SMT	299401.5748	141666.6667	.	NONE
rn_InterBay3_72	SMT	288135.4331	141666.6667	ZCU_InterBay3_Over_38	RESET
rn_InterBay3_73	SMT	287116.8504	141666.6667	ZCU_InterBay3_Over_38	STOP
rn_InterBay3_74	SMT	285450.0788	141666.6667	ZCU_InterBay3_Over_37	RESET
rn_InterBay3_75	SMT	284431.4961	141666.6667	ZCU_InterBay3_Over_37	STOP
rn_InterBay3_76	SMT	273011.0236	141666.6667	ZCU_InterBay3_Over_36	RESET
rn_InterBay3_77	SMT	271992.4409	141666.6667	ZCU_InterBay3_Over_36	STOP
rn_InterBay3_78	SMT	270325.6693	141666.6667	ZCU_InterBay3_Over_35	RESET
rn_InterBay3_79	SMT	30001.88976	137500	ZCU_InterBay3_Under_4	RESET
rn_InterBay3_8	SMT	196370.3937	137500	ZCU_InterBay3_Under_26	RESET
rn_InterBay3_80	SMT	269307.0866	141666.6667	ZCU_InterBay3_Over_35	STOP
rn_InterBay3_81	SMT	257886.6142	141666.6667	ZCU_InterBay3_Over_34	RESET
rn_InterBay3_82	SMT	256868.0315	141666.6667	ZCU_InterBay3_Over_34	STOP
rn_InterBay3_83	SMT	255201.2598	141666.6667	ZCU_InterBay3_Over_33	RESET
rn_InterBay3_84	SMT	254182.6772	141666.6667	ZCU_InterBay3_Over_33	STOP
rn_InterBay3_85	SMT	242762.2048	141666.6667	ZCU_InterBay3_Over_32	RESET
rn_InterBay3_86	SMT	241743.6221	141666.6667	ZCU_InterBay3_Over_32	STOP
rn_InterBay3_87	SMT	240076.8504	141666.6667	ZCU_InterBay3_Over_31	RESET
rn_InterBay3_88	SMT	239058.2678	141666.6667	ZCU_InterBay3_Over_31	STOP
rn_InterBay3_89	SMT	227637.7952	141666.6667	ZCU_InterBay3_Over_30	RESET
rn_InterBay3_9	SMT	197388.9764	137500	ZCU_InterBay3_Under_26	STOP
rn_InterBay3_90	SMT	31020.47244	137500	ZCU_InterBay3_Under_4	STOP
rn_InterBay3_91	SMT	226619.2126	141666.6667	ZCU_InterBay3_Over_30	STOP
rn_InterBay3_92	SMT	224952.4409	141666.6667	ZCU_InterBay3_Over_29	RESET
rn_InterBay3_93	SMT	223933.8582	141666.6667	ZCU_InterBay3_Over_29	STOP
rn_InterBay3_94	SMT	212513.3858	141666.6667	ZCU_InterBay3_Over_28	RESET
rn_InterBay3_95	SMT	211494.8031	141666.6667	ZCU_InterBay3_Over_28	STOP
rn_InterBay3_96	SMT	209828.0315	141666.6667	ZCU_InterBay3_Over_27	RESET
rn_InterBay3_97	SMT	208809.4488	141666.6667	ZCU_InterBay3_Over_27	STOP
rn_InterBay3_98	SMT	197388.9764	141666.6667	ZCU_InterBay3_Over_26	RESET
rn_InterBay3_99	SMT	196370.3937	141666.6667	ZCU_InterBay3_Over_26	STOP