NAME	FAB_NAME	BAY_NAME	FROM_NODE	TO_NODE	MAX_SPEED	CURVE
rl_A10_10_11	SMT	A10	rn_A10_10	rn_A10_11	1	0
rl_A10_11_12	SMT	A10	rn_A10_11	rn_A10_12	1	0
rl_A10_11_13	SMT	A10	rn_A10_11	rn_A10_13	1	1
rl_A10_12_InterBay3_374	SMT	InterBay3	rn_A10_12	rn_InterBay3_374	1	1
rl_A10_13_14	SMT	A10	rn_A10_13	rn_A10_14	1	0
rl_A10_14_16	SMT	A10	rn_A10_14	rn_A10_16	1	1
rl_A10_15_16	SMT	A10	rn_A10_15	rn_A10_16	1	0
rl_A10_16_17	SMT	A10	rn_A10_16	rn_A10_17	1	0
rl_A10_17_18	SMT	A10	rn_A10_17	rn_A10_18	1	0
rl_A10_18_19	SMT	A10	rn_A10_18	rn_A10_19	1	0
rl_A10_19_20	SMT	A10	rn_A10_19	rn_A10_20	1	0
rl_A10_19_31	SMT	A10	rn_A10_19	rn_A10_31	1	1
rl_A10_1_2	SMT	A10	rn_A10_1	rn_A10_2	1	0
rl_A10_20_21	SMT	A10	rn_A10_20	rn_A10_21	1	0
rl_A10_21_22	SMT	A10	rn_A10_21	rn_A10_22	1	0
rl_A10_22_23	SMT	A10	rn_A10_22	rn_A10_23	1	0
rl_A10_23_24	SMT	A10	rn_A10_23	rn_A10_24	1	0
rl_A10_23_35	SMT	A10	rn_A10_23	rn_A10_35	1	1
rl_A10_24_25	SMT	A10	rn_A10_24	rn_A10_25	1	0
rl_A10_25_26	SMT	A10	rn_A10_25	rn_A10_26	1	0
rl_A10_25_27	SMT	A10	rn_A10_25	rn_A10_27	1	1
rl_A10_26_InterBay2_243	SMT	InterBay2	rn_A10_26	rn_InterBay2_243	1	1
rl_A10_27_28	SMT	A10	rn_A10_27	rn_A10_28	1	0
rl_A10_28_2	SMT	A10	rn_A10_28	rn_A10_2	1	1
rl_A10_29_30	SMT	A10	rn_A10_29	rn_A10_30	1	0
rl_A10_2_3	SMT	A10	rn_A10_2	rn_A10_3	1	0
rl_A10_30_22	SMT	A10	rn_A10_30	rn_A10_22	1	1
rl_A10_31_32	SMT	A10	rn_A10_31	rn_A10_32	1	0
rl_A10_32_8	SMT	A10	rn_A10_32	rn_A10_8	1	1
rl_A10_33_34	SMT	A10	rn_A10_33	rn_A10_34	1	0
rl_A10_34_A9_18	SMT	A10	rn_A10_34	rn_A9_18	1	1
rl_A10_35_36	SMT	A10	rn_A10_35	rn_A10_36	1	0
rl_A10_36_A11_4	SMT	A10	rn_A10_36	rn_A11_4	1	1
rl_A10_3_4	SMT	A10	rn_A10_3	rn_A10_4	1	0
rl_A10_4_5	SMT	A10	rn_A10_4	rn_A10_5	1	0
rl_A10_5_29	SMT	A10	rn_A10_5	rn_A10_29	1	1
rl_A10_5_6	SMT	A10	rn_A10_5	rn_A10_6	1	0
rl_A10_6_7	SMT	A10	rn_A10_6	rn_A10_7	1	0
rl_A10_7_8	SMT	A10	rn_A10_7	rn_A10_8	1	0
rl_A10_8_9	SMT	A10	rn_A10_8	rn_A10_9	1	0
rl_A10_9_10	SMT	A10	rn_A10_9	rn_A10_10	1	0
rl_A10_9_33	SMT	A10	rn_A10_9	rn_A10_33	1	1
rl_A11_10_11	SMT	A11	rn_A11_10	rn_A11_11	1	0
rl_A11_11_12	SMT	A11	rn_A11_11	rn_A11_12	1	0
rl_A11_11_13	SMT	A11	rn_A11_11	rn_A11_13	1	1
rl_A11_12_InterBay3_383	SMT	InterBay3	rn_A11_12	rn_InterBay3_383	1	1
rl_A11_13_14	SMT	A11	rn_A11_13	rn_A11_14	1	0
rl_A11_14_16	SMT	A11	rn_A11_14	rn_A11_16	1	1
rl_A11_15_16	SMT	A11	rn_A11_15	rn_A11_16	1	0
rl_A11_16_17	SMT	A11	rn_A11_16	rn_A11_17	1	0
rl_A11_17_18	SMT	A11	rn_A11_17	rn_A11_18	1	0
rl_A11_18_19	SMT	A11	rn_A11_18	rn_A11_19	1	0
rl_A11_19_20	SMT	A11	rn_A11_19	rn_A11_20	1	0
rl_A11_19_31	SMT	A11	rn_A11_19	rn_A11_31	1	1
rl_A11_1_2	SMT	A11	rn_A11_1	rn_A11_2	1	0
rl_A11_20_21	SMT	A11	rn_A11_20	rn_A11_21	1	0
rl_A11_21_22	SMT	A11	rn_A11_21	rn_A11_22	1	0
rl_A11_22_23	SMT	A11	rn_A11_22	rn_A11_23	1	0
rl_A11_23_24	SMT	A11	rn_A11_23	rn_A11_24	1	0
rl_A11_23_35	SMT	A11	rn_A11_23	rn_A11_35	1	1
rl_A11_24_25	SMT	A11	rn_A11_24	rn_A11_25	1	0
rl_A11_25_26	SMT	A11	rn_A11_25	rn_A11_26	1	0
rl_A11_25_27	SMT	A11	rn_A11_25	rn_A11_27	1	1
rl_A11_26_InterBay2_235	SMT	InterBay2	rn_A11_26	rn_InterBay2_235	1	1
rl_A11_27_28	SMT	A11	rn_A11_27	rn_A11_28	1	0
rl_A11_28_2	SMT	A11	rn_A11_28	rn_A11_2	1	1
rl_A11_29_30	SMT	A11	rn_A11_29	rn_A11_30	1	0
rl_A11_2_3	SMT	A11	rn_A11_2	rn_A11_3	1	0
rl_A11_30_22	SMT	A11	rn_A11_30	rn_A11_22	1	1
rl_A11_31_32	SMT	A11	rn_A11_31	rn_A11_32	1	0
rl_A11_32_8	SMT	A11	rn_A11_32	rn_A11_8	1	1
rl_A11_33_34	SMT	A11	rn_A11_33	rn_A11_34	1	0
rl_A11_34_A10_18	SMT	A11	rn_A11_34	rn_A10_18	1	1
rl_A11_35_36	SMT	A11	rn_A11_35	rn_A11_36	1	0
rl_A11_36_A12_4	SMT	A11	rn_A11_36	rn_A12_4	1	1
rl_A11_3_4	SMT	A11	rn_A11_3	rn_A11_4	1	0
rl_A11_4_5	SMT	A11	rn_A11_4	rn_A11_5	1	0
rl_A11_5_29	SMT	A11	rn_A11_5	rn_A11_29	1	1
rl_A11_5_6	SMT	A11	rn_A11_5	rn_A11_6	1	0
rl_A11_6_7	SMT	A11	rn_A11_6	rn_A11_7	1	0
rl_A11_7_8	SMT	A11	rn_A11_7	rn_A11_8	1	0
rl_A11_8_9	SMT	A11	rn_A11_8	rn_A11_9	1	0
rl_A11_9_10	SMT	A11	rn_A11_9	rn_A11_10	1	0
rl_A11_9_33	SMT	A11	rn_A11_9	rn_A11_33	1	1
rl_A12_10_11	SMT	A12	rn_A12_10	rn_A12_11	1	0
rl_A12_11_12	SMT	A12	rn_A12_11	rn_A12_12	1	0
rl_A12_11_13	SMT	A12	rn_A12_11	rn_A12_13	1	1
rl_A12_12_InterBay3_392	SMT	InterBay3	rn_A12_12	rn_InterBay3_392	1	1
rl_A12_13_14	SMT	A12	rn_A12_13	rn_A12_14	1	0
rl_A12_14_16	SMT	A12	rn_A12_14	rn_A12_16	1	1
rl_A12_15_16	SMT	A12	rn_A12_15	rn_A12_16	1	0
rl_A12_16_17	SMT	A12	rn_A12_16	rn_A12_17	1	0
rl_A12_17_18	SMT	A12	rn_A12_17	rn_A12_18	1	0
rl_A12_18_19	SMT	A12	rn_A12_18	rn_A12_19	1	0
rl_A12_19_20	SMT	A12	rn_A12_19	rn_A12_20	1	0
rl_A12_19_31	SMT	A12	rn_A12_19	rn_A12_31	1	1
rl_A12_1_2	SMT	A12	rn_A12_1	rn_A12_2	1	0
rl_A12_20_21	SMT	A12	rn_A12_20	rn_A12_21	1	0
rl_A12_21_22	SMT	A12	rn_A12_21	rn_A12_22	1	0
rl_A12_22_23	SMT	A12	rn_A12_22	rn_A12_23	1	0
rl_A12_23_24	SMT	A12	rn_A12_23	rn_A12_24	1	0
rl_A12_23_35	SMT	A12	rn_A12_23	rn_A12_35	1	1
rl_A12_24_25	SMT	A12	rn_A12_24	rn_A12_25	1	0
rl_A12_25_26	SMT	A12	rn_A12_25	rn_A12_26	1	0
rl_A12_25_27	SMT	A12	rn_A12_25	rn_A12_27	1	1
rl_A12_26_InterBay2_227	SMT	InterBay2	rn_A12_26	rn_InterBay2_227	1	1
rl_A12_27_28	SMT	A12	rn_A12_27	rn_A12_28	1	0
rl_A12_28_2	SMT	A12	rn_A12_28	rn_A12_2	1	1
rl_A12_29_30	SMT	A12	rn_A12_29	rn_A12_30	1	0
rl_A12_2_3	SMT	A12	rn_A12_2	rn_A12_3	1	0
rl_A12_30_22	SMT	A12	rn_A12_30	rn_A12_22	1	1
rl_A12_31_32	SMT	A12	rn_A12_31	rn_A12_32	1	0
rl_A12_32_8	SMT	A12	rn_A12_32	rn_A12_8	1	1
rl_A12_33_34	SMT	A12	rn_A12_33	rn_A12_34	1	0
rl_A12_34_A11_18	SMT	A12	rn_A12_34	rn_A11_18	1	1
rl_A12_35_36	SMT	A12	rn_A12_35	rn_A12_36	1	0
rl_A12_36_A13_4	SMT	A12	rn_A12_36	rn_A13_4	1	1
rl_A12_3_4	SMT	A12	rn_A12_3	rn_A12_4	1	0
rl_A12_4_5	SMT	A12	rn_A12_4	rn_A12_5	1	0
rl_A12_5_29	SMT	A12	rn_A12_5	rn_A12_29	1	1
rl_A12_5_6	SMT	A12	rn_A12_5	rn_A12_6	1	0
rl_A12_6_7	SMT	A12	rn_A12_6	rn_A12_7	1	0
rl_A12_7_8	SMT	A12	rn_A12_7	rn_A12_8	1	0
rl_A12_8_9	SMT	A12	rn_A12_8	rn_A12_9	1	0
rl_A12_9_10	SMT	A12	rn_A12_9	rn_A12_10	1	0
rl_A12_9_33	SMT	A12	rn_A12_9	rn_A12_33	1	1
rl_A13_10_11	SMT	A13	rn_A13_10	rn_A13_11	1	0
rl_A13_11_12	SMT	A13	rn_A13_11	rn_A13_12	1	0
rl_A13_11_13	SMT	A13	rn_A13_11	rn_A13_13	1	1
rl_A13_12_InterBay3_400	SMT	InterBay3	rn_A13_12	rn_InterBay3_400	1	1
rl_A13_13_14	SMT	A13	rn_A13_13	rn_A13_14	1	0
rl_A13_14_16	SMT	A13	rn_A13_14	rn_A13_16	1	1
rl_A13_15_16	SMT	A13	rn_A13_15	rn_A13_16	1	0
rl_A13_16_17	SMT	A13	rn_A13_16	rn_A13_17	1	0
rl_A13_17_18	SMT	A13	rn_A13_17	rn_A13_18	1	0
rl_A13_18_19	SMT	A13	rn_A13_18	rn_A13_19	1	0
rl_A13_19_20	SMT	A13	rn_A13_19	rn_A13_20	1	0
rl_A13_19_31	SMT	A13	rn_A13_19	rn_A13_31	1	1
rl_A13_1_2	SMT	A13	rn_A13_1	rn_A13_2	1	0
rl_A13_20_21	SMT	A13	rn_A13_20	rn_A13_21	1	0
rl_A13_21_22	SMT	A13	rn_A13_21	rn_A13_22	1	0
rl_A13_22_23	SMT	A13	rn_A13_22	rn_A13_23	1	0
rl_A13_23_24	SMT	A13	rn_A13_23	rn_A13_24	1	0
rl_A13_23_35	SMT	A13	rn_A13_23	rn_A13_35	1	1
rl_A13_24_25	SMT	A13	rn_A13_24	rn_A13_25	1	0
rl_A13_25_26	SMT	A13	rn_A13_25	rn_A13_26	1	0
rl_A13_25_27	SMT	A13	rn_A13_25	rn_A13_27	1	1
rl_A13_26_InterBay2_219	SMT	InterBay2	rn_A13_26	rn_InterBay2_219	1	1
rl_A13_27_28	SMT	A13	rn_A13_27	rn_A13_28	1	0
rl_A13_28_2	SMT	A13	rn_A13_28	rn_A13_2	1	1
rl_A13_29_30	SMT	A13	rn_A13_29	rn_A13_30	1	0
rl_A13_2_3	SMT	A13	rn_A13_2	rn_A13_3	1	0
rl_A13_30_22	SMT	A13	rn_A13_30	rn_A13_22	1	1
rl_A13_31_32	SMT	A13	rn_A13_31	rn_A13_32	1	0
rl_A13_32_8	SMT	A13	rn_A13_32	rn_A13_8	1	1
rl_A13_33_34	SMT	A13	rn_A13_33	rn_A13_34	1	0
rl_A13_34_A12_18	SMT	A13	rn_A13_34	rn_A12_18	1	1
rl_A13_35_36	SMT	A13	rn_A13_35	rn_A13_36	1	0
rl_A13_36_A14_4	SMT	A13	rn_A13_36	rn_A14_4	1	1
rl_A13_3_4	SMT	A13	rn_A13_3	rn_A13_4	1	0
rl_A13_4_5	SMT	A13	rn_A13_4	rn_A13_5	1	0
rl_A13_5_29	SMT	A13	rn_A13_5	rn_A13_29	1	1
rl_A13_5_6	SMT	A13	rn_A13_5	rn_A13_6	1	0
rl_A13_6_7	SMT	A13	rn_A13_6	rn_A13_7	1	0
rl_A13_7_8	SMT	A13	rn_A13_7	rn_A13_8	1	0
rl_A13_8_9	SMT	A13	rn_A13_8	rn_A13_9	1	0
rl_A13_9_10	SMT	A13	rn_A13_9	rn_A13_10	1	0
rl_A13_9_33	SMT	A13	rn_A13_9	rn_A13_33	1	1
rl_A14_10_11	SMT	A14	rn_A14_10	rn_A14_11	1	0
rl_A14_11_12	SMT	A14	rn_A14_11	rn_A14_12	1	0
rl_A14_11_13	SMT	A14	rn_A14_11	rn_A14_13	1	1
rl_A14_12_InterBay3_10	SMT	InterBay3	rn_A14_12	rn_InterBay3_10	1	1
rl_A14_13_14	SMT	A14	rn_A14_13	rn_A14_14	1	0
rl_A14_14_16	SMT	A14	rn_A14_14	rn_A14_16	1	1
rl_A14_15_16	SMT	A14	rn_A14_15	rn_A14_16	1	0
rl_A14_16_17	SMT	A14	rn_A14_16	rn_A14_17	1	0
rl_A14_17_18	SMT	A14	rn_A14_17	rn_A14_18	1	0
rl_A14_18_19	SMT	A14	rn_A14_18	rn_A14_19	1	0
rl_A14_19_20	SMT	A14	rn_A14_19	rn_A14_20	1	0
rl_A14_19_31	SMT	A14	rn_A14_19	rn_A14_31	1	1
rl_A14_1_2	SMT	A14	rn_A14_1	rn_A14_2	1	0
rl_A14_20_21	SMT	A14	rn_A14_20	rn_A14_21	1	0
rl_A14_21_22	SMT	A14	rn_A14_21	rn_A14_22	1	0
rl_A14_22_23	SMT	A14	rn_A14_22	rn_A14_23	1	0
rl_A14_23_24	SMT	A14	rn_A14_23	rn_A14_24	1	0
rl_A14_23_35	SMT	A14	rn_A14_23	rn_A14_35	1	1
rl_A14_24_25	SMT	A14	rn_A14_24	rn_A14_25	1	0
rl_A14_25_26	SMT	A14	rn_A14_25	rn_A14_26	1	0
rl_A14_25_27	SMT	A14	rn_A14_25	rn_A14_27	1	1
rl_A14_26_InterBay2_211	SMT	InterBay2	rn_A14_26	rn_InterBay2_211	1	1
rl_A14_27_28	SMT	A14	rn_A14_27	rn_A14_28	1	0
rl_A14_28_2	SMT	A14	rn_A14_28	rn_A14_2	1	1
rl_A14_29_30	SMT	A14	rn_A14_29	rn_A14_30	1	0
rl_A14_2_3	SMT	A14	rn_A14_2	rn_A14_3	1	0
rl_A14_30_22	SMT	A14	rn_A14_30	rn_A14_22	1	1
rl_A14_31_32	SMT	A14	rn_A14_31	rn_A14_32	1	0
rl_A14_32_8	SMT	A14	rn_A14_32	rn_A14_8	1	1
rl_A14_33_34	SMT	A14	rn_A14_33	rn_A14_34	1	0
rl_A14_34_A13_18	SMT	A14	rn_A14_34	rn_A13_18	1	1
rl_A14_35_36	SMT	A14	rn_A14_35	rn_A14_36	1	0
rl_A14_36_A15_4	SMT	A14	rn_A14_36	rn_A15_4	1	1
rl_A14_3_4	SMT	A14	rn_A14_3	rn_A14_4	1	0
rl_A14_4_5	SMT	A14	rn_A14_4	rn_A14_5	1	0
rl_A14_5_29	SMT	A14	rn_A14_5	rn_A14_29	1	1
rl_A14_5_6	SMT	A14	rn_A14_5	rn_A14_6	1	0
rl_A14_6_7	SMT	A14	rn_A14_6	rn_A14_7	1	0
rl_A14_7_8	SMT	A14	rn_A14_7	rn_A14_8	1	0
rl_A14_8_9	SMT	A14	rn_A14_8	rn_A14_9	1	0
rl_A14_9_10	SMT	A14	rn_A14_9	rn_A14_10	1	0
rl_A14_9_33	SMT	A14	rn_A14_9	rn_A14_33	1	1
rl_A15_10_11	SMT	A15	rn_A15_10	rn_A15_11	1	0
rl_A15_11_12	SMT	A15	rn_A15_11	rn_A15_12	1	0
rl_A15_11_13	SMT	A15	rn_A15_11	rn_A15_13	1	1
rl_A15_12_InterBay3_19	SMT	InterBay3	rn_A15_12	rn_InterBay3_19	1	1
rl_A15_13_14	SMT	A15	rn_A15_13	rn_A15_14	1	0
rl_A15_14_16	SMT	A15	rn_A15_14	rn_A15_16	1	1
rl_A15_15_16	SMT	A15	rn_A15_15	rn_A15_16	1	0
rl_A15_16_17	SMT	A15	rn_A15_16	rn_A15_17	1	0
rl_A15_17_18	SMT	A15	rn_A15_17	rn_A15_18	1	0
rl_A15_18_19	SMT	A15	rn_A15_18	rn_A15_19	1	0
rl_A15_19_20	SMT	A15	rn_A15_19	rn_A15_20	1	0
rl_A15_19_31	SMT	A15	rn_A15_19	rn_A15_31	1	1
rl_A15_1_2	SMT	A15	rn_A15_1	rn_A15_2	1	0
rl_A15_20_21	SMT	A15	rn_A15_20	rn_A15_21	1	0
rl_A15_21_22	SMT	A15	rn_A15_21	rn_A15_22	1	0
rl_A15_22_23	SMT	A15	rn_A15_22	rn_A15_23	1	0
rl_A15_23_24	SMT	A15	rn_A15_23	rn_A15_24	1	0
rl_A15_23_35	SMT	A15	rn_A15_23	rn_A15_35	1	1
rl_A15_24_25	SMT	A15	rn_A15_24	rn_A15_25	1	0
rl_A15_25_26	SMT	A15	rn_A15_25	rn_A15_26	1	0
rl_A15_25_27	SMT	A15	rn_A15_25	rn_A15_27	1	1
rl_A15_26_InterBay2_203	SMT	InterBay2	rn_A15_26	rn_InterBay2_203	1	1
rl_A15_27_28	SMT	A15	rn_A15_27	rn_A15_28	1	0
rl_A15_28_2	SMT	A15	rn_A15_28	rn_A15_2	1	1
rl_A15_29_30	SMT	A15	rn_A15_29	rn_A15_30	1	0
rl_A15_2_3	SMT	A15	rn_A15_2	rn_A15_3	1	0
rl_A15_30_22	SMT	A15	rn_A15_30	rn_A15_22	1	1
rl_A15_31_32	SMT	A15	rn_A15_31	rn_A15_32	1	0
rl_A15_32_8	SMT	A15	rn_A15_32	rn_A15_8	1	1
rl_A15_33_34	SMT	A15	rn_A15_33	rn_A15_34	1	0
rl_A15_34_A14_18	SMT	A15	rn_A15_34	rn_A14_18	1	1
rl_A15_35_36	SMT	A15	rn_A15_35	rn_A15_36	1	0
rl_A15_36_A16_4	SMT	A15	rn_A15_36	rn_A16_4	1	1
rl_A15_3_4	SMT	A15	rn_A15_3	rn_A15_4	1	0
rl_A15_4_5	SMT	A15	rn_A15_4	rn_A15_5	1	0
rl_A15_5_29	SMT	A15	rn_A15_5	rn_A15_29	1	1
rl_A15_5_6	SMT	A15	rn_A15_5	rn_A15_6	1	0
rl_A15_6_7	SMT	A15	rn_A15_6	rn_A15_7	1	0
rl_A15_7_8	SMT	A15	rn_A15_7	rn_A15_8	1	0
rl_A15_8_9	SMT	A15	rn_A15_8	rn_A15_9	1	0
rl_A15_9_10	SMT	A15	rn_A15_9	rn_A15_10	1	0
rl_A15_9_33	SMT	A15	rn_A15_9	rn_A15_33	1	1
rl_A16_10_11	SMT	A16	rn_A16_10	rn_A16_11	1	0
rl_A16_11_12	SMT	A16	rn_A16_11	rn_A16_12	1	0
rl_A16_11_13	SMT	A16	rn_A16_11	rn_A16_13	1	1
rl_A16_12_InterBay3_28	SMT	InterBay3	rn_A16_12	rn_InterBay3_28	1	1
rl_A16_13_14	SMT	A16	rn_A16_13	rn_A16_14	1	0
rl_A16_14_16	SMT	A16	rn_A16_14	rn_A16_16	1	1
rl_A16_15_16	SMT	A16	rn_A16_15	rn_A16_16	1	0
rl_A16_16_17	SMT	A16	rn_A16_16	rn_A16_17	1	0
rl_A16_17_18	SMT	A16	rn_A16_17	rn_A16_18	1	0
rl_A16_18_19	SMT	A16	rn_A16_18	rn_A16_19	1	0
rl_A16_19_20	SMT	A16	rn_A16_19	rn_A16_20	1	0
rl_A16_19_31	SMT	A16	rn_A16_19	rn_A16_31	1	1
rl_A16_1_2	SMT	A16	rn_A16_1	rn_A16_2	1	0
rl_A16_20_21	SMT	A16	rn_A16_20	rn_A16_21	1	0
rl_A16_21_22	SMT	A16	rn_A16_21	rn_A16_22	1	0
rl_A16_22_23	SMT	A16	rn_A16_22	rn_A16_23	1	0
rl_A16_23_24	SMT	A16	rn_A16_23	rn_A16_24	1	0
rl_A16_23_35	SMT	A16	rn_A16_23	rn_A16_35	1	1
rl_A16_24_25	SMT	A16	rn_A16_24	rn_A16_25	1	0
rl_A16_25_26	SMT	A16	rn_A16_25	rn_A16_26	1	0
rl_A16_25_27	SMT	A16	rn_A16_25	rn_A16_27	1	1
rl_A16_26_InterBay2_195	SMT	InterBay2	rn_A16_26	rn_InterBay2_195	1	1
rl_A16_27_28	SMT	A16	rn_A16_27	rn_A16_28	1	0
rl_A16_28_2	SMT	A16	rn_A16_28	rn_A16_2	1	1
rl_A16_29_30	SMT	A16	rn_A16_29	rn_A16_30	1	0
rl_A16_2_3	SMT	A16	rn_A16_2	rn_A16_3	1	0
rl_A16_30_22	SMT	A16	rn_A16_30	rn_A16_22	1	1
rl_A16_31_32	SMT	A16	rn_A16_31	rn_A16_32	1	0
rl_A16_32_8	SMT	A16	rn_A16_32	rn_A16_8	1	1
rl_A16_33_34	SMT	A16	rn_A16_33	rn_A16_34	1	0
rl_A16_34_A15_18	SMT	A16	rn_A16_34	rn_A15_18	1	1
rl_A16_35_36	SMT	A16	rn_A16_35	rn_A16_36	1	0
rl_A16_36_A17_4	SMT	A16	rn_A16_36	rn_A17_4	1	1
rl_A16_3_4	SMT	A16	rn_A16_3	rn_A16_4	1	0
rl_A16_4_5	SMT	A16	rn_A16_4	rn_A16_5	1	0
rl_A16_5_29	SMT	A16	rn_A16_5	rn_A16_29	1	1
rl_A16_5_6	SMT	A16	rn_A16_5	rn_A16_6	1	0
rl_A16_6_7	SMT	A16	rn_A16_6	rn_A16_7	1	0
rl_A16_7_8	SMT	A16	rn_A16_7	rn_A16_8	1	0
rl_A16_8_9	SMT	A16	rn_A16_8	rn_A16_9	1	0
rl_A16_9_10	SMT	A16	rn_A16_9	rn_A16_10	1	0
rl_A16_9_33	SMT	A16	rn_A16_9	rn_A16_33	1	1
rl_A17_10_11	SMT	A17	rn_A17_10	rn_A17_11	1	0
rl_A17_11_12	SMT	A17	rn_A17_11	rn_A17_12	1	0
rl_A17_11_13	SMT	A17	rn_A17_11	rn_A17_13	1	1
rl_A17_12_InterBay3_37	SMT	InterBay3	rn_A17_12	rn_InterBay3_37	1	1
rl_A17_13_14	SMT	A17	rn_A17_13	rn_A17_14	1	0
rl_A17_14_16	SMT	A17	rn_A17_14	rn_A17_16	1	1
rl_A17_15_16	SMT	A17	rn_A17_15	rn_A17_16	1	0
rl_A17_16_17	SMT	A17	rn_A17_16	rn_A17_17	1	0
rl_A17_17_18	SMT	A17	rn_A17_17	rn_A17_18	1	0
rl_A17_18_19	SMT	A17	rn_A17_18	rn_A17_19	1	0
rl_A17_19_20	SMT	A17	rn_A17_19	rn_A17_20	1	0
rl_A17_19_31	SMT	A17	rn_A17_19	rn_A17_31	1	1
rl_A17_1_2	SMT	A17	rn_A17_1	rn_A17_2	1	0
rl_A17_20_21	SMT	A17	rn_A17_20	rn_A17_21	1	0
rl_A17_21_22	SMT	A17	rn_A17_21	rn_A17_22	1	0
rl_A17_22_23	SMT	A17	rn_A17_22	rn_A17_23	1	0
rl_A17_23_24	SMT	A17	rn_A17_23	rn_A17_24	1	0
rl_A17_23_35	SMT	A17	rn_A17_23	rn_A17_35	1	1
rl_A17_24_25	SMT	A17	rn_A17_24	rn_A17_25	1	0
rl_A17_25_26	SMT	A17	rn_A17_25	rn_A17_26	1	0
rl_A17_25_27	SMT	A17	rn_A17_25	rn_A17_27	1	1
rl_A17_26_InterBay2_187	SMT	InterBay2	rn_A17_26	rn_InterBay2_187	1	1
rl_A17_27_28	SMT	A17	rn_A17_27	rn_A17_28	1	0
rl_A17_28_2	SMT	A17	rn_A17_28	rn_A17_2	1	1
rl_A17_29_30	SMT	A17	rn_A17_29	rn_A17_30	1	0
rl_A17_2_3	SMT	A17	rn_A17_2	rn_A17_3	1	0
rl_A17_30_22	SMT	A17	rn_A17_30	rn_A17_22	1	1
rl_A17_31_32	SMT	A17	rn_A17_31	rn_A17_32	1	0
rl_A17_32_8	SMT	A17	rn_A17_32	rn_A17_8	1	1
rl_A17_33_34	SMT	A17	rn_A17_33	rn_A17_34	1	0
rl_A17_34_A16_18	SMT	A17	rn_A17_34	rn_A16_18	1	1
rl_A17_35_36	SMT	A17	rn_A17_35	rn_A17_36	1	0
rl_A17_36_A18_4	SMT	A17	rn_A17_36	rn_A18_4	1	1
rl_A17_3_4	SMT	A17	rn_A17_3	rn_A17_4	1	0
rl_A17_4_5	SMT	A17	rn_A17_4	rn_A17_5	1	0
rl_A17_5_29	SMT	A17	rn_A17_5	rn_A17_29	1	1
rl_A17_5_6	SMT	A17	rn_A17_5	rn_A17_6	1	0
rl_A17_6_7	SMT	A17	rn_A17_6	rn_A17_7	1	0
rl_A17_7_8	SMT	A17	rn_A17_7	rn_A17_8	1	0
rl_A17_8_9	SMT	A17	rn_A17_8	rn_A17_9	1	0
rl_A17_9_10	SMT	A17	rn_A17_9	rn_A17_10	1	0
rl_A17_9_33	SMT	A17	rn_A17_9	rn_A17_33	1	1
rl_A18_10_11	SMT	A18	rn_A18_10	rn_A18_11	1	0
rl_A18_11_12	SMT	A18	rn_A18_11	rn_A18_12	1	0
rl_A18_11_13	SMT	A18	rn_A18_11	rn_A18_13	1	1
rl_A18_12_InterBay3_45	SMT	InterBay3	rn_A18_12	rn_InterBay3_45	1	1
rl_A18_13_14	SMT	A18	rn_A18_13	rn_A18_14	1	0
rl_A18_14_16	SMT	A18	rn_A18_14	rn_A18_16	1	1
rl_A18_15_16	SMT	A18	rn_A18_15	rn_A18_16	1	0
rl_A18_16_17	SMT	A18	rn_A18_16	rn_A18_17	1	0
rl_A18_17_18	SMT	A18	rn_A18_17	rn_A18_18	1	0
rl_A18_18_19	SMT	A18	rn_A18_18	rn_A18_19	1	0
rl_A18_19_20	SMT	A18	rn_A18_19	rn_A18_20	1	0
rl_A18_19_31	SMT	A18	rn_A18_19	rn_A18_31	1	1
rl_A18_1_2	SMT	A18	rn_A18_1	rn_A18_2	1	0
rl_A18_20_21	SMT	A18	rn_A18_20	rn_A18_21	1	0
rl_A18_21_22	SMT	A18	rn_A18_21	rn_A18_22	1	0
rl_A18_22_23	SMT	A18	rn_A18_22	rn_A18_23	1	0
rl_A18_23_24	SMT	A18	rn_A18_23	rn_A18_24	1	0
rl_A18_23_35	SMT	A18	rn_A18_23	rn_A18_35	1	1
rl_A18_24_25	SMT	A18	rn_A18_24	rn_A18_25	1	0
rl_A18_25_26	SMT	A18	rn_A18_25	rn_A18_26	1	0
rl_A18_25_27	SMT	A18	rn_A18_25	rn_A18_27	1	1
rl_A18_26_InterBay2_179	SMT	InterBay2	rn_A18_26	rn_InterBay2_179	1	1
rl_A18_27_28	SMT	A18	rn_A18_27	rn_A18_28	1	0
rl_A18_28_2	SMT	A18	rn_A18_28	rn_A18_2	1	1
rl_A18_29_30	SMT	A18	rn_A18_29	rn_A18_30	1	0
rl_A18_2_3	SMT	A18	rn_A18_2	rn_A18_3	1	0
rl_A18_30_22	SMT	A18	rn_A18_30	rn_A18_22	1	1
rl_A18_31_32	SMT	A18	rn_A18_31	rn_A18_32	1	0
rl_A18_32_8	SMT	A18	rn_A18_32	rn_A18_8	1	1
rl_A18_33_34	SMT	A18	rn_A18_33	rn_A18_34	1	0
rl_A18_34_A17_18	SMT	A18	rn_A18_34	rn_A17_18	1	1
rl_A18_35_36	SMT	A18	rn_A18_35	rn_A18_36	1	0
rl_A18_36_A19_4	SMT	A18	rn_A18_36	rn_A19_4	1	1
rl_A18_3_4	SMT	A18	rn_A18_3	rn_A18_4	1	0
rl_A18_4_5	SMT	A18	rn_A18_4	rn_A18_5	1	0
rl_A18_5_29	SMT	A18	rn_A18_5	rn_A18_29	1	1
rl_A18_5_6	SMT	A18	rn_A18_5	rn_A18_6	1	0
rl_A18_6_7	SMT	A18	rn_A18_6	rn_A18_7	1	0
rl_A18_7_8	SMT	A18	rn_A18_7	rn_A18_8	1	0
rl_A18_8_9	SMT	A18	rn_A18_8	rn_A18_9	1	0
rl_A18_9_10	SMT	A18	rn_A18_9	rn_A18_10	1	0
rl_A18_9_33	SMT	A18	rn_A18_9	rn_A18_33	1	1
rl_A19_10_11	SMT	A19	rn_A19_10	rn_A19_11	1	0
rl_A19_11_12	SMT	A19	rn_A19_11	rn_A19_12	1	0
rl_A19_11_13	SMT	A19	rn_A19_11	rn_A19_13	1	1
rl_A19_12_InterBay3_54	SMT	InterBay3	rn_A19_12	rn_InterBay3_54	1	1
rl_A19_13_14	SMT	A19	rn_A19_13	rn_A19_14	1	0
rl_A19_14_16	SMT	A19	rn_A19_14	rn_A19_16	1	1
rl_A19_15_16	SMT	A19	rn_A19_15	rn_A19_16	1	0
rl_A19_16_17	SMT	A19	rn_A19_16	rn_A19_17	1	0
rl_A19_17_18	SMT	A19	rn_A19_17	rn_A19_18	1	0
rl_A19_18_19	SMT	A19	rn_A19_18	rn_A19_19	1	0
rl_A19_19_20	SMT	A19	rn_A19_19	rn_A19_20	1	0
rl_A19_19_31	SMT	A19	rn_A19_19	rn_A19_31	1	1
rl_A19_1_2	SMT	A19	rn_A19_1	rn_A19_2	1	0
rl_A19_20_21	SMT	A19	rn_A19_20	rn_A19_21	1	0
rl_A19_21_22	SMT	A19	rn_A19_21	rn_A19_22	1	0
rl_A19_22_23	SMT	A19	rn_A19_22	rn_A19_23	1	0
rl_A19_23_24	SMT	A19	rn_A19_23	rn_A19_24	1	0
rl_A19_23_35	SMT	A19	rn_A19_23	rn_A19_35	1	1
rl_A19_24_25	SMT	A19	rn_A19_24	rn_A19_25	1	0
rl_A19_25_26	SMT	A19	rn_A19_25	rn_A19_26	1	0
rl_A19_25_27	SMT	A19	rn_A19_25	rn_A19_27	1	1
rl_A19_26_InterBay2_171	SMT	InterBay2	rn_A19_26	rn_InterBay2_171	1	1
rl_A19_27_28	SMT	A19	rn_A19_27	rn_A19_28	1	0
rl_A19_28_2	SMT	A19	rn_A19_28	rn_A19_2	1	1
rl_A19_29_30	SMT	A19	rn_A19_29	rn_A19_30	1	0
rl_A19_2_3	SMT	A19	rn_A19_2	rn_A19_3	1	0
rl_A19_30_22	SMT	A19	rn_A19_30	rn_A19_22	1	1
rl_A19_31_32	SMT	A19	rn_A19_31	rn_A19_32	1	0
rl_A19_32_8	SMT	A19	rn_A19_32	rn_A19_8	1	1
rl_A19_33_34	SMT	A19	rn_A19_33	rn_A19_34	1	0
rl_A19_34_A18_18	SMT	A19	rn_A19_34	rn_A18_18	1	1
rl_A19_35_36	SMT	A19	rn_A19_35	rn_A19_36	1	0
rl_A19_36_A20_4	SMT	A19	rn_A19_36	rn_A20_4	1	1
rl_A19_3_4	SMT	A19	rn_A19_3	rn_A19_4	1	0
rl_A19_4_5	SMT	A19	rn_A19_4	rn_A19_5	1	0
rl_A19_5_29	SMT	A19	rn_A19_5	rn_A19_29	1	1
rl_A19_5_6	SMT	A19	rn_A19_5	rn_A19_6	1	0
rl_A19_6_7	SMT	A19	rn_A19_6	rn_A19_7	1	0
rl_A19_7_8	SMT	A19	rn_A19_7	rn_A19_8	1	0
rl_A19_8_9	SMT	A19	rn_A19_8	rn_A19_9	1	0
rl_A19_9_10	SMT	A19	rn_A19_9	rn_A19_10	1	0
rl_A19_9_33	SMT	A19	rn_A19_9	rn_A19_33	1	1
rl_A1_10_11	SMT	A1	rn_A1_10	rn_A1_11	1	0
rl_A1_11_12	SMT	A1	rn_A1_11	rn_A1_12	1	0
rl_A1_11_13	SMT	A1	rn_A1_11	rn_A1_13	1	1
rl_A1_12_InterBay3_208	SMT	InterBay3	rn_A1_12	rn_InterBay3_208	1	1
rl_A1_13_14	SMT	A1	rn_A1_13	rn_A1_14	1	0
rl_A1_14_16	SMT	A1	rn_A1_14	rn_A1_16	1	1
rl_A1_15_16	SMT	A1	rn_A1_15	rn_A1_16	1	0
rl_A1_16_17	SMT	A1	rn_A1_16	rn_A1_17	1	0
rl_A1_17_18	SMT	A1	rn_A1_17	rn_A1_18	1	0
rl_A1_18_19	SMT	A1	rn_A1_18	rn_A1_19	1	0
rl_A1_19_20	SMT	A1	rn_A1_19	rn_A1_20	1	0
rl_A1_19_31	SMT	A1	rn_A1_19	rn_A1_31	1	1
rl_A1_1_2	SMT	A1	rn_A1_1	rn_A1_2	1	0
rl_A1_20_21	SMT	A1	rn_A1_20	rn_A1_21	1	0
rl_A1_21_22	SMT	A1	rn_A1_21	rn_A1_22	1	0
rl_A1_22_23	SMT	A1	rn_A1_22	rn_A1_23	1	0
rl_A1_23_24	SMT	A1	rn_A1_23	rn_A1_24	1	0
rl_A1_23_33	SMT	A1	rn_A1_23	rn_A1_33	1	1
rl_A1_24_25	SMT	A1	rn_A1_24	rn_A1_25	1	0
rl_A1_25_26	SMT	A1	rn_A1_25	rn_A1_26	1	0
rl_A1_25_27	SMT	A1	rn_A1_25	rn_A1_27	1	1
rl_A1_26_InterBay2_315	SMT	InterBay2	rn_A1_26	rn_InterBay2_315	1	1
rl_A1_27_28	SMT	A1	rn_A1_27	rn_A1_28	1	0
rl_A1_28_2	SMT	A1	rn_A1_28	rn_A1_2	1	1
rl_A1_29_30	SMT	A1	rn_A1_29	rn_A1_30	1	0
rl_A1_2_3	SMT	A1	rn_A1_2	rn_A1_3	1	0
rl_A1_30_22	SMT	A1	rn_A1_30	rn_A1_22	1	1
rl_A1_31_32	SMT	A1	rn_A1_31	rn_A1_32	1	0
rl_A1_32_8	SMT	A1	rn_A1_32	rn_A1_8	1	1
rl_A1_33_34	SMT	A1	rn_A1_33	rn_A1_34	1	0
rl_A1_34_A2_4	SMT	A1	rn_A1_34	rn_A2_4	1	1
rl_A1_3_4	SMT	A1	rn_A1_3	rn_A1_4	1	0
rl_A1_4_5	SMT	A1	rn_A1_4	rn_A1_5	1	0
rl_A1_5_29	SMT	A1	rn_A1_5	rn_A1_29	1	1
rl_A1_5_6	SMT	A1	rn_A1_5	rn_A1_6	1	0
rl_A1_6_7	SMT	A1	rn_A1_6	rn_A1_7	1	0
rl_A1_7_8	SMT	A1	rn_A1_7	rn_A1_8	1	0
rl_A1_8_9	SMT	A1	rn_A1_8	rn_A1_9	1	0
rl_A1_9_10	SMT	A1	rn_A1_9	rn_A1_10	1	0
rl_A20_10_11	SMT	A20	rn_A20_10	rn_A20_11	1	0
rl_A20_11_12	SMT	A20	rn_A20_11	rn_A20_12	1	0
rl_A20_11_13	SMT	A20	rn_A20_11	rn_A20_13	1	1
rl_A20_12_InterBay3_63	SMT	InterBay3	rn_A20_12	rn_InterBay3_63	1	1
rl_A20_13_14	SMT	A20	rn_A20_13	rn_A20_14	1	0
rl_A20_14_16	SMT	A20	rn_A20_14	rn_A20_16	1	1
rl_A20_15_16	SMT	A20	rn_A20_15	rn_A20_16	1	0
rl_A20_16_17	SMT	A20	rn_A20_16	rn_A20_17	1	0
rl_A20_17_18	SMT	A20	rn_A20_17	rn_A20_18	1	0
rl_A20_18_19	SMT	A20	rn_A20_18	rn_A20_19	1	0
rl_A20_19_20	SMT	A20	rn_A20_19	rn_A20_20	1	0
rl_A20_19_31	SMT	A20	rn_A20_19	rn_A20_31	1	1
rl_A20_1_2	SMT	A20	rn_A20_1	rn_A20_2	1	0
rl_A20_20_21	SMT	A20	rn_A20_20	rn_A20_21	1	0
rl_A20_21_22	SMT	A20	rn_A20_21	rn_A20_22	1	0
rl_A20_22_23	SMT	A20	rn_A20_22	rn_A20_23	1	0
rl_A20_23_24	SMT	A20	rn_A20_23	rn_A20_24	1	0
rl_A20_24_25	SMT	A20	rn_A20_24	rn_A20_25	1	0
rl_A20_25_26	SMT	A20	rn_A20_25	rn_A20_26	1	0
rl_A20_25_27	SMT	A20	rn_A20_25	rn_A20_27	1	1
rl_A20_26_InterBay2_163	SMT	InterBay2	rn_A20_26	rn_InterBay2_163	1	0
rl_A20_27_28	SMT	A20	rn_A20_27	rn_A20_28	1	0
rl_A20_28_2	SMT	A20	rn_A20_28	rn_A20_2	1	1
rl_A20_29_30	SMT	A20	rn_A20_29	rn_A20_30	1	0
rl_A20_2_3	SMT	A20	rn_A20_2	rn_A20_3	1	0
rl_A20_30_22	SMT	A20	rn_A20_30	rn_A20_22	1	1
rl_A20_31_32	SMT	A20	rn_A20_31	rn_A20_32	1	0
rl_A20_32_8	SMT	A20	rn_A20_32	rn_A20_8	1	1
rl_A20_33_34	SMT	A20	rn_A20_33	rn_A20_34	1	0
rl_A20_34_A19_18	SMT	A20	rn_A20_34	rn_A19_18	1	1
rl_A20_3_4	SMT	A20	rn_A20_3	rn_A20_4	1	0
rl_A20_4_5	SMT	A20	rn_A20_4	rn_A20_5	1	0
rl_A20_5_29	SMT	A20	rn_A20_5	rn_A20_29	1	1
rl_A20_5_6	SMT	A20	rn_A20_5	rn_A20_6	1	0
rl_A20_6_7	SMT	A20	rn_A20_6	rn_A20_7	1	0
rl_A20_7_8	SMT	A20	rn_A20_7	rn_A20_8	1	0
rl_A20_8_9	SMT	A20	rn_A20_8	rn_A20_9	1	0
rl_A20_9_10	SMT	A20	rn_A20_9	rn_A20_10	1	0
rl_A20_9_33	SMT	A20	rn_A20_9	rn_A20_33	1	1
rl_A2_10_11	SMT	A2	rn_A2_10	rn_A2_11	1	0
rl_A2_11_12	SMT	A2	rn_A2_11	rn_A2_12	1	0
rl_A2_11_13	SMT	A2	rn_A2_11	rn_A2_13	1	1
rl_A2_12_InterBay3_13	SMT	InterBay3	rn_A2_12	rn_InterBay3_13	1	1
rl_A2_13_14	SMT	A2	rn_A2_13	rn_A2_14	1	0
rl_A2_14_16	SMT	A2	rn_A2_14	rn_A2_16	1	1
rl_A2_15_16	SMT	A2	rn_A2_15	rn_A2_16	1	0
rl_A2_16_17	SMT	A2	rn_A2_16	rn_A2_17	1	0
rl_A2_17_18	SMT	A2	rn_A2_17	rn_A2_18	1	0
rl_A2_18_19	SMT	A2	rn_A2_18	rn_A2_19	1	0
rl_A2_19_20	SMT	A2	rn_A2_19	rn_A2_20	1	0
rl_A2_19_31	SMT	A2	rn_A2_19	rn_A2_31	1	1
rl_A2_1_2	SMT	A2	rn_A2_1	rn_A2_2	1	0
rl_A2_20_21	SMT	A2	rn_A2_20	rn_A2_21	1	0
rl_A2_21_22	SMT	A2	rn_A2_21	rn_A2_22	1	0
rl_A2_22_23	SMT	A2	rn_A2_22	rn_A2_23	1	0
rl_A2_23_24	SMT	A2	rn_A2_23	rn_A2_24	1	0
rl_A2_23_35	SMT	A2	rn_A2_23	rn_A2_35	1	1
rl_A2_24_25	SMT	A2	rn_A2_24	rn_A2_25	1	0
rl_A2_25_26	SMT	A2	rn_A2_25	rn_A2_26	1	0
rl_A2_25_27	SMT	A2	rn_A2_25	rn_A2_27	1	1
rl_A2_26_InterBay2_307	SMT	InterBay2	rn_A2_26	rn_InterBay2_307	1	1
rl_A2_27_28	SMT	A2	rn_A2_27	rn_A2_28	1	0
rl_A2_28_2	SMT	A2	rn_A2_28	rn_A2_2	1	1
rl_A2_29_30	SMT	A2	rn_A2_29	rn_A2_30	1	0
rl_A2_2_3	SMT	A2	rn_A2_2	rn_A2_3	1	0
rl_A2_30_22	SMT	A2	rn_A2_30	rn_A2_22	1	1
rl_A2_31_32	SMT	A2	rn_A2_31	rn_A2_32	1	0
rl_A2_32_8	SMT	A2	rn_A2_32	rn_A2_8	1	1
rl_A2_33_34	SMT	A2	rn_A2_33	rn_A2_34	1	0
rl_A2_34_A1_18	SMT	A2	rn_A2_34	rn_A1_18	1	1
rl_A2_35_36	SMT	A2	rn_A2_35	rn_A2_36	1	0
rl_A2_36_A3_4	SMT	A2	rn_A2_36	rn_A3_4	1	1
rl_A2_3_4	SMT	A2	rn_A2_3	rn_A2_4	1	0
rl_A2_4_5	SMT	A2	rn_A2_4	rn_A2_5	1	0
rl_A2_5_29	SMT	A2	rn_A2_5	rn_A2_29	1	1
rl_A2_5_6	SMT	A2	rn_A2_5	rn_A2_6	1	0
rl_A2_6_7	SMT	A2	rn_A2_6	rn_A2_7	1	0
rl_A2_7_8	SMT	A2	rn_A2_7	rn_A2_8	1	0
rl_A2_8_9	SMT	A2	rn_A2_8	rn_A2_9	1	0
rl_A2_9_10	SMT	A2	rn_A2_9	rn_A2_10	1	0
rl_A2_9_33	SMT	A2	rn_A2_9	rn_A2_33	1	1
rl_A3_10_11	SMT	A3	rn_A3_10	rn_A3_11	1	0
rl_A3_11_12	SMT	A3	rn_A3_11	rn_A3_12	1	0
rl_A3_11_13	SMT	A3	rn_A3_11	rn_A3_13	1	1
rl_A3_12_InterBay3_101	SMT	InterBay3	rn_A3_12	rn_InterBay3_101	1	1
rl_A3_13_14	SMT	A3	rn_A3_13	rn_A3_14	1	0
rl_A3_14_16	SMT	A3	rn_A3_14	rn_A3_16	1	1
rl_A3_15_16	SMT	A3	rn_A3_15	rn_A3_16	1	0
rl_A3_16_17	SMT	A3	rn_A3_16	rn_A3_17	1	0
rl_A3_17_18	SMT	A3	rn_A3_17	rn_A3_18	1	0
rl_A3_18_19	SMT	A3	rn_A3_18	rn_A3_19	1	0
rl_A3_19_20	SMT	A3	rn_A3_19	rn_A3_20	1	0
rl_A3_19_31	SMT	A3	rn_A3_19	rn_A3_31	1	1
rl_A3_1_2	SMT	A3	rn_A3_1	rn_A3_2	1	0
rl_A3_20_21	SMT	A3	rn_A3_20	rn_A3_21	1	0
rl_A3_21_22	SMT	A3	rn_A3_21	rn_A3_22	1	0
rl_A3_22_23	SMT	A3	rn_A3_22	rn_A3_23	1	0
rl_A3_23_24	SMT	A3	rn_A3_23	rn_A3_24	1	0
rl_A3_23_35	SMT	A3	rn_A3_23	rn_A3_35	1	1
rl_A3_24_25	SMT	A3	rn_A3_24	rn_A3_25	1	0
rl_A3_25_26	SMT	A3	rn_A3_25	rn_A3_26	1	0
rl_A3_25_27	SMT	A3	rn_A3_25	rn_A3_27	1	1
rl_A3_26_InterBay2_299	SMT	InterBay2	rn_A3_26	rn_InterBay2_299	1	1
rl_A3_27_28	SMT	A3	rn_A3_27	rn_A3_28	1	0
rl_A3_28_2	SMT	A3	rn_A3_28	rn_A3_2	1	1
rl_A3_29_30	SMT	A3	rn_A3_29	rn_A3_30	1	0
rl_A3_2_3	SMT	A3	rn_A3_2	rn_A3_3	1	0
rl_A3_30_22	SMT	A3	rn_A3_30	rn_A3_22	1	1
rl_A3_31_32	SMT	A3	rn_A3_31	rn_A3_32	1	0
rl_A3_32_8	SMT	A3	rn_A3_32	rn_A3_8	1	1
rl_A3_33_34	SMT	A3	rn_A3_33	rn_A3_34	1	0
rl_A3_34_A2_18	SMT	A3	rn_A3_34	rn_A2_18	1	1
rl_A3_35_36	SMT	A3	rn_A3_35	rn_A3_36	1	0
rl_A3_36_A4_4	SMT	A3	rn_A3_36	rn_A4_4	1	1
rl_A3_3_4	SMT	A3	rn_A3_3	rn_A3_4	1	0
rl_A3_4_5	SMT	A3	rn_A3_4	rn_A3_5	1	0
rl_A3_5_29	SMT	A3	rn_A3_5	rn_A3_29	1	1
rl_A3_5_6	SMT	A3	rn_A3_5	rn_A3_6	1	0
rl_A3_6_7	SMT	A3	rn_A3_6	rn_A3_7	1	0
rl_A3_7_8	SMT	A3	rn_A3_7	rn_A3_8	1	0
rl_A3_8_9	SMT	A3	rn_A3_8	rn_A3_9	1	0
rl_A3_9_10	SMT	A3	rn_A3_9	rn_A3_10	1	0
rl_A3_9_33	SMT	A3	rn_A3_9	rn_A3_33	1	1
rl_A4_10_11	SMT	A4	rn_A4_10	rn_A4_11	1	0
rl_A4_11_12	SMT	A4	rn_A4_11	rn_A4_12	1	0
rl_A4_11_13	SMT	A4	rn_A4_11	rn_A4_13	1	1
rl_A4_12_InterBay3_183	SMT	InterBay3	rn_A4_12	rn_InterBay3_183	1	1
rl_A4_13_14	SMT	A4	rn_A4_13	rn_A4_14	1	0
rl_A4_14_16	SMT	A4	rn_A4_14	rn_A4_16	1	1
rl_A4_15_16	SMT	A4	rn_A4_15	rn_A4_16	1	0
rl_A4_16_17	SMT	A4	rn_A4_16	rn_A4_17	1	0
rl_A4_17_18	SMT	A4	rn_A4_17	rn_A4_18	1	0
rl_A4_18_19	SMT	A4	rn_A4_18	rn_A4_19	1	0
rl_A4_19_20	SMT	A4	rn_A4_19	rn_A4_20	1	0
rl_A4_19_31	SMT	A4	rn_A4_19	rn_A4_31	1	1
rl_A4_1_2	SMT	A4	rn_A4_1	rn_A4_2	1	0
rl_A4_20_21	SMT	A4	rn_A4_20	rn_A4_21	1	0
rl_A4_21_22	SMT	A4	rn_A4_21	rn_A4_22	1	0
rl_A4_22_23	SMT	A4	rn_A4_22	rn_A4_23	1	0
rl_A4_23_24	SMT	A4	rn_A4_23	rn_A4_24	1	0
rl_A4_23_35	SMT	A4	rn_A4_23	rn_A4_35	1	1
rl_A4_24_25	SMT	A4	rn_A4_24	rn_A4_25	1	0
rl_A4_25_26	SMT	A4	rn_A4_25	rn_A4_26	1	0
rl_A4_25_27	SMT	A4	rn_A4_25	rn_A4_27	1	1
rl_A4_26_InterBay2_291	SMT	InterBay2	rn_A4_26	rn_InterBay2_291	1	1
rl_A4_27_28	SMT	A4	rn_A4_27	rn_A4_28	1	0
rl_A4_28_2	SMT	A4	rn_A4_28	rn_A4_2	1	1
rl_A4_29_30	SMT	A4	rn_A4_29	rn_A4_30	1	0
rl_A4_2_3	SMT	A4	rn_A4_2	rn_A4_3	1	0
rl_A4_30_22	SMT	A4	rn_A4_30	rn_A4_22	1	1
rl_A4_31_32	SMT	A4	rn_A4_31	rn_A4_32	1	0
rl_A4_32_8	SMT	A4	rn_A4_32	rn_A4_8	1	1
rl_A4_33_34	SMT	A4	rn_A4_33	rn_A4_34	1	0
rl_A4_34_A3_18	SMT	A4	rn_A4_34	rn_A3_18	1	1
rl_A4_35_36	SMT	A4	rn_A4_35	rn_A4_36	1	0
rl_A4_36_A5_4	SMT	A4	rn_A4_36	rn_A5_4	1	1
rl_A4_3_4	SMT	A4	rn_A4_3	rn_A4_4	1	0
rl_A4_4_5	SMT	A4	rn_A4_4	rn_A4_5	1	0
rl_A4_5_29	SMT	A4	rn_A4_5	rn_A4_29	1	1
rl_A4_5_6	SMT	A4	rn_A4_5	rn_A4_6	1	0
rl_A4_6_7	SMT	A4	rn_A4_6	rn_A4_7	1	0
rl_A4_7_8	SMT	A4	rn_A4_7	rn_A4_8	1	0
rl_A4_8_9	SMT	A4	rn_A4_8	rn_A4_9	1	0
rl_A4_9_10	SMT	A4	rn_A4_9	rn_A4_10	1	0
rl_A4_9_33	SMT	A4	rn_A4_9	rn_A4_33	1	1
rl_A5_10_11	SMT	A5	rn_A5_10	rn_A5_11	1	0
rl_A5_11_12	SMT	A5	rn_A5_11	rn_A5_12	1	0
rl_A5_11_13	SMT	A5	rn_A5_11	rn_A5_13	1	1
rl_A5_12_InterBay3_252	SMT	InterBay3	rn_A5_12	rn_InterBay3_252	1	1
rl_A5_13_14	SMT	A5	rn_A5_13	rn_A5_14	1	0
rl_A5_14_16	SMT	A5	rn_A5_14	rn_A5_16	1	1
rl_A5_15_16	SMT	A5	rn_A5_15	rn_A5_16	1	0
rl_A5_16_17	SMT	A5	rn_A5_16	rn_A5_17	1	0
rl_A5_17_18	SMT	A5	rn_A5_17	rn_A5_18	1	0
rl_A5_18_19	SMT	A5	rn_A5_18	rn_A5_19	1	0
rl_A5_19_20	SMT	A5	rn_A5_19	rn_A5_20	1	0
rl_A5_19_31	SMT	A5	rn_A5_19	rn_A5_31	1	1
rl_A5_1_2	SMT	A5	rn_A5_1	rn_A5_2	1	0
rl_A5_20_21	SMT	A5	rn_A5_20	rn_A5_21	1	0
rl_A5_21_22	SMT	A5	rn_A5_21	rn_A5_22	1	0
rl_A5_22_23	SMT	A5	rn_A5_22	rn_A5_23	1	0
rl_A5_23_24	SMT	A5	rn_A5_23	rn_A5_24	1	0
rl_A5_23_35	SMT	A5	rn_A5_23	rn_A5_35	1	1
rl_A5_24_25	SMT	A5	rn_A5_24	rn_A5_25	1	0
rl_A5_25_26	SMT	A5	rn_A5_25	rn_A5_26	1	0
rl_A5_25_27	SMT	A5	rn_A5_25	rn_A5_27	1	1
rl_A5_26_InterBay2_283	SMT	InterBay2	rn_A5_26	rn_InterBay2_283	1	1
rl_A5_27_28	SMT	A5	rn_A5_27	rn_A5_28	1	0
rl_A5_28_2	SMT	A5	rn_A5_28	rn_A5_2	1	1
rl_A5_29_30	SMT	A5	rn_A5_29	rn_A5_30	1	0
rl_A5_2_3	SMT	A5	rn_A5_2	rn_A5_3	1	0
rl_A5_30_22	SMT	A5	rn_A5_30	rn_A5_22	1	1
rl_A5_31_32	SMT	A5	rn_A5_31	rn_A5_32	1	0
rl_A5_32_8	SMT	A5	rn_A5_32	rn_A5_8	1	1
rl_A5_33_34	SMT	A5	rn_A5_33	rn_A5_34	1	0
rl_A5_34_A4_18	SMT	A5	rn_A5_34	rn_A4_18	1	1
rl_A5_35_36	SMT	A5	rn_A5_35	rn_A5_36	1	0
rl_A5_36_A6_4	SMT	A5	rn_A5_36	rn_A6_4	1	1
rl_A5_3_4	SMT	A5	rn_A5_3	rn_A5_4	1	0
rl_A5_4_5	SMT	A5	rn_A5_4	rn_A5_5	1	0
rl_A5_5_29	SMT	A5	rn_A5_5	rn_A5_29	1	1
rl_A5_5_6	SMT	A5	rn_A5_5	rn_A5_6	1	0
rl_A5_6_7	SMT	A5	rn_A5_6	rn_A5_7	1	0
rl_A5_7_8	SMT	A5	rn_A5_7	rn_A5_8	1	0
rl_A5_8_9	SMT	A5	rn_A5_8	rn_A5_9	1	0
rl_A5_9_10	SMT	A5	rn_A5_9	rn_A5_10	1	0
rl_A5_9_33	SMT	A5	rn_A5_9	rn_A5_33	1	1
rl_A6_10_11	SMT	A6	rn_A6_10	rn_A6_11	1	0
rl_A6_11_12	SMT	A6	rn_A6_11	rn_A6_12	1	0
rl_A6_11_13	SMT	A6	rn_A6_11	rn_A6_13	1	1
rl_A6_12_InterBay3_320	SMT	InterBay3	rn_A6_12	rn_InterBay3_320	1	1
rl_A6_13_14	SMT	A6	rn_A6_13	rn_A6_14	1	0
rl_A6_14_16	SMT	A6	rn_A6_14	rn_A6_16	1	1
rl_A6_15_16	SMT	A6	rn_A6_15	rn_A6_16	1	0
rl_A6_16_17	SMT	A6	rn_A6_16	rn_A6_17	1	0
rl_A6_17_18	SMT	A6	rn_A6_17	rn_A6_18	1	0
rl_A6_18_19	SMT	A6	rn_A6_18	rn_A6_19	1	0
rl_A6_19_20	SMT	A6	rn_A6_19	rn_A6_20	1	0
rl_A6_19_31	SMT	A6	rn_A6_19	rn_A6_31	1	1
rl_A6_1_2	SMT	A6	rn_A6_1	rn_A6_2	1	0
rl_A6_20_21	SMT	A6	rn_A6_20	rn_A6_21	1	0
rl_A6_21_22	SMT	A6	rn_A6_21	rn_A6_22	1	0
rl_A6_22_23	SMT	A6	rn_A6_22	rn_A6_23	1	0
rl_A6_23_24	SMT	A6	rn_A6_23	rn_A6_24	1	0
rl_A6_23_35	SMT	A6	rn_A6_23	rn_A6_35	1	1
rl_A6_24_25	SMT	A6	rn_A6_24	rn_A6_25	1	0
rl_A6_25_26	SMT	A6	rn_A6_25	rn_A6_26	1	0
rl_A6_25_27	SMT	A6	rn_A6_25	rn_A6_27	1	1
rl_A6_26_InterBay2_275	SMT	InterBay2	rn_A6_26	rn_InterBay2_275	1	1
rl_A6_27_28	SMT	A6	rn_A6_27	rn_A6_28	1	0
rl_A6_28_2	SMT	A6	rn_A6_28	rn_A6_2	1	1
rl_A6_29_30	SMT	A6	rn_A6_29	rn_A6_30	1	0
rl_A6_2_3	SMT	A6	rn_A6_2	rn_A6_3	1	0
rl_A6_30_22	SMT	A6	rn_A6_30	rn_A6_22	1	1
rl_A6_31_32	SMT	A6	rn_A6_31	rn_A6_32	1	0
rl_A6_32_8	SMT	A6	rn_A6_32	rn_A6_8	1	1
rl_A6_33_34	SMT	A6	rn_A6_33	rn_A6_34	1	0
rl_A6_34_A5_18	SMT	A6	rn_A6_34	rn_A5_18	1	1
rl_A6_35_36	SMT	A6	rn_A6_35	rn_A6_36	1	0
rl_A6_36_A7_4	SMT	A6	rn_A6_36	rn_A7_4	1	1
rl_A6_3_4	SMT	A6	rn_A6_3	rn_A6_4	1	0
rl_A6_4_5	SMT	A6	rn_A6_4	rn_A6_5	1	0
rl_A6_5_29	SMT	A6	rn_A6_5	rn_A6_29	1	1
rl_A6_5_6	SMT	A6	rn_A6_5	rn_A6_6	1	0
rl_A6_6_7	SMT	A6	rn_A6_6	rn_A6_7	1	0
rl_A6_7_8	SMT	A6	rn_A6_7	rn_A6_8	1	0
rl_A6_8_9	SMT	A6	rn_A6_8	rn_A6_9	1	0
rl_A6_9_10	SMT	A6	rn_A6_9	rn_A6_10	1	0
rl_A6_9_33	SMT	A6	rn_A6_9	rn_A6_33	1	1
rl_A7_10_11	SMT	A7	rn_A7_10	rn_A7_11	1	0
rl_A7_11_12	SMT	A7	rn_A7_11	rn_A7_12	1	0
rl_A7_11_13	SMT	A7	rn_A7_11	rn_A7_13	1	1
rl_A7_12_InterBay3_348	SMT	InterBay3	rn_A7_12	rn_InterBay3_348	1	1
rl_A7_13_14	SMT	A7	rn_A7_13	rn_A7_14	1	0
rl_A7_14_16	SMT	A7	rn_A7_14	rn_A7_16	1	1
rl_A7_15_16	SMT	A7	rn_A7_15	rn_A7_16	1	0
rl_A7_16_17	SMT	A7	rn_A7_16	rn_A7_17	1	0
rl_A7_17_18	SMT	A7	rn_A7_17	rn_A7_18	1	0
rl_A7_18_19	SMT	A7	rn_A7_18	rn_A7_19	1	0
rl_A7_19_20	SMT	A7	rn_A7_19	rn_A7_20	1	0
rl_A7_19_31	SMT	A7	rn_A7_19	rn_A7_31	1	1
rl_A7_1_2	SMT	A7	rn_A7_1	rn_A7_2	1	0
rl_A7_20_21	SMT	A7	rn_A7_20	rn_A7_21	1	0
rl_A7_21_22	SMT	A7	rn_A7_21	rn_A7_22	1	0
rl_A7_22_23	SMT	A7	rn_A7_22	rn_A7_23	1	0
rl_A7_23_24	SMT	A7	rn_A7_23	rn_A7_24	1	0
rl_A7_23_35	SMT	A7	rn_A7_23	rn_A7_35	1	1
rl_A7_24_25	SMT	A7	rn_A7_24	rn_A7_25	1	0
rl_A7_25_26	SMT	A7	rn_A7_25	rn_A7_26	1	0
rl_A7_25_27	SMT	A7	rn_A7_25	rn_A7_27	1	1
rl_A7_26_InterBay2_267	SMT	InterBay2	rn_A7_26	rn_InterBay2_267	1	1
rl_A7_27_28	SMT	A7	rn_A7_27	rn_A7_28	1	0
rl_A7_28_2	SMT	A7	rn_A7_28	rn_A7_2	1	1
rl_A7_29_30	SMT	A7	rn_A7_29	rn_A7_30	1	0
rl_A7_2_3	SMT	A7	rn_A7_2	rn_A7_3	1	0
rl_A7_30_22	SMT	A7	rn_A7_30	rn_A7_22	1	1
rl_A7_31_32	SMT	A7	rn_A7_31	rn_A7_32	1	0
rl_A7_32_8	SMT	A7	rn_A7_32	rn_A7_8	1	1
rl_A7_33_34	SMT	A7	rn_A7_33	rn_A7_34	1	0
rl_A7_34_A6_18	SMT	A7	rn_A7_34	rn_A6_18	1	1
rl_A7_35_36	SMT	A7	rn_A7_35	rn_A7_36	1	0
rl_A7_36_A8_4	SMT	A7	rn_A7_36	rn_A8_4	1	1
rl_A7_3_4	SMT	A7	rn_A7_3	rn_A7_4	1	0
rl_A7_4_5	SMT	A7	rn_A7_4	rn_A7_5	1	0
rl_A7_5_29	SMT	A7	rn_A7_5	rn_A7_29	1	1
rl_A7_5_6	SMT	A7	rn_A7_5	rn_A7_6	1	0
rl_A7_6_7	SMT	A7	rn_A7_6	rn_A7_7	1	0
rl_A7_7_8	SMT	A7	rn_A7_7	rn_A7_8	1	0
rl_A7_8_9	SMT	A7	rn_A7_8	rn_A7_9	1	0
rl_A7_9_10	SMT	A7	rn_A7_9	rn_A7_10	1	0
rl_A7_9_33	SMT	A7	rn_A7_9	rn_A7_33	1	1
rl_A8_10_11	SMT	A8	rn_A8_10	rn_A8_11	1	0
rl_A8_11_12	SMT	A8	rn_A8_11	rn_A8_12	1	0
rl_A8_11_13	SMT	A8	rn_A8_11	rn_A8_13	1	1
rl_A8_12_InterBay3_356	SMT	InterBay3	rn_A8_12	rn_InterBay3_356	1	1
rl_A8_13_14	SMT	A8	rn_A8_13	rn_A8_14	1	0
rl_A8_14_16	SMT	A8	rn_A8_14	rn_A8_16	1	1
rl_A8_15_16	SMT	A8	rn_A8_15	rn_A8_16	1	0
rl_A8_16_17	SMT	A8	rn_A8_16	rn_A8_17	1	0
rl_A8_17_18	SMT	A8	rn_A8_17	rn_A8_18	1	0
rl_A8_18_19	SMT	A8	rn_A8_18	rn_A8_19	1	0
rl_A8_19_20	SMT	A8	rn_A8_19	rn_A8_20	1	0
rl_A8_19_31	SMT	A8	rn_A8_19	rn_A8_31	1	1
rl_A8_1_2	SMT	A8	rn_A8_1	rn_A8_2	1	0
rl_A8_20_21	SMT	A8	rn_A8_20	rn_A8_21	1	0
rl_A8_21_22	SMT	A8	rn_A8_21	rn_A8_22	1	0
rl_A8_22_23	SMT	A8	rn_A8_22	rn_A8_23	1	0
rl_A8_23_24	SMT	A8	rn_A8_23	rn_A8_24	1	0
rl_A8_23_35	SMT	A8	rn_A8_23	rn_A8_35	1	1
rl_A8_24_25	SMT	A8	rn_A8_24	rn_A8_25	1	0
rl_A8_25_26	SMT	A8	rn_A8_25	rn_A8_26	1	0
rl_A8_25_27	SMT	A8	rn_A8_25	rn_A8_27	1	1
rl_A8_26_InterBay2_259	SMT	InterBay2	rn_A8_26	rn_InterBay2_259	1	1
rl_A8_27_28	SMT	A8	rn_A8_27	rn_A8_28	1	0
rl_A8_28_2	SMT	A8	rn_A8_28	rn_A8_2	1	1
rl_A8_29_30	SMT	A8	rn_A8_29	rn_A8_30	1	0
rl_A8_2_3	SMT	A8	rn_A8_2	rn_A8_3	1	0
rl_A8_30_22	SMT	A8	rn_A8_30	rn_A8_22	1	1
rl_A8_31_32	SMT	A8	rn_A8_31	rn_A8_32	1	0
rl_A8_32_8	SMT	A8	rn_A8_32	rn_A8_8	1	1
rl_A8_33_34	SMT	A8	rn_A8_33	rn_A8_34	1	0
rl_A8_34_A7_18	SMT	A8	rn_A8_34	rn_A7_18	1	1
rl_A8_35_36	SMT	A8	rn_A8_35	rn_A8_36	1	0
rl_A8_36_A9_4	SMT	A8	rn_A8_36	rn_A9_4	1	1
rl_A8_3_4	SMT	A8	rn_A8_3	rn_A8_4	1	0
rl_A8_4_5	SMT	A8	rn_A8_4	rn_A8_5	1	0
rl_A8_5_29	SMT	A8	rn_A8_5	rn_A8_29	1	1
rl_A8_5_6	SMT	A8	rn_A8_5	rn_A8_6	1	0
rl_A8_6_7	SMT	A8	rn_A8_6	rn_A8_7	1	0
rl_A8_7_8	SMT	A8	rn_A8_7	rn_A8_8	1	0
rl_A8_8_9	SMT	A8	rn_A8_8	rn_A8_9	1	0
rl_A8_9_10	SMT	A8	rn_A8_9	rn_A8_10	1	0
rl_A8_9_33	SMT	A8	rn_A8_9	rn_A8_33	1	1
rl_A9_10_11	SMT	A9	rn_A9_10	rn_A9_11	1	0
rl_A9_11_12	SMT	A9	rn_A9_11	rn_A9_12	1	0
rl_A9_11_13	SMT	A9	rn_A9_11	rn_A9_13	1	1
rl_A9_12_InterBay3_365	SMT	InterBay3	rn_A9_12	rn_InterBay3_365	1	1
rl_A9_13_14	SMT	A9	rn_A9_13	rn_A9_14	1	0
rl_A9_14_16	SMT	A9	rn_A9_14	rn_A9_16	1	1
rl_A9_15_16	SMT	A9	rn_A9_15	rn_A9_16	1	0
rl_A9_16_17	SMT	A9	rn_A9_16	rn_A9_17	1	0
rl_A9_17_18	SMT	A9	rn_A9_17	rn_A9_18	1	0
rl_A9_18_19	SMT	A9	rn_A9_18	rn_A9_19	1	0
rl_A9_19_20	SMT	A9	rn_A9_19	rn_A9_20	1	0
rl_A9_19_31	SMT	A9	rn_A9_19	rn_A9_31	1	1
rl_A9_1_2	SMT	A9	rn_A9_1	rn_A9_2	1	0
rl_A9_20_21	SMT	A9	rn_A9_20	rn_A9_21	1	0
rl_A9_21_22	SMT	A9	rn_A9_21	rn_A9_22	1	0
rl_A9_22_23	SMT	A9	rn_A9_22	rn_A9_23	1	0
rl_A9_23_24	SMT	A9	rn_A9_23	rn_A9_24	1	0
rl_A9_23_35	SMT	A9	rn_A9_23	rn_A9_35	1	1
rl_A9_24_25	SMT	A9	rn_A9_24	rn_A9_25	1	0
rl_A9_25_26	SMT	A9	rn_A9_25	rn_A9_26	1	0
rl_A9_25_27	SMT	A9	rn_A9_25	rn_A9_27	1	1
rl_A9_26_InterBay2_251	SMT	InterBay2	rn_A9_26	rn_InterBay2_251	1	1
rl_A9_27_28	SMT	A9	rn_A9_27	rn_A9_28	1	0
rl_A9_28_2	SMT	A9	rn_A9_28	rn_A9_2	1	1
rl_A9_29_30	SMT	A9	rn_A9_29	rn_A9_30	1	0
rl_A9_2_3	SMT	A9	rn_A9_2	rn_A9_3	1	0
rl_A9_30_22	SMT	A9	rn_A9_30	rn_A9_22	1	1
rl_A9_31_32	SMT	A9	rn_A9_31	rn_A9_32	1	0
rl_A9_32_8	SMT	A9	rn_A9_32	rn_A9_8	1	1
rl_A9_33_34	SMT	A9	rn_A9_33	rn_A9_34	1	0
rl_A9_34_A8_18	SMT	A9	rn_A9_34	rn_A8_18	1	1
rl_A9_35_36	SMT	A9	rn_A9_35	rn_A9_36	1	0
rl_A9_36_A10_4	SMT	A9	rn_A9_36	rn_A10_4	1	1
rl_A9_3_4	SMT	A9	rn_A9_3	rn_A9_4	1	0
rl_A9_4_5	SMT	A9	rn_A9_4	rn_A9_5	1	0
rl_A9_5_29	SMT	A9	rn_A9_5	rn_A9_29	1	1
rl_A9_5_6	SMT	A9	rn_A9_5	rn_A9_6	1	0
rl_A9_6_7	SMT	A9	rn_A9_6	rn_A9_7	1	0
rl_A9_7_8	SMT	A9	rn_A9_7	rn_A9_8	1	0
rl_A9_8_9	SMT	A9	rn_A9_8	rn_A9_9	1	0
rl_A9_9_10	SMT	A9	rn_A9_9	rn_A9_10	1	0
rl_A9_9_33	SMT	A9	rn_A9_9	rn_A9_33	1	1
rl_B10_10_11	SMT	B10	rn_B10_10	rn_B10_11	1	0
rl_B10_11_12	SMT	B10	rn_B10_11	rn_B10_12	1	0
rl_B10_11_13	SMT	B10	rn_B10_11	rn_B10_13	1	1
rl_B10_12_InterBay2_75	SMT	InterBay2	rn_B10_12	rn_InterBay2_75	1	1
rl_B10_13_14	SMT	B10	rn_B10_13	rn_B10_14	1	0
rl_B10_14_16	SMT	B10	rn_B10_14	rn_B10_16	1	1
rl_B10_15_16	SMT	B10	rn_B10_15	rn_B10_16	1	0
rl_B10_16_17	SMT	B10	rn_B10_16	rn_B10_17	1	0
rl_B10_17_18	SMT	B10	rn_B10_17	rn_B10_18	1	0
rl_B10_18_19	SMT	B10	rn_B10_18	rn_B10_19	1	0
rl_B10_19_20	SMT	B10	rn_B10_19	rn_B10_20	1	0
rl_B10_19_31	SMT	B10	rn_B10_19	rn_B10_31	1	1
rl_B10_1_2	SMT	B10	rn_B10_1	rn_B10_2	1	0
rl_B10_20_21	SMT	B10	rn_B10_20	rn_B10_21	1	0
rl_B10_21_22	SMT	B10	rn_B10_21	rn_B10_22	1	0
rl_B10_22_23	SMT	B10	rn_B10_22	rn_B10_23	1	0
rl_B10_23_24	SMT	B10	rn_B10_23	rn_B10_24	1	0
rl_B10_23_35	SMT	B10	rn_B10_23	rn_B10_35	1	1
rl_B10_24_25	SMT	B10	rn_B10_24	rn_B10_25	1	0
rl_B10_25_26	SMT	B10	rn_B10_25	rn_B10_26	1	0
rl_B10_25_27	SMT	B10	rn_B10_25	rn_B10_27	1	1
rl_B10_26_InterBay1_72	SMT	InterBay1	rn_B10_26	rn_InterBay1_72	1	1
rl_B10_27_28	SMT	B10	rn_B10_27	rn_B10_28	1	0
rl_B10_28_2	SMT	B10	rn_B10_28	rn_B10_2	1	1
rl_B10_29_30	SMT	B10	rn_B10_29	rn_B10_30	1	0
rl_B10_2_3	SMT	B10	rn_B10_2	rn_B10_3	1	0
rl_B10_30_22	SMT	B10	rn_B10_30	rn_B10_22	1	1
rl_B10_31_32	SMT	B10	rn_B10_31	rn_B10_32	1	0
rl_B10_32_8	SMT	B10	rn_B10_32	rn_B10_8	1	1
rl_B10_33_34	SMT	B10	rn_B10_33	rn_B10_34	1	0
rl_B10_34_B9_18	SMT	B10	rn_B10_34	rn_B9_18	1	1
rl_B10_35_36	SMT	B10	rn_B10_35	rn_B10_36	1	0
rl_B10_36_B11_4	SMT	B10	rn_B10_36	rn_B11_4	1	1
rl_B10_3_4	SMT	B10	rn_B10_3	rn_B10_4	1	0
rl_B10_4_5	SMT	B10	rn_B10_4	rn_B10_5	1	0
rl_B10_5_29	SMT	B10	rn_B10_5	rn_B10_29	1	1
rl_B10_5_6	SMT	B10	rn_B10_5	rn_B10_6	1	0
rl_B10_6_7	SMT	B10	rn_B10_6	rn_B10_7	1	0
rl_B10_7_8	SMT	B10	rn_B10_7	rn_B10_8	1	0
rl_B10_8_9	SMT	B10	rn_B10_8	rn_B10_9	1	0
rl_B10_9_10	SMT	B10	rn_B10_9	rn_B10_10	1	0
rl_B10_9_33	SMT	B10	rn_B10_9	rn_B10_33	1	1
rl_B11_10_11	SMT	B11	rn_B11_10	rn_B11_11	1	0
rl_B11_11_12	SMT	B11	rn_B11_11	rn_B11_12	1	0
rl_B11_11_13	SMT	B11	rn_B11_11	rn_B11_13	1	1
rl_B11_12_InterBay2_83	SMT	InterBay2	rn_B11_12	rn_InterBay2_83	1	1
rl_B11_13_14	SMT	B11	rn_B11_13	rn_B11_14	1	0
rl_B11_14_16	SMT	B11	rn_B11_14	rn_B11_16	1	1
rl_B11_15_16	SMT	B11	rn_B11_15	rn_B11_16	1	0
rl_B11_16_17	SMT	B11	rn_B11_16	rn_B11_17	1	0
rl_B11_17_18	SMT	B11	rn_B11_17	rn_B11_18	1	0
rl_B11_18_19	SMT	B11	rn_B11_18	rn_B11_19	1	0
rl_B11_19_20	SMT	B11	rn_B11_19	rn_B11_20	1	0
rl_B11_19_31	SMT	B11	rn_B11_19	rn_B11_31	1	1
rl_B11_1_2	SMT	B11	rn_B11_1	rn_B11_2	1	0
rl_B11_20_21	SMT	B11	rn_B11_20	rn_B11_21	1	0
rl_B11_21_22	SMT	B11	rn_B11_21	rn_B11_22	1	0
rl_B11_22_23	SMT	B11	rn_B11_22	rn_B11_23	1	0
rl_B11_23_24	SMT	B11	rn_B11_23	rn_B11_24	1	0
rl_B11_23_35	SMT	B11	rn_B11_23	rn_B11_35	1	1
rl_B11_24_25	SMT	B11	rn_B11_24	rn_B11_25	1	0
rl_B11_25_26	SMT	B11	rn_B11_25	rn_B11_26	1	0
rl_B11_25_27	SMT	B11	rn_B11_25	rn_B11_27	1	1
rl_B11_26_InterBay1_63	SMT	InterBay1	rn_B11_26	rn_InterBay1_63	1	1
rl_B11_27_28	SMT	B11	rn_B11_27	rn_B11_28	1	0
rl_B11_28_2	SMT	B11	rn_B11_28	rn_B11_2	1	1
rl_B11_29_30	SMT	B11	rn_B11_29	rn_B11_30	1	0
rl_B11_2_3	SMT	B11	rn_B11_2	rn_B11_3	1	0
rl_B11_30_22	SMT	B11	rn_B11_30	rn_B11_22	1	1
rl_B11_31_32	SMT	B11	rn_B11_31	rn_B11_32	1	0
rl_B11_32_8	SMT	B11	rn_B11_32	rn_B11_8	1	1
rl_B11_33_34	SMT	B11	rn_B11_33	rn_B11_34	1	0
rl_B11_34_B10_18	SMT	B11	rn_B11_34	rn_B10_18	1	1
rl_B11_35_36	SMT	B11	rn_B11_35	rn_B11_36	1	0
rl_B11_36_B12_4	SMT	B11	rn_B11_36	rn_B12_4	1	1
rl_B11_3_4	SMT	B11	rn_B11_3	rn_B11_4	1	0
rl_B11_4_5	SMT	B11	rn_B11_4	rn_B11_5	1	0
rl_B11_5_29	SMT	B11	rn_B11_5	rn_B11_29	1	1
rl_B11_5_6	SMT	B11	rn_B11_5	rn_B11_6	1	0
rl_B11_6_7	SMT	B11	rn_B11_6	rn_B11_7	1	0
rl_B11_7_8	SMT	B11	rn_B11_7	rn_B11_8	1	0
rl_B11_8_9	SMT	B11	rn_B11_8	rn_B11_9	1	0
rl_B11_9_10	SMT	B11	rn_B11_9	rn_B11_10	1	0
rl_B11_9_33	SMT	B11	rn_B11_9	rn_B11_33	1	1
rl_B12_10_11	SMT	B12	rn_B12_10	rn_B12_11	1	0
rl_B12_11_12	SMT	B12	rn_B12_11	rn_B12_12	1	0
rl_B12_11_13	SMT	B12	rn_B12_11	rn_B12_13	1	1
rl_B12_12_InterBay2_91	SMT	InterBay2	rn_B12_12	rn_InterBay2_91	1	1
rl_B12_13_14	SMT	B12	rn_B12_13	rn_B12_14	1	0
rl_B12_14_16	SMT	B12	rn_B12_14	rn_B12_16	1	1
rl_B12_15_16	SMT	B12	rn_B12_15	rn_B12_16	1	0
rl_B12_16_17	SMT	B12	rn_B12_16	rn_B12_17	1	0
rl_B12_17_18	SMT	B12	rn_B12_17	rn_B12_18	1	0
rl_B12_18_19	SMT	B12	rn_B12_18	rn_B12_19	1	0
rl_B12_19_20	SMT	B12	rn_B12_19	rn_B12_20	1	0
rl_B12_19_31	SMT	B12	rn_B12_19	rn_B12_31	1	1
rl_B12_1_2	SMT	B12	rn_B12_1	rn_B12_2	1	0
rl_B12_20_21	SMT	B12	rn_B12_20	rn_B12_21	1	0
rl_B12_21_22	SMT	B12	rn_B12_21	rn_B12_22	1	0
rl_B12_22_23	SMT	B12	rn_B12_22	rn_B12_23	1	0
rl_B12_23_24	SMT	B12	rn_B12_23	rn_B12_24	1	0
rl_B12_23_35	SMT	B12	rn_B12_23	rn_B12_35	1	1
rl_B12_24_25	SMT	B12	rn_B12_24	rn_B12_25	1	0
rl_B12_25_26	SMT	B12	rn_B12_25	rn_B12_26	1	0
rl_B12_25_27	SMT	B12	rn_B12_25	rn_B12_27	1	1
rl_B12_26_InterBay1_54	SMT	InterBay1	rn_B12_26	rn_InterBay1_54	1	1
rl_B12_27_28	SMT	B12	rn_B12_27	rn_B12_28	1	0
rl_B12_28_2	SMT	B12	rn_B12_28	rn_B12_2	1	1
rl_B12_29_30	SMT	B12	rn_B12_29	rn_B12_30	1	0
rl_B12_2_3	SMT	B12	rn_B12_2	rn_B12_3	1	0
rl_B12_30_22	SMT	B12	rn_B12_30	rn_B12_22	1	1
rl_B12_31_32	SMT	B12	rn_B12_31	rn_B12_32	1	0
rl_B12_32_8	SMT	B12	rn_B12_32	rn_B12_8	1	1
rl_B12_33_34	SMT	B12	rn_B12_33	rn_B12_34	1	0
rl_B12_34_B11_18	SMT	B12	rn_B12_34	rn_B11_18	1	1
rl_B12_35_36	SMT	B12	rn_B12_35	rn_B12_36	1	0
rl_B12_36_B13_4	SMT	B12	rn_B12_36	rn_B13_4	1	1
rl_B12_3_4	SMT	B12	rn_B12_3	rn_B12_4	1	0
rl_B12_4_5	SMT	B12	rn_B12_4	rn_B12_5	1	0
rl_B12_5_29	SMT	B12	rn_B12_5	rn_B12_29	1	1
rl_B12_5_6	SMT	B12	rn_B12_5	rn_B12_6	1	0
rl_B12_6_7	SMT	B12	rn_B12_6	rn_B12_7	1	0
rl_B12_7_8	SMT	B12	rn_B12_7	rn_B12_8	1	0
rl_B12_8_9	SMT	B12	rn_B12_8	rn_B12_9	1	0
rl_B12_9_10	SMT	B12	rn_B12_9	rn_B12_10	1	0
rl_B12_9_33	SMT	B12	rn_B12_9	rn_B12_33	1	1
rl_B13_10_11	SMT	B13	rn_B13_10	rn_B13_11	1	0
rl_B13_11_12	SMT	B13	rn_B13_11	rn_B13_12	1	0
rl_B13_11_13	SMT	B13	rn_B13_11	rn_B13_13	1	1
rl_B13_12_InterBay2_99	SMT	InterBay2	rn_B13_12	rn_InterBay2_99	1	1
rl_B13_13_14	SMT	B13	rn_B13_13	rn_B13_14	1	0
rl_B13_14_16	SMT	B13	rn_B13_14	rn_B13_16	1	1
rl_B13_15_16	SMT	B13	rn_B13_15	rn_B13_16	1	0
rl_B13_16_17	SMT	B13	rn_B13_16	rn_B13_17	1	0
rl_B13_17_18	SMT	B13	rn_B13_17	rn_B13_18	1	0
rl_B13_18_19	SMT	B13	rn_B13_18	rn_B13_19	1	0
rl_B13_19_20	SMT	B13	rn_B13_19	rn_B13_20	1	0
rl_B13_19_31	SMT	B13	rn_B13_19	rn_B13_31	1	1
rl_B13_1_2	SMT	B13	rn_B13_1	rn_B13_2	1	0
rl_B13_20_21	SMT	B13	rn_B13_20	rn_B13_21	1	0
rl_B13_21_22	SMT	B13	rn_B13_21	rn_B13_22	1	0
rl_B13_22_23	SMT	B13	rn_B13_22	rn_B13_23	1	0
rl_B13_23_24	SMT	B13	rn_B13_23	rn_B13_24	1	0
rl_B13_23_35	SMT	B13	rn_B13_23	rn_B13_35	1	1
rl_B13_24_25	SMT	B13	rn_B13_24	rn_B13_25	1	0
rl_B13_25_26	SMT	B13	rn_B13_25	rn_B13_26	1	0
rl_B13_25_27	SMT	B13	rn_B13_25	rn_B13_27	1	1
rl_B13_26_InterBay1_45	SMT	InterBay1	rn_B13_26	rn_InterBay1_45	1	1
rl_B13_27_28	SMT	B13	rn_B13_27	rn_B13_28	1	0
rl_B13_28_2	SMT	B13	rn_B13_28	rn_B13_2	1	1
rl_B13_29_30	SMT	B13	rn_B13_29	rn_B13_30	1	0
rl_B13_2_3	SMT	B13	rn_B13_2	rn_B13_3	1	0
rl_B13_30_22	SMT	B13	rn_B13_30	rn_B13_22	1	1
rl_B13_31_32	SMT	B13	rn_B13_31	rn_B13_32	1	0
rl_B13_32_8	SMT	B13	rn_B13_32	rn_B13_8	1	1
rl_B13_33_34	SMT	B13	rn_B13_33	rn_B13_34	1	0
rl_B13_34_B12_18	SMT	B13	rn_B13_34	rn_B12_18	1	1
rl_B13_35_36	SMT	B13	rn_B13_35	rn_B13_36	1	0
rl_B13_36_B14_4	SMT	B13	rn_B13_36	rn_B14_4	1	1
rl_B13_3_4	SMT	B13	rn_B13_3	rn_B13_4	1	0
rl_B13_4_5	SMT	B13	rn_B13_4	rn_B13_5	1	0
rl_B13_5_29	SMT	B13	rn_B13_5	rn_B13_29	1	1
rl_B13_5_6	SMT	B13	rn_B13_5	rn_B13_6	1	0
rl_B13_6_7	SMT	B13	rn_B13_6	rn_B13_7	1	0
rl_B13_7_8	SMT	B13	rn_B13_7	rn_B13_8	1	0
rl_B13_8_9	SMT	B13	rn_B13_8	rn_B13_9	1	0
rl_B13_9_10	SMT	B13	rn_B13_9	rn_B13_10	1	0
rl_B13_9_33	SMT	B13	rn_B13_9	rn_B13_33	1	1
rl_B14_10_11	SMT	B14	rn_B14_10	rn_B14_11	1	0
rl_B14_11_12	SMT	B14	rn_B14_11	rn_B14_12	1	0
rl_B14_11_13	SMT	B14	rn_B14_11	rn_B14_13	1	1
rl_B14_12_InterBay2_107	SMT	InterBay2	rn_B14_12	rn_InterBay2_107	1	1
rl_B14_13_14	SMT	B14	rn_B14_13	rn_B14_14	1	0
rl_B14_14_16	SMT	B14	rn_B14_14	rn_B14_16	1	1
rl_B14_15_16	SMT	B14	rn_B14_15	rn_B14_16	1	0
rl_B14_16_17	SMT	B14	rn_B14_16	rn_B14_17	1	0
rl_B14_17_18	SMT	B14	rn_B14_17	rn_B14_18	1	0
rl_B14_18_19	SMT	B14	rn_B14_18	rn_B14_19	1	0
rl_B14_19_20	SMT	B14	rn_B14_19	rn_B14_20	1	0
rl_B14_19_31	SMT	B14	rn_B14_19	rn_B14_31	1	1
rl_B14_1_2	SMT	B14	rn_B14_1	rn_B14_2	1	0
rl_B14_20_21	SMT	B14	rn_B14_20	rn_B14_21	1	0
rl_B14_21_22	SMT	B14	rn_B14_21	rn_B14_22	1	0
rl_B14_22_23	SMT	B14	rn_B14_22	rn_B14_23	1	0
rl_B14_23_24	SMT	B14	rn_B14_23	rn_B14_24	1	0
rl_B14_23_35	SMT	B14	rn_B14_23	rn_B14_35	1	1
rl_B14_24_25	SMT	B14	rn_B14_24	rn_B14_25	1	0
rl_B14_25_26	SMT	B14	rn_B14_25	rn_B14_26	1	0
rl_B14_25_27	SMT	B14	rn_B14_25	rn_B14_27	1	1
rl_B14_26_InterBay1_37	SMT	InterBay1	rn_B14_26	rn_InterBay1_37	1	1
rl_B14_27_28	SMT	B14	rn_B14_27	rn_B14_28	1	0
rl_B14_28_2	SMT	B14	rn_B14_28	rn_B14_2	1	1
rl_B14_29_30	SMT	B14	rn_B14_29	rn_B14_30	1	0
rl_B14_2_3	SMT	B14	rn_B14_2	rn_B14_3	1	0
rl_B14_30_22	SMT	B14	rn_B14_30	rn_B14_22	1	1
rl_B14_31_32	SMT	B14	rn_B14_31	rn_B14_32	1	0
rl_B14_32_8	SMT	B14	rn_B14_32	rn_B14_8	1	1
rl_B14_33_34	SMT	B14	rn_B14_33	rn_B14_34	1	0
rl_B14_34_B13_18	SMT	B14	rn_B14_34	rn_B13_18	1	1
rl_B14_35_36	SMT	B14	rn_B14_35	rn_B14_36	1	0
rl_B14_36_B15_4	SMT	B14	rn_B14_36	rn_B15_4	1	1
rl_B14_3_4	SMT	B14	rn_B14_3	rn_B14_4	1	0
rl_B14_4_5	SMT	B14	rn_B14_4	rn_B14_5	1	0
rl_B14_5_29	SMT	B14	rn_B14_5	rn_B14_29	1	1
rl_B14_5_6	SMT	B14	rn_B14_5	rn_B14_6	1	0
rl_B14_6_7	SMT	B14	rn_B14_6	rn_B14_7	1	0
rl_B14_7_8	SMT	B14	rn_B14_7	rn_B14_8	1	0
rl_B14_8_9	SMT	B14	rn_B14_8	rn_B14_9	1	0
rl_B14_9_10	SMT	B14	rn_B14_9	rn_B14_10	1	0
rl_B14_9_33	SMT	B14	rn_B14_9	rn_B14_33	1	1
rl_B15_10_11	SMT	B15	rn_B15_10	rn_B15_11	1	0
rl_B15_11_12	SMT	B15	rn_B15_11	rn_B15_12	1	0
rl_B15_11_13	SMT	B15	rn_B15_11	rn_B15_13	1	1
rl_B15_12_InterBay2_115	SMT	InterBay2	rn_B15_12	rn_InterBay2_115	1	1
rl_B15_13_14	SMT	B15	rn_B15_13	rn_B15_14	1	0
rl_B15_14_16	SMT	B15	rn_B15_14	rn_B15_16	1	1
rl_B15_15_16	SMT	B15	rn_B15_15	rn_B15_16	1	0
rl_B15_16_17	SMT	B15	rn_B15_16	rn_B15_17	1	0
rl_B15_17_18	SMT	B15	rn_B15_17	rn_B15_18	1	0
rl_B15_18_19	SMT	B15	rn_B15_18	rn_B15_19	1	0
rl_B15_19_20	SMT	B15	rn_B15_19	rn_B15_20	1	0
rl_B15_19_31	SMT	B15	rn_B15_19	rn_B15_31	1	1
rl_B15_1_2	SMT	B15	rn_B15_1	rn_B15_2	1	0
rl_B15_20_21	SMT	B15	rn_B15_20	rn_B15_21	1	0
rl_B15_21_22	SMT	B15	rn_B15_21	rn_B15_22	1	0
rl_B15_22_23	SMT	B15	rn_B15_22	rn_B15_23	1	0
rl_B15_23_24	SMT	B15	rn_B15_23	rn_B15_24	1	0
rl_B15_23_35	SMT	B15	rn_B15_23	rn_B15_35	1	1
rl_B15_24_25	SMT	B15	rn_B15_24	rn_B15_25	1	0
rl_B15_25_26	SMT	B15	rn_B15_25	rn_B15_26	1	0
rl_B15_25_27	SMT	B15	rn_B15_25	rn_B15_27	1	1
rl_B15_26_InterBay1_28	SMT	InterBay1	rn_B15_26	rn_InterBay1_28	1	1
rl_B15_27_28	SMT	B15	rn_B15_27	rn_B15_28	1	0
rl_B15_28_2	SMT	B15	rn_B15_28	rn_B15_2	1	1
rl_B15_29_30	SMT	B15	rn_B15_29	rn_B15_30	1	0
rl_B15_2_3	SMT	B15	rn_B15_2	rn_B15_3	1	0
rl_B15_30_22	SMT	B15	rn_B15_30	rn_B15_22	1	1
rl_B15_31_32	SMT	B15	rn_B15_31	rn_B15_32	1	0
rl_B15_32_8	SMT	B15	rn_B15_32	rn_B15_8	1	1
rl_B15_33_34	SMT	B15	rn_B15_33	rn_B15_34	1	0
rl_B15_34_B14_18	SMT	B15	rn_B15_34	rn_B14_18	1	1
rl_B15_35_36	SMT	B15	rn_B15_35	rn_B15_36	1	0
rl_B15_36_B16_4	SMT	B15	rn_B15_36	rn_B16_4	1	1
rl_B15_3_4	SMT	B15	rn_B15_3	rn_B15_4	1	0
rl_B15_4_5	SMT	B15	rn_B15_4	rn_B15_5	1	0
rl_B15_5_29	SMT	B15	rn_B15_5	rn_B15_29	1	1
rl_B15_5_6	SMT	B15	rn_B15_5	rn_B15_6	1	0
rl_B15_6_7	SMT	B15	rn_B15_6	rn_B15_7	1	0
rl_B15_7_8	SMT	B15	rn_B15_7	rn_B15_8	1	0
rl_B15_8_9	SMT	B15	rn_B15_8	rn_B15_9	1	0
rl_B15_9_10	SMT	B15	rn_B15_9	rn_B15_10	1	0
rl_B15_9_33	SMT	B15	rn_B15_9	rn_B15_33	1	1
rl_B16_10_11	SMT	B16	rn_B16_10	rn_B16_11	1	0
rl_B16_11_12	SMT	B16	rn_B16_11	rn_B16_12	1	0
rl_B16_11_13	SMT	B16	rn_B16_11	rn_B16_13	1	1
rl_B16_12_InterBay2_123	SMT	InterBay2	rn_B16_12	rn_InterBay2_123	1	1
rl_B16_13_14	SMT	B16	rn_B16_13	rn_B16_14	1	0
rl_B16_14_16	SMT	B16	rn_B16_14	rn_B16_16	1	1
rl_B16_15_16	SMT	B16	rn_B16_15	rn_B16_16	1	0
rl_B16_16_17	SMT	B16	rn_B16_16	rn_B16_17	1	0
rl_B16_17_18	SMT	B16	rn_B16_17	rn_B16_18	1	0
rl_B16_18_19	SMT	B16	rn_B16_18	rn_B16_19	1	0
rl_B16_19_20	SMT	B16	rn_B16_19	rn_B16_20	1	0
rl_B16_19_31	SMT	B16	rn_B16_19	rn_B16_31	1	1
rl_B16_1_2	SMT	B16	rn_B16_1	rn_B16_2	1	0
rl_B16_20_21	SMT	B16	rn_B16_20	rn_B16_21	1	0
rl_B16_21_22	SMT	B16	rn_B16_21	rn_B16_22	1	0
rl_B16_22_23	SMT	B16	rn_B16_22	rn_B16_23	1	0
rl_B16_23_24	SMT	B16	rn_B16_23	rn_B16_24	1	0
rl_B16_23_35	SMT	B16	rn_B16_23	rn_B16_35	1	1
rl_B16_24_25	SMT	B16	rn_B16_24	rn_B16_25	1	0
rl_B16_25_26	SMT	B16	rn_B16_25	rn_B16_26	1	0
rl_B16_25_27	SMT	B16	rn_B16_25	rn_B16_27	1	1
rl_B16_26_InterBay1_19	SMT	InterBay1	rn_B16_26	rn_InterBay1_19	1	1
rl_B16_27_28	SMT	B16	rn_B16_27	rn_B16_28	1	0
rl_B16_28_2	SMT	B16	rn_B16_28	rn_B16_2	1	1
rl_B16_29_30	SMT	B16	rn_B16_29	rn_B16_30	1	0
rl_B16_2_3	SMT	B16	rn_B16_2	rn_B16_3	1	0
rl_B16_30_22	SMT	B16	rn_B16_30	rn_B16_22	1	1
rl_B16_31_32	SMT	B16	rn_B16_31	rn_B16_32	1	0
rl_B16_32_8	SMT	B16	rn_B16_32	rn_B16_8	1	1
rl_B16_33_34	SMT	B16	rn_B16_33	rn_B16_34	1	0
rl_B16_34_B15_18	SMT	B16	rn_B16_34	rn_B15_18	1	1
rl_B16_35_36	SMT	B16	rn_B16_35	rn_B16_36	1	0
rl_B16_36_B17_4	SMT	B16	rn_B16_36	rn_B17_4	1	1
rl_B16_3_4	SMT	B16	rn_B16_3	rn_B16_4	1	0
rl_B16_4_5	SMT	B16	rn_B16_4	rn_B16_5	1	0
rl_B16_5_29	SMT	B16	rn_B16_5	rn_B16_29	1	1
rl_B16_5_6	SMT	B16	rn_B16_5	rn_B16_6	1	0
rl_B16_6_7	SMT	B16	rn_B16_6	rn_B16_7	1	0
rl_B16_7_8	SMT	B16	rn_B16_7	rn_B16_8	1	0
rl_B16_8_9	SMT	B16	rn_B16_8	rn_B16_9	1	0
rl_B16_9_10	SMT	B16	rn_B16_9	rn_B16_10	1	0
rl_B16_9_33	SMT	B16	rn_B16_9	rn_B16_33	1	1
rl_B17_10_11	SMT	B17	rn_B17_10	rn_B17_11	1	0
rl_B17_11_12	SMT	B17	rn_B17_11	rn_B17_12	1	0
rl_B17_11_13	SMT	B17	rn_B17_11	rn_B17_13	1	1
rl_B17_12_InterBay2_131	SMT	InterBay2	rn_B17_12	rn_InterBay2_131	1	1
rl_B17_13_14	SMT	B17	rn_B17_13	rn_B17_14	1	0
rl_B17_14_16	SMT	B17	rn_B17_14	rn_B17_16	1	1
rl_B17_15_16	SMT	B17	rn_B17_15	rn_B17_16	1	0
rl_B17_16_17	SMT	B17	rn_B17_16	rn_B17_17	1	0
rl_B17_17_18	SMT	B17	rn_B17_17	rn_B17_18	1	0
rl_B17_18_19	SMT	B17	rn_B17_18	rn_B17_19	1	0
rl_B17_19_20	SMT	B17	rn_B17_19	rn_B17_20	1	0
rl_B17_19_31	SMT	B17	rn_B17_19	rn_B17_31	1	1
rl_B17_1_2	SMT	B17	rn_B17_1	rn_B17_2	1	0
rl_B17_20_21	SMT	B17	rn_B17_20	rn_B17_21	1	0
rl_B17_21_22	SMT	B17	rn_B17_21	rn_B17_22	1	0
rl_B17_22_23	SMT	B17	rn_B17_22	rn_B17_23	1	0
rl_B17_23_24	SMT	B17	rn_B17_23	rn_B17_24	1	0
rl_B17_23_35	SMT	B17	rn_B17_23	rn_B17_35	1	1
rl_B17_24_25	SMT	B17	rn_B17_24	rn_B17_25	1	0
rl_B17_25_26	SMT	B17	rn_B17_25	rn_B17_26	1	0
rl_B17_25_27	SMT	B17	rn_B17_25	rn_B17_27	1	1
rl_B17_26_InterBay1_10	SMT	InterBay1	rn_B17_26	rn_InterBay1_10	1	1
rl_B17_27_28	SMT	B17	rn_B17_27	rn_B17_28	1	0
rl_B17_28_2	SMT	B17	rn_B17_28	rn_B17_2	1	1
rl_B17_29_30	SMT	B17	rn_B17_29	rn_B17_30	1	0
rl_B17_2_3	SMT	B17	rn_B17_2	rn_B17_3	1	0
rl_B17_30_22	SMT	B17	rn_B17_30	rn_B17_22	1	1
rl_B17_31_32	SMT	B17	rn_B17_31	rn_B17_32	1	0
rl_B17_32_8	SMT	B17	rn_B17_32	rn_B17_8	1	1
rl_B17_33_34	SMT	B17	rn_B17_33	rn_B17_34	1	0
rl_B17_34_B16_18	SMT	B17	rn_B17_34	rn_B16_18	1	1
rl_B17_35_36	SMT	B17	rn_B17_35	rn_B17_36	1	0
rl_B17_36_B18_4	SMT	B17	rn_B17_36	rn_B18_4	1	1
rl_B17_3_4	SMT	B17	rn_B17_3	rn_B17_4	1	0
rl_B17_4_5	SMT	B17	rn_B17_4	rn_B17_5	1	0
rl_B17_5_29	SMT	B17	rn_B17_5	rn_B17_29	1	1
rl_B17_5_6	SMT	B17	rn_B17_5	rn_B17_6	1	0
rl_B17_6_7	SMT	B17	rn_B17_6	rn_B17_7	1	0
rl_B17_7_8	SMT	B17	rn_B17_7	rn_B17_8	1	0
rl_B17_8_9	SMT	B17	rn_B17_8	rn_B17_9	1	0
rl_B17_9_10	SMT	B17	rn_B17_9	rn_B17_10	1	0
rl_B17_9_33	SMT	B17	rn_B17_9	rn_B17_33	1	1
rl_B18_10_11	SMT	B18	rn_B18_10	rn_B18_11	1	0
rl_B18_11_12	SMT	B18	rn_B18_11	rn_B18_12	1	0
rl_B18_11_13	SMT	B18	rn_B18_11	rn_B18_13	1	1
rl_B18_12_InterBay2_139	SMT	InterBay2	rn_B18_12	rn_InterBay2_139	1	1
rl_B18_13_14	SMT	B18	rn_B18_13	rn_B18_14	1	0
rl_B18_14_16	SMT	B18	rn_B18_14	rn_B18_16	1	1
rl_B18_15_16	SMT	B18	rn_B18_15	rn_B18_16	1	0
rl_B18_16_17	SMT	B18	rn_B18_16	rn_B18_17	1	0
rl_B18_17_18	SMT	B18	rn_B18_17	rn_B18_18	1	0
rl_B18_18_19	SMT	B18	rn_B18_18	rn_B18_19	1	0
rl_B18_19_20	SMT	B18	rn_B18_19	rn_B18_20	1	0
rl_B18_19_31	SMT	B18	rn_B18_19	rn_B18_31	1	1
rl_B18_1_2	SMT	B18	rn_B18_1	rn_B18_2	1	0
rl_B18_20_21	SMT	B18	rn_B18_20	rn_B18_21	1	0
rl_B18_21_22	SMT	B18	rn_B18_21	rn_B18_22	1	0
rl_B18_22_23	SMT	B18	rn_B18_22	rn_B18_23	1	0
rl_B18_23_24	SMT	B18	rn_B18_23	rn_B18_24	1	0
rl_B18_23_35	SMT	B18	rn_B18_23	rn_B18_35	1	1
rl_B18_24_25	SMT	B18	rn_B18_24	rn_B18_25	1	0
rl_B18_25_26	SMT	B18	rn_B18_25	rn_B18_26	1	0
rl_B18_25_27	SMT	B18	rn_B18_25	rn_B18_27	1	1
rl_B18_26_InterBay1_400	SMT	InterBay1	rn_B18_26	rn_InterBay1_400	1	1
rl_B18_27_28	SMT	B18	rn_B18_27	rn_B18_28	1	0
rl_B18_28_2	SMT	B18	rn_B18_28	rn_B18_2	1	1
rl_B18_29_30	SMT	B18	rn_B18_29	rn_B18_30	1	0
rl_B18_2_3	SMT	B18	rn_B18_2	rn_B18_3	1	0
rl_B18_30_22	SMT	B18	rn_B18_30	rn_B18_22	1	1
rl_B18_31_32	SMT	B18	rn_B18_31	rn_B18_32	1	0
rl_B18_32_8	SMT	B18	rn_B18_32	rn_B18_8	1	1
rl_B18_33_34	SMT	B18	rn_B18_33	rn_B18_34	1	0
rl_B18_34_B17_18	SMT	B18	rn_B18_34	rn_B17_18	1	1
rl_B18_35_36	SMT	B18	rn_B18_35	rn_B18_36	1	0
rl_B18_36_B19_4	SMT	B18	rn_B18_36	rn_B19_4	1	1
rl_B18_3_4	SMT	B18	rn_B18_3	rn_B18_4	1	0
rl_B18_4_5	SMT	B18	rn_B18_4	rn_B18_5	1	0
rl_B18_5_29	SMT	B18	rn_B18_5	rn_B18_29	1	1
rl_B18_5_6	SMT	B18	rn_B18_5	rn_B18_6	1	0
rl_B18_6_7	SMT	B18	rn_B18_6	rn_B18_7	1	0
rl_B18_7_8	SMT	B18	rn_B18_7	rn_B18_8	1	0
rl_B18_8_9	SMT	B18	rn_B18_8	rn_B18_9	1	0
rl_B18_9_10	SMT	B18	rn_B18_9	rn_B18_10	1	0
rl_B18_9_33	SMT	B18	rn_B18_9	rn_B18_33	1	1
rl_B19_10_11	SMT	B19	rn_B19_10	rn_B19_11	1	0
rl_B19_11_12	SMT	B19	rn_B19_11	rn_B19_12	1	0
rl_B19_11_13	SMT	B19	rn_B19_11	rn_B19_13	1	1
rl_B19_12_InterBay2_147	SMT	InterBay2	rn_B19_12	rn_InterBay2_147	1	1
rl_B19_13_14	SMT	B19	rn_B19_13	rn_B19_14	1	0
rl_B19_14_16	SMT	B19	rn_B19_14	rn_B19_16	1	1
rl_B19_15_16	SMT	B19	rn_B19_15	rn_B19_16	1	0
rl_B19_16_17	SMT	B19	rn_B19_16	rn_B19_17	1	0
rl_B19_17_18	SMT	B19	rn_B19_17	rn_B19_18	1	0
rl_B19_18_19	SMT	B19	rn_B19_18	rn_B19_19	1	0
rl_B19_19_20	SMT	B19	rn_B19_19	rn_B19_20	1	0
rl_B19_19_31	SMT	B19	rn_B19_19	rn_B19_31	1	1
rl_B19_1_2	SMT	B19	rn_B19_1	rn_B19_2	1	0
rl_B19_20_21	SMT	B19	rn_B19_20	rn_B19_21	1	0
rl_B19_21_22	SMT	B19	rn_B19_21	rn_B19_22	1	0
rl_B19_22_23	SMT	B19	rn_B19_22	rn_B19_23	1	0
rl_B19_23_24	SMT	B19	rn_B19_23	rn_B19_24	1	0
rl_B19_23_35	SMT	B19	rn_B19_23	rn_B19_35	1	1
rl_B19_24_25	SMT	B19	rn_B19_24	rn_B19_25	1	0
rl_B19_25_26	SMT	B19	rn_B19_25	rn_B19_26	1	0
rl_B19_25_27	SMT	B19	rn_B19_25	rn_B19_27	1	1
rl_B19_26_InterBay1_392	SMT	InterBay1	rn_B19_26	rn_InterBay1_392	1	1
rl_B19_27_28	SMT	B19	rn_B19_27	rn_B19_28	1	0
rl_B19_28_2	SMT	B19	rn_B19_28	rn_B19_2	1	1
rl_B19_29_30	SMT	B19	rn_B19_29	rn_B19_30	1	0
rl_B19_2_3	SMT	B19	rn_B19_2	rn_B19_3	1	0
rl_B19_30_22	SMT	B19	rn_B19_30	rn_B19_22	1	1
rl_B19_31_32	SMT	B19	rn_B19_31	rn_B19_32	1	0
rl_B19_32_8	SMT	B19	rn_B19_32	rn_B19_8	1	1
rl_B19_33_34	SMT	B19	rn_B19_33	rn_B19_34	1	0
rl_B19_34_B18_18	SMT	B19	rn_B19_34	rn_B18_18	1	1
rl_B19_35_36	SMT	B19	rn_B19_35	rn_B19_36	1	0
rl_B19_36_B20_4	SMT	B19	rn_B19_36	rn_B20_4	1	1
rl_B19_3_4	SMT	B19	rn_B19_3	rn_B19_4	1	0
rl_B19_4_5	SMT	B19	rn_B19_4	rn_B19_5	1	0
rl_B19_5_29	SMT	B19	rn_B19_5	rn_B19_29	1	1
rl_B19_5_6	SMT	B19	rn_B19_5	rn_B19_6	1	0
rl_B19_6_7	SMT	B19	rn_B19_6	rn_B19_7	1	0
rl_B19_7_8	SMT	B19	rn_B19_7	rn_B19_8	1	0
rl_B19_8_9	SMT	B19	rn_B19_8	rn_B19_9	1	0
rl_B19_9_10	SMT	B19	rn_B19_9	rn_B19_10	1	0
rl_B19_9_33	SMT	B19	rn_B19_9	rn_B19_33	1	1
rl_B1_10_11	SMT	B1	rn_B1_10	rn_B1_11	1	0
rl_B1_11_12	SMT	B1	rn_B1_11	rn_B1_12	1	0
rl_B1_11_13	SMT	B1	rn_B1_11	rn_B1_13	1	1
rl_B1_12_InterBay2_3	SMT	InterBay2	rn_B1_12	rn_InterBay2_3	1	1
rl_B1_13_14	SMT	B1	rn_B1_13	rn_B1_14	1	0
rl_B1_14_16	SMT	B1	rn_B1_14	rn_B1_16	1	1
rl_B1_15_16	SMT	B1	rn_B1_15	rn_B1_16	1	0
rl_B1_16_17	SMT	B1	rn_B1_16	rn_B1_17	1	0
rl_B1_17_18	SMT	B1	rn_B1_17	rn_B1_18	1	0
rl_B1_18_19	SMT	B1	rn_B1_18	rn_B1_19	1	0
rl_B1_19_20	SMT	B1	rn_B1_19	rn_B1_20	1	0
rl_B1_19_31	SMT	B1	rn_B1_19	rn_B1_31	1	1
rl_B1_1_2	SMT	B1	rn_B1_1	rn_B1_2	1	0
rl_B1_20_21	SMT	B1	rn_B1_20	rn_B1_21	1	0
rl_B1_21_22	SMT	B1	rn_B1_21	rn_B1_22	1	0
rl_B1_22_23	SMT	B1	rn_B1_22	rn_B1_23	1	0
rl_B1_23_24	SMT	B1	rn_B1_23	rn_B1_24	1	0
rl_B1_23_33	SMT	B1	rn_B1_23	rn_B1_33	1	1
rl_B1_24_25	SMT	B1	rn_B1_24	rn_B1_25	1	0
rl_B1_25_26	SMT	B1	rn_B1_25	rn_B1_26	1	0
rl_B1_25_27	SMT	B1	rn_B1_25	rn_B1_27	1	1
rl_B1_26_InterBay1_152	SMT	InterBay1	rn_B1_26	rn_InterBay1_152	1	1
rl_B1_27_28	SMT	B1	rn_B1_27	rn_B1_28	1	0
rl_B1_28_2	SMT	B1	rn_B1_28	rn_B1_2	1	1
rl_B1_29_30	SMT	B1	rn_B1_29	rn_B1_30	1	0
rl_B1_2_3	SMT	B1	rn_B1_2	rn_B1_3	1	0
rl_B1_30_22	SMT	B1	rn_B1_30	rn_B1_22	1	1
rl_B1_31_32	SMT	B1	rn_B1_31	rn_B1_32	1	0
rl_B1_32_8	SMT	B1	rn_B1_32	rn_B1_8	1	1
rl_B1_33_34	SMT	B1	rn_B1_33	rn_B1_34	1	0
rl_B1_34_B2_4	SMT	B1	rn_B1_34	rn_B2_4	1	1
rl_B1_3_4	SMT	B1	rn_B1_3	rn_B1_4	1	0
rl_B1_4_5	SMT	B1	rn_B1_4	rn_B1_5	1	0
rl_B1_5_29	SMT	B1	rn_B1_5	rn_B1_29	1	1
rl_B1_5_6	SMT	B1	rn_B1_5	rn_B1_6	1	0
rl_B1_6_7	SMT	B1	rn_B1_6	rn_B1_7	1	0
rl_B1_7_8	SMT	B1	rn_B1_7	rn_B1_8	1	0
rl_B1_8_9	SMT	B1	rn_B1_8	rn_B1_9	1	0
rl_B1_9_10	SMT	B1	rn_B1_9	rn_B1_10	1	0
rl_B20_10_11	SMT	B20	rn_B20_10	rn_B20_11	1	0
rl_B20_11_12	SMT	B20	rn_B20_11	rn_B20_12	1	0
rl_B20_11_13	SMT	B20	rn_B20_11	rn_B20_13	1	1
rl_B20_12_InterBay2_155	SMT	InterBay2	rn_B20_12	rn_InterBay2_155	1	1
rl_B20_13_14	SMT	B20	rn_B20_13	rn_B20_14	1	0
rl_B20_14_16	SMT	B20	rn_B20_14	rn_B20_16	1	1
rl_B20_15_16	SMT	B20	rn_B20_15	rn_B20_16	1	0
rl_B20_16_17	SMT	B20	rn_B20_16	rn_B20_17	1	0
rl_B20_17_18	SMT	B20	rn_B20_17	rn_B20_18	1	0
rl_B20_18_19	SMT	B20	rn_B20_18	rn_B20_19	1	0
rl_B20_19_20	SMT	B20	rn_B20_19	rn_B20_20	1	0
rl_B20_19_31	SMT	B20	rn_B20_19	rn_B20_31	1	1
rl_B20_1_2	SMT	B20	rn_B20_1	rn_B20_2	1	0
rl_B20_20_21	SMT	B20	rn_B20_20	rn_B20_21	1	0
rl_B20_21_22	SMT	B20	rn_B20_21	rn_B20_22	1	0
rl_B20_22_23	SMT	B20	rn_B20_22	rn_B20_23	1	0
rl_B20_23_24	SMT	B20	rn_B20_23	rn_B20_24	1	0
rl_B20_24_25	SMT	B20	rn_B20_24	rn_B20_25	1	0
rl_B20_25_26	SMT	B20	rn_B20_25	rn_B20_26	1	0
rl_B20_25_27	SMT	B20	rn_B20_25	rn_B20_27	1	1
rl_B20_26_InterBay1_383	SMT	InterBay1	rn_B20_26	rn_InterBay1_383	1	1
rl_B20_27_28	SMT	B20	rn_B20_27	rn_B20_28	1	0
rl_B20_28_2	SMT	B20	rn_B20_28	rn_B20_2	1	1
rl_B20_29_30	SMT	B20	rn_B20_29	rn_B20_30	1	0
rl_B20_2_3	SMT	B20	rn_B20_2	rn_B20_3	1	0
rl_B20_30_22	SMT	B20	rn_B20_30	rn_B20_22	1	1
rl_B20_31_32	SMT	B20	rn_B20_31	rn_B20_32	1	0
rl_B20_32_8	SMT	B20	rn_B20_32	rn_B20_8	1	1
rl_B20_33_34	SMT	B20	rn_B20_33	rn_B20_34	1	0
rl_B20_34_B19_18	SMT	B20	rn_B20_34	rn_B19_18	1	1
rl_B20_3_4	SMT	B20	rn_B20_3	rn_B20_4	1	0
rl_B20_4_5	SMT	B20	rn_B20_4	rn_B20_5	1	0
rl_B20_5_29	SMT	B20	rn_B20_5	rn_B20_29	1	1
rl_B20_5_6	SMT	B20	rn_B20_5	rn_B20_6	1	0
rl_B20_6_7	SMT	B20	rn_B20_6	rn_B20_7	1	0
rl_B20_7_8	SMT	B20	rn_B20_7	rn_B20_8	1	0
rl_B20_8_9	SMT	B20	rn_B20_8	rn_B20_9	1	0
rl_B20_9_10	SMT	B20	rn_B20_9	rn_B20_10	1	0
rl_B20_9_33	SMT	B20	rn_B20_9	rn_B20_33	1	1
rl_B2_10_11	SMT	B2	rn_B2_10	rn_B2_11	1	0
rl_B2_11_12	SMT	B2	rn_B2_11	rn_B2_12	1	0
rl_B2_11_13	SMT	B2	rn_B2_11	rn_B2_13	1	1
rl_B2_12_InterBay2_11	SMT	InterBay2	rn_B2_12	rn_InterBay2_11	1	1
rl_B2_13_14	SMT	B2	rn_B2_13	rn_B2_14	1	0
rl_B2_14_16	SMT	B2	rn_B2_14	rn_B2_16	1	1
rl_B2_15_16	SMT	B2	rn_B2_15	rn_B2_16	1	0
rl_B2_16_17	SMT	B2	rn_B2_16	rn_B2_17	1	0
rl_B2_17_18	SMT	B2	rn_B2_17	rn_B2_18	1	0
rl_B2_18_19	SMT	B2	rn_B2_18	rn_B2_19	1	0
rl_B2_19_20	SMT	B2	rn_B2_19	rn_B2_20	1	0
rl_B2_19_31	SMT	B2	rn_B2_19	rn_B2_31	1	1
rl_B2_1_2	SMT	B2	rn_B2_1	rn_B2_2	1	0
rl_B2_20_21	SMT	B2	rn_B2_20	rn_B2_21	1	0
rl_B2_21_22	SMT	B2	rn_B2_21	rn_B2_22	1	0
rl_B2_22_23	SMT	B2	rn_B2_22	rn_B2_23	1	0
rl_B2_23_24	SMT	B2	rn_B2_23	rn_B2_24	1	0
rl_B2_23_35	SMT	B2	rn_B2_23	rn_B2_35	1	1
rl_B2_24_25	SMT	B2	rn_B2_24	rn_B2_25	1	0
rl_B2_25_26	SMT	B2	rn_B2_25	rn_B2_26	1	0
rl_B2_25_27	SMT	B2	rn_B2_25	rn_B2_27	1	1
rl_B2_26_InterBay1_143	SMT	InterBay1	rn_B2_26	rn_InterBay1_143	1	1
rl_B2_27_28	SMT	B2	rn_B2_27	rn_B2_28	1	0
rl_B2_28_2	SMT	B2	rn_B2_28	rn_B2_2	1	1
rl_B2_29_30	SMT	B2	rn_B2_29	rn_B2_30	1	0
rl_B2_2_3	SMT	B2	rn_B2_2	rn_B2_3	1	0
rl_B2_30_22	SMT	B2	rn_B2_30	rn_B2_22	1	1
rl_B2_31_32	SMT	B2	rn_B2_31	rn_B2_32	1	0
rl_B2_32_8	SMT	B2	rn_B2_32	rn_B2_8	1	1
rl_B2_33_34	SMT	B2	rn_B2_33	rn_B2_34	1	0
rl_B2_34_B1_18	SMT	B2	rn_B2_34	rn_B1_18	1	1
rl_B2_35_36	SMT	B2	rn_B2_35	rn_B2_36	1	0
rl_B2_36_B3_4	SMT	B2	rn_B2_36	rn_B3_4	1	1
rl_B2_3_4	SMT	B2	rn_B2_3	rn_B2_4	1	0
rl_B2_4_5	SMT	B2	rn_B2_4	rn_B2_5	1	0
rl_B2_5_29	SMT	B2	rn_B2_5	rn_B2_29	1	1
rl_B2_5_6	SMT	B2	rn_B2_5	rn_B2_6	1	0
rl_B2_6_7	SMT	B2	rn_B2_6	rn_B2_7	1	0
rl_B2_7_8	SMT	B2	rn_B2_7	rn_B2_8	1	0
rl_B2_8_9	SMT	B2	rn_B2_8	rn_B2_9	1	0
rl_B2_9_10	SMT	B2	rn_B2_9	rn_B2_10	1	0
rl_B2_9_33	SMT	B2	rn_B2_9	rn_B2_33	1	1
rl_B3_10_11	SMT	B3	rn_B3_10	rn_B3_11	1	0
rl_B3_11_12	SMT	B3	rn_B3_11	rn_B3_12	1	0
rl_B3_11_13	SMT	B3	rn_B3_11	rn_B3_13	1	1
rl_B3_12_InterBay2_19	SMT	InterBay2	rn_B3_12	rn_InterBay2_19	1	1
rl_B3_13_14	SMT	B3	rn_B3_13	rn_B3_14	1	0
rl_B3_14_16	SMT	B3	rn_B3_14	rn_B3_16	1	1
rl_B3_15_16	SMT	B3	rn_B3_15	rn_B3_16	1	0
rl_B3_16_17	SMT	B3	rn_B3_16	rn_B3_17	1	0
rl_B3_17_18	SMT	B3	rn_B3_17	rn_B3_18	1	0
rl_B3_18_19	SMT	B3	rn_B3_18	rn_B3_19	1	0
rl_B3_19_20	SMT	B3	rn_B3_19	rn_B3_20	1	0
rl_B3_19_31	SMT	B3	rn_B3_19	rn_B3_31	1	1
rl_B3_1_2	SMT	B3	rn_B3_1	rn_B3_2	1	0
rl_B3_20_21	SMT	B3	rn_B3_20	rn_B3_21	1	0
rl_B3_21_22	SMT	B3	rn_B3_21	rn_B3_22	1	0
rl_B3_22_23	SMT	B3	rn_B3_22	rn_B3_23	1	0
rl_B3_23_24	SMT	B3	rn_B3_23	rn_B3_24	1	0
rl_B3_23_35	SMT	B3	rn_B3_23	rn_B3_35	1	1
rl_B3_24_25	SMT	B3	rn_B3_24	rn_B3_25	1	0
rl_B3_25_26	SMT	B3	rn_B3_25	rn_B3_26	1	0
rl_B3_25_27	SMT	B3	rn_B3_25	rn_B3_27	1	1
rl_B3_26_InterBay1_134	SMT	InterBay1	rn_B3_26	rn_InterBay1_134	1	1
rl_B3_27_28	SMT	B3	rn_B3_27	rn_B3_28	1	0
rl_B3_28_2	SMT	B3	rn_B3_28	rn_B3_2	1	1
rl_B3_29_30	SMT	B3	rn_B3_29	rn_B3_30	1	0
rl_B3_2_3	SMT	B3	rn_B3_2	rn_B3_3	1	0
rl_B3_30_22	SMT	B3	rn_B3_30	rn_B3_22	1	1
rl_B3_31_32	SMT	B3	rn_B3_31	rn_B3_32	1	0
rl_B3_32_8	SMT	B3	rn_B3_32	rn_B3_8	1	1
rl_B3_33_34	SMT	B3	rn_B3_33	rn_B3_34	1	0
rl_B3_34_B2_18	SMT	B3	rn_B3_34	rn_B2_18	1	1
rl_B3_35_36	SMT	B3	rn_B3_35	rn_B3_36	1	0
rl_B3_36_B4_4	SMT	B3	rn_B3_36	rn_B4_4	1	1
rl_B3_3_4	SMT	B3	rn_B3_3	rn_B3_4	1	0
rl_B3_4_5	SMT	B3	rn_B3_4	rn_B3_5	1	0
rl_B3_5_29	SMT	B3	rn_B3_5	rn_B3_29	1	1
rl_B3_5_6	SMT	B3	rn_B3_5	rn_B3_6	1	0
rl_B3_6_7	SMT	B3	rn_B3_6	rn_B3_7	1	0
rl_B3_7_8	SMT	B3	rn_B3_7	rn_B3_8	1	0
rl_B3_8_9	SMT	B3	rn_B3_8	rn_B3_9	1	0
rl_B3_9_10	SMT	B3	rn_B3_9	rn_B3_10	1	0
rl_B3_9_33	SMT	B3	rn_B3_9	rn_B3_33	1	1
rl_B4_10_11	SMT	B4	rn_B4_10	rn_B4_11	1	0
rl_B4_11_12	SMT	B4	rn_B4_11	rn_B4_12	1	0
rl_B4_11_13	SMT	B4	rn_B4_11	rn_B4_13	1	1
rl_B4_12_InterBay2_27	SMT	InterBay2	rn_B4_12	rn_InterBay2_27	1	1
rl_B4_13_14	SMT	B4	rn_B4_13	rn_B4_14	1	0
rl_B4_14_16	SMT	B4	rn_B4_14	rn_B4_16	1	1
rl_B4_15_16	SMT	B4	rn_B4_15	rn_B4_16	1	0
rl_B4_16_17	SMT	B4	rn_B4_16	rn_B4_17	1	0
rl_B4_17_18	SMT	B4	rn_B4_17	rn_B4_18	1	0
rl_B4_18_19	SMT	B4	rn_B4_18	rn_B4_19	1	0
rl_B4_19_20	SMT	B4	rn_B4_19	rn_B4_20	1	0
rl_B4_19_31	SMT	B4	rn_B4_19	rn_B4_31	1	1
rl_B4_1_2	SMT	B4	rn_B4_1	rn_B4_2	1	0
rl_B4_20_21	SMT	B4	rn_B4_20	rn_B4_21	1	0
rl_B4_21_22	SMT	B4	rn_B4_21	rn_B4_22	1	0
rl_B4_22_23	SMT	B4	rn_B4_22	rn_B4_23	1	0
rl_B4_23_24	SMT	B4	rn_B4_23	rn_B4_24	1	0
rl_B4_23_35	SMT	B4	rn_B4_23	rn_B4_35	1	1
rl_B4_24_25	SMT	B4	rn_B4_24	rn_B4_25	1	0
rl_B4_25_26	SMT	B4	rn_B4_25	rn_B4_26	1	0
rl_B4_25_27	SMT	B4	rn_B4_25	rn_B4_27	1	1
rl_B4_26_InterBay1_126	SMT	InterBay1	rn_B4_26	rn_InterBay1_126	1	1
rl_B4_27_28	SMT	B4	rn_B4_27	rn_B4_28	1	0
rl_B4_28_2	SMT	B4	rn_B4_28	rn_B4_2	1	1
rl_B4_29_30	SMT	B4	rn_B4_29	rn_B4_30	1	0
rl_B4_2_3	SMT	B4	rn_B4_2	rn_B4_3	1	0
rl_B4_30_22	SMT	B4	rn_B4_30	rn_B4_22	1	1
rl_B4_31_32	SMT	B4	rn_B4_31	rn_B4_32	1	0
rl_B4_32_8	SMT	B4	rn_B4_32	rn_B4_8	1	1
rl_B4_33_34	SMT	B4	rn_B4_33	rn_B4_34	1	0
rl_B4_34_B3_18	SMT	B4	rn_B4_34	rn_B3_18	1	1
rl_B4_35_36	SMT	B4	rn_B4_35	rn_B4_36	1	0
rl_B4_36_B5_4	SMT	B4	rn_B4_36	rn_B5_4	1	1
rl_B4_3_4	SMT	B4	rn_B4_3	rn_B4_4	1	0
rl_B4_4_5	SMT	B4	rn_B4_4	rn_B4_5	1	0
rl_B4_5_29	SMT	B4	rn_B4_5	rn_B4_29	1	1
rl_B4_5_6	SMT	B4	rn_B4_5	rn_B4_6	1	0
rl_B4_6_7	SMT	B4	rn_B4_6	rn_B4_7	1	0
rl_B4_7_8	SMT	B4	rn_B4_7	rn_B4_8	1	0
rl_B4_8_9	SMT	B4	rn_B4_8	rn_B4_9	1	0
rl_B4_9_10	SMT	B4	rn_B4_9	rn_B4_10	1	0
rl_B4_9_33	SMT	B4	rn_B4_9	rn_B4_33	1	1
rl_B5_10_11	SMT	B5	rn_B5_10	rn_B5_11	1	0
rl_B5_11_12	SMT	B5	rn_B5_11	rn_B5_12	1	0
rl_B5_11_13	SMT	B5	rn_B5_11	rn_B5_13	1	1
rl_B5_12_InterBay2_35	SMT	InterBay2	rn_B5_12	rn_InterBay2_35	1	1
rl_B5_13_14	SMT	B5	rn_B5_13	rn_B5_14	1	0
rl_B5_14_16	SMT	B5	rn_B5_14	rn_B5_16	1	1
rl_B5_15_16	SMT	B5	rn_B5_15	rn_B5_16	1	0
rl_B5_16_17	SMT	B5	rn_B5_16	rn_B5_17	1	0
rl_B5_17_18	SMT	B5	rn_B5_17	rn_B5_18	1	0
rl_B5_18_19	SMT	B5	rn_B5_18	rn_B5_19	1	0
rl_B5_19_20	SMT	B5	rn_B5_19	rn_B5_20	1	0
rl_B5_19_31	SMT	B5	rn_B5_19	rn_B5_31	1	1
rl_B5_1_2	SMT	B5	rn_B5_1	rn_B5_2	1	0
rl_B5_20_21	SMT	B5	rn_B5_20	rn_B5_21	1	0
rl_B5_21_22	SMT	B5	rn_B5_21	rn_B5_22	1	0
rl_B5_22_23	SMT	B5	rn_B5_22	rn_B5_23	1	0
rl_B5_23_24	SMT	B5	rn_B5_23	rn_B5_24	1	0
rl_B5_23_35	SMT	B5	rn_B5_23	rn_B5_35	1	1
rl_B5_24_25	SMT	B5	rn_B5_24	rn_B5_25	1	0
rl_B5_25_26	SMT	B5	rn_B5_25	rn_B5_26	1	0
rl_B5_25_27	SMT	B5	rn_B5_25	rn_B5_27	1	1
rl_B5_26_InterBay1_117	SMT	InterBay1	rn_B5_26	rn_InterBay1_117	1	1
rl_B5_27_28	SMT	B5	rn_B5_27	rn_B5_28	1	0
rl_B5_28_2	SMT	B5	rn_B5_28	rn_B5_2	1	1
rl_B5_29_30	SMT	B5	rn_B5_29	rn_B5_30	1	0
rl_B5_2_3	SMT	B5	rn_B5_2	rn_B5_3	1	0
rl_B5_30_22	SMT	B5	rn_B5_30	rn_B5_22	1	1
rl_B5_31_32	SMT	B5	rn_B5_31	rn_B5_32	1	0
rl_B5_32_8	SMT	B5	rn_B5_32	rn_B5_8	1	1
rl_B5_33_34	SMT	B5	rn_B5_33	rn_B5_34	1	0
rl_B5_34_B4_18	SMT	B5	rn_B5_34	rn_B4_18	1	1
rl_B5_35_36	SMT	B5	rn_B5_35	rn_B5_36	1	0
rl_B5_36_B6_4	SMT	B5	rn_B5_36	rn_B6_4	1	1
rl_B5_3_4	SMT	B5	rn_B5_3	rn_B5_4	1	0
rl_B5_4_5	SMT	B5	rn_B5_4	rn_B5_5	1	0
rl_B5_5_29	SMT	B5	rn_B5_5	rn_B5_29	1	1
rl_B5_5_6	SMT	B5	rn_B5_5	rn_B5_6	1	0
rl_B5_6_7	SMT	B5	rn_B5_6	rn_B5_7	1	0
rl_B5_7_8	SMT	B5	rn_B5_7	rn_B5_8	1	0
rl_B5_8_9	SMT	B5	rn_B5_8	rn_B5_9	1	0
rl_B5_9_10	SMT	B5	rn_B5_9	rn_B5_10	1	0
rl_B5_9_33	SMT	B5	rn_B5_9	rn_B5_33	1	1
rl_B6_10_11	SMT	B6	rn_B6_10	rn_B6_11	1	0
rl_B6_11_12	SMT	B6	rn_B6_11	rn_B6_12	1	0
rl_B6_11_13	SMT	B6	rn_B6_11	rn_B6_13	1	1
rl_B6_12_InterBay2_43	SMT	InterBay2	rn_B6_12	rn_InterBay2_43	1	1
rl_B6_13_14	SMT	B6	rn_B6_13	rn_B6_14	1	0
rl_B6_14_16	SMT	B6	rn_B6_14	rn_B6_16	1	1
rl_B6_15_16	SMT	B6	rn_B6_15	rn_B6_16	1	0
rl_B6_16_17	SMT	B6	rn_B6_16	rn_B6_17	1	0
rl_B6_17_18	SMT	B6	rn_B6_17	rn_B6_18	1	0
rl_B6_18_19	SMT	B6	rn_B6_18	rn_B6_19	1	0
rl_B6_19_20	SMT	B6	rn_B6_19	rn_B6_20	1	0
rl_B6_19_31	SMT	B6	rn_B6_19	rn_B6_31	1	1
rl_B6_1_2	SMT	B6	rn_B6_1	rn_B6_2	1	0
rl_B6_20_21	SMT	B6	rn_B6_20	rn_B6_21	1	0
rl_B6_21_22	SMT	B6	rn_B6_21	rn_B6_22	1	0
rl_B6_22_23	SMT	B6	rn_B6_22	rn_B6_23	1	0
rl_B6_23_24	SMT	B6	rn_B6_23	rn_B6_24	1	0
rl_B6_23_35	SMT	B6	rn_B6_23	rn_B6_35	1	1
rl_B6_24_25	SMT	B6	rn_B6_24	rn_B6_25	1	0
rl_B6_25_26	SMT	B6	rn_B6_25	rn_B6_26	1	0
rl_B6_25_27	SMT	B6	rn_B6_25	rn_B6_27	1	1
rl_B6_26_InterBay1_107	SMT	InterBay1	rn_B6_26	rn_InterBay1_107	1	1
rl_B6_27_28	SMT	B6	rn_B6_27	rn_B6_28	1	0
rl_B6_28_2	SMT	B6	rn_B6_28	rn_B6_2	1	1
rl_B6_29_30	SMT	B6	rn_B6_29	rn_B6_30	1	0
rl_B6_2_3	SMT	B6	rn_B6_2	rn_B6_3	1	0
rl_B6_30_22	SMT	B6	rn_B6_30	rn_B6_22	1	1
rl_B6_31_32	SMT	B6	rn_B6_31	rn_B6_32	1	0
rl_B6_32_8	SMT	B6	rn_B6_32	rn_B6_8	1	1
rl_B6_33_34	SMT	B6	rn_B6_33	rn_B6_34	1	0
rl_B6_34_B5_18	SMT	B6	rn_B6_34	rn_B5_18	1	1
rl_B6_35_36	SMT	B6	rn_B6_35	rn_B6_36	1	0
rl_B6_36_B7_4	SMT	B6	rn_B6_36	rn_B7_4	1	1
rl_B6_3_4	SMT	B6	rn_B6_3	rn_B6_4	1	0
rl_B6_4_5	SMT	B6	rn_B6_4	rn_B6_5	1	0
rl_B6_5_29	SMT	B6	rn_B6_5	rn_B6_29	1	1
rl_B6_5_6	SMT	B6	rn_B6_5	rn_B6_6	1	0
rl_B6_6_7	SMT	B6	rn_B6_6	rn_B6_7	1	0
rl_B6_7_8	SMT	B6	rn_B6_7	rn_B6_8	1	0
rl_B6_8_9	SMT	B6	rn_B6_8	rn_B6_9	1	0
rl_B6_9_10	SMT	B6	rn_B6_9	rn_B6_10	1	0
rl_B6_9_33	SMT	B6	rn_B6_9	rn_B6_33	1	1
rl_B7_10_11	SMT	B7	rn_B7_10	rn_B7_11	1	0
rl_B7_11_12	SMT	B7	rn_B7_11	rn_B7_12	1	0
rl_B7_11_13	SMT	B7	rn_B7_11	rn_B7_13	1	1
rl_B7_12_InterBay2_51	SMT	InterBay2	rn_B7_12	rn_InterBay2_51	1	1
rl_B7_13_14	SMT	B7	rn_B7_13	rn_B7_14	1	0
rl_B7_14_16	SMT	B7	rn_B7_14	rn_B7_16	1	1
rl_B7_15_16	SMT	B7	rn_B7_15	rn_B7_16	1	0
rl_B7_16_17	SMT	B7	rn_B7_16	rn_B7_17	1	0
rl_B7_17_18	SMT	B7	rn_B7_17	rn_B7_18	1	0
rl_B7_18_19	SMT	B7	rn_B7_18	rn_B7_19	1	0
rl_B7_19_20	SMT	B7	rn_B7_19	rn_B7_20	1	0
rl_B7_19_31	SMT	B7	rn_B7_19	rn_B7_31	1	1
rl_B7_1_2	SMT	B7	rn_B7_1	rn_B7_2	1	0
rl_B7_20_21	SMT	B7	rn_B7_20	rn_B7_21	1	0
rl_B7_21_22	SMT	B7	rn_B7_21	rn_B7_22	1	0
rl_B7_22_23	SMT	B7	rn_B7_22	rn_B7_23	1	0
rl_B7_23_24	SMT	B7	rn_B7_23	rn_B7_24	1	0
rl_B7_23_35	SMT	B7	rn_B7_23	rn_B7_35	1	1
rl_B7_24_25	SMT	B7	rn_B7_24	rn_B7_25	1	0
rl_B7_25_26	SMT	B7	rn_B7_25	rn_B7_26	1	0
rl_B7_25_27	SMT	B7	rn_B7_25	rn_B7_27	1	1
rl_B7_26_InterBay1_98	SMT	InterBay1	rn_B7_26	rn_InterBay1_98	1	1
rl_B7_27_28	SMT	B7	rn_B7_27	rn_B7_28	1	0
rl_B7_28_2	SMT	B7	rn_B7_28	rn_B7_2	1	1
rl_B7_29_30	SMT	B7	rn_B7_29	rn_B7_30	1	0
rl_B7_2_3	SMT	B7	rn_B7_2	rn_B7_3	1	0
rl_B7_30_22	SMT	B7	rn_B7_30	rn_B7_22	1	1
rl_B7_31_32	SMT	B7	rn_B7_31	rn_B7_32	1	0
rl_B7_32_8	SMT	B7	rn_B7_32	rn_B7_8	1	1
rl_B7_33_34	SMT	B7	rn_B7_33	rn_B7_34	1	0
rl_B7_34_B6_18	SMT	B7	rn_B7_34	rn_B6_18	1	1
rl_B7_35_36	SMT	B7	rn_B7_35	rn_B7_36	1	0
rl_B7_36_B8_4	SMT	B7	rn_B7_36	rn_B8_4	1	1
rl_B7_3_4	SMT	B7	rn_B7_3	rn_B7_4	1	0
rl_B7_4_5	SMT	B7	rn_B7_4	rn_B7_5	1	0
rl_B7_5_29	SMT	B7	rn_B7_5	rn_B7_29	1	1
rl_B7_5_6	SMT	B7	rn_B7_5	rn_B7_6	1	0
rl_B7_6_7	SMT	B7	rn_B7_6	rn_B7_7	1	0
rl_B7_7_8	SMT	B7	rn_B7_7	rn_B7_8	1	0
rl_B7_8_9	SMT	B7	rn_B7_8	rn_B7_9	1	0
rl_B7_9_10	SMT	B7	rn_B7_9	rn_B7_10	1	0
rl_B7_9_33	SMT	B7	rn_B7_9	rn_B7_33	1	1
rl_B8_10_11	SMT	B8	rn_B8_10	rn_B8_11	1	0
rl_B8_11_12	SMT	B8	rn_B8_11	rn_B8_12	1	0
rl_B8_11_13	SMT	B8	rn_B8_11	rn_B8_13	1	1
rl_B8_12_InterBay2_59	SMT	InterBay2	rn_B8_12	rn_InterBay2_59	1	1
rl_B8_13_14	SMT	B8	rn_B8_13	rn_B8_14	1	0
rl_B8_14_16	SMT	B8	rn_B8_14	rn_B8_16	1	1
rl_B8_15_16	SMT	B8	rn_B8_15	rn_B8_16	1	0
rl_B8_16_17	SMT	B8	rn_B8_16	rn_B8_17	1	0
rl_B8_17_18	SMT	B8	rn_B8_17	rn_B8_18	1	0
rl_B8_18_19	SMT	B8	rn_B8_18	rn_B8_19	1	0
rl_B8_19_20	SMT	B8	rn_B8_19	rn_B8_20	1	0
rl_B8_19_31	SMT	B8	rn_B8_19	rn_B8_31	1	1
rl_B8_1_2	SMT	B8	rn_B8_1	rn_B8_2	1	0
rl_B8_20_21	SMT	B8	rn_B8_20	rn_B8_21	1	0
rl_B8_21_22	SMT	B8	rn_B8_21	rn_B8_22	1	0
rl_B8_22_23	SMT	B8	rn_B8_22	rn_B8_23	1	0
rl_B8_23_24	SMT	B8	rn_B8_23	rn_B8_24	1	0
rl_B8_23_35	SMT	B8	rn_B8_23	rn_B8_35	1	1
rl_B8_24_25	SMT	B8	rn_B8_24	rn_B8_25	1	0
rl_B8_25_26	SMT	B8	rn_B8_25	rn_B8_26	1	0
rl_B8_25_27	SMT	B8	rn_B8_25	rn_B8_27	1	1
rl_B8_26_InterBay1_89	SMT	InterBay1	rn_B8_26	rn_InterBay1_89	1	1
rl_B8_27_28	SMT	B8	rn_B8_27	rn_B8_28	1	0
rl_B8_28_2	SMT	B8	rn_B8_28	rn_B8_2	1	1
rl_B8_29_30	SMT	B8	rn_B8_29	rn_B8_30	1	0
rl_B8_2_3	SMT	B8	rn_B8_2	rn_B8_3	1	0
rl_B8_30_22	SMT	B8	rn_B8_30	rn_B8_22	1	1
rl_B8_31_32	SMT	B8	rn_B8_31	rn_B8_32	1	0
rl_B8_32_8	SMT	B8	rn_B8_32	rn_B8_8	1	1
rl_B8_33_34	SMT	B8	rn_B8_33	rn_B8_34	1	0
rl_B8_34_B7_18	SMT	B8	rn_B8_34	rn_B7_18	1	1
rl_B8_35_36	SMT	B8	rn_B8_35	rn_B8_36	1	0
rl_B8_36_B9_4	SMT	B8	rn_B8_36	rn_B9_4	1	1
rl_B8_3_4	SMT	B8	rn_B8_3	rn_B8_4	1	0
rl_B8_4_5	SMT	B8	rn_B8_4	rn_B8_5	1	0
rl_B8_5_29	SMT	B8	rn_B8_5	rn_B8_29	1	1
rl_B8_5_6	SMT	B8	rn_B8_5	rn_B8_6	1	0
rl_B8_6_7	SMT	B8	rn_B8_6	rn_B8_7	1	0
rl_B8_7_8	SMT	B8	rn_B8_7	rn_B8_8	1	0
rl_B8_8_9	SMT	B8	rn_B8_8	rn_B8_9	1	0
rl_B8_9_10	SMT	B8	rn_B8_9	rn_B8_10	1	0
rl_B8_9_33	SMT	B8	rn_B8_9	rn_B8_33	1	1
rl_B9_10_11	SMT	B9	rn_B9_10	rn_B9_11	1	0
rl_B9_11_12	SMT	B9	rn_B9_11	rn_B9_12	1	0
rl_B9_11_13	SMT	B9	rn_B9_11	rn_B9_13	1	1
rl_B9_12_InterBay2_67	SMT	InterBay2	rn_B9_12	rn_InterBay2_67	1	1
rl_B9_13_14	SMT	B9	rn_B9_13	rn_B9_14	1	0
rl_B9_14_16	SMT	B9	rn_B9_14	rn_B9_16	1	1
rl_B9_15_16	SMT	B9	rn_B9_15	rn_B9_16	1	0
rl_B9_16_17	SMT	B9	rn_B9_16	rn_B9_17	1	0
rl_B9_17_18	SMT	B9	rn_B9_17	rn_B9_18	1	0
rl_B9_18_19	SMT	B9	rn_B9_18	rn_B9_19	1	0
rl_B9_19_20	SMT	B9	rn_B9_19	rn_B9_20	1	0
rl_B9_19_31	SMT	B9	rn_B9_19	rn_B9_31	1	1
rl_B9_1_2	SMT	B9	rn_B9_1	rn_B9_2	1	0
rl_B9_20_21	SMT	B9	rn_B9_20	rn_B9_21	1	0
rl_B9_21_22	SMT	B9	rn_B9_21	rn_B9_22	1	0
rl_B9_22_23	SMT	B9	rn_B9_22	rn_B9_23	1	0
rl_B9_23_24	SMT	B9	rn_B9_23	rn_B9_24	1	0
rl_B9_23_35	SMT	B9	rn_B9_23	rn_B9_35	1	1
rl_B9_24_25	SMT	B9	rn_B9_24	rn_B9_25	1	0
rl_B9_25_26	SMT	B9	rn_B9_25	rn_B9_26	1	0
rl_B9_25_27	SMT	B9	rn_B9_25	rn_B9_27	1	1
rl_B9_26_InterBay1_81	SMT	InterBay1	rn_B9_26	rn_InterBay1_81	1	1
rl_B9_27_28	SMT	B9	rn_B9_27	rn_B9_28	1	0
rl_B9_28_2	SMT	B9	rn_B9_28	rn_B9_2	1	1
rl_B9_29_30	SMT	B9	rn_B9_29	rn_B9_30	1	0
rl_B9_2_3	SMT	B9	rn_B9_2	rn_B9_3	1	0
rl_B9_30_22	SMT	B9	rn_B9_30	rn_B9_22	1	1
rl_B9_31_32	SMT	B9	rn_B9_31	rn_B9_32	1	0
rl_B9_32_8	SMT	B9	rn_B9_32	rn_B9_8	1	1
rl_B9_33_34	SMT	B9	rn_B9_33	rn_B9_34	1	0
rl_B9_34_B8_18	SMT	B9	rn_B9_34	rn_B8_18	1	1
rl_B9_35_36	SMT	B9	rn_B9_35	rn_B9_36	1	0
rl_B9_36_B10_4	SMT	B9	rn_B9_36	rn_B10_4	1	1
rl_B9_3_4	SMT	B9	rn_B9_3	rn_B9_4	1	0
rl_B9_4_5	SMT	B9	rn_B9_4	rn_B9_5	1	0
rl_B9_5_29	SMT	B9	rn_B9_5	rn_B9_29	1	1
rl_B9_5_6	SMT	B9	rn_B9_5	rn_B9_6	1	0
rl_B9_6_7	SMT	B9	rn_B9_6	rn_B9_7	1	0
rl_B9_7_8	SMT	B9	rn_B9_7	rn_B9_8	1	0
rl_B9_8_9	SMT	B9	rn_B9_8	rn_B9_9	1	0
rl_B9_9_10	SMT	B9	rn_B9_9	rn_B9_10	1	0
rl_B9_9_33	SMT	B9	rn_B9_9	rn_B9_33	1	1
rl_InterBay1_100_99	SMT	InterBay1	rn_InterBay1_100	rn_InterBay1_99	1	0
rl_InterBay1_101_90	SMT	InterBay1	rn_InterBay1_101	rn_InterBay1_90	1	0
rl_InterBay1_102_100	SMT	InterBay1	rn_InterBay1_102	rn_InterBay1_100	1	0
rl_InterBay1_102_B7_1	SMT	InterBay1	rn_InterBay1_102	rn_B7_1	1	1
rl_InterBay1_103_102	SMT	InterBay1	rn_InterBay1_103	rn_InterBay1_102	1	0
rl_InterBay1_104_103	SMT	InterBay1	rn_InterBay1_104	rn_InterBay1_103	1	0
rl_InterBay1_105_104	SMT	InterBay1	rn_InterBay1_105	rn_InterBay1_104	1	0
rl_InterBay1_106_105	SMT	InterBay1	rn_InterBay1_106	rn_InterBay1_105	1	0
rl_InterBay1_106_315	SMT	InterBay1	rn_InterBay1_106	rn_InterBay1_315	1	1
rl_InterBay1_107_106	SMT	InterBay1	rn_InterBay1_107	rn_InterBay1_106	1	0
rl_InterBay1_108_107	SMT	InterBay1	rn_InterBay1_108	rn_InterBay1_107	1	0
rl_InterBay1_109_108	SMT	InterBay1	rn_InterBay1_109	rn_InterBay1_108	1	0
rl_InterBay1_10_9	SMT	InterBay1	rn_InterBay1_10	rn_InterBay1_9	1	0
rl_InterBay1_110_109	SMT	InterBay1	rn_InterBay1_110	rn_InterBay1_109	1	0
rl_InterBay1_110_B6_1	SMT	InterBay1	rn_InterBay1_110	rn_B6_1	1	1
rl_InterBay1_111_110	SMT	InterBay1	rn_InterBay1_111	rn_InterBay1_110	1	0
rl_InterBay1_112_1	SMT	InterBay1	rn_InterBay1_112	rn_InterBay1_1	1	1
rl_InterBay1_113_101	SMT	InterBay1	rn_InterBay1_113	rn_InterBay1_101	1	0
rl_InterBay1_114_111	SMT	InterBay1	rn_InterBay1_114	rn_InterBay1_111	1	0
rl_InterBay1_115_114	SMT	InterBay1	rn_InterBay1_115	rn_InterBay1_114	1	0
rl_InterBay1_116_115	SMT	InterBay1	rn_InterBay1_116	rn_InterBay1_115	1	0
rl_InterBay1_116_319	SMT	InterBay1	rn_InterBay1_116	rn_InterBay1_319	1	1
rl_InterBay1_117_116	SMT	InterBay1	rn_InterBay1_117	rn_InterBay1_116	1	0
rl_InterBay1_118_117	SMT	InterBay1	rn_InterBay1_118	rn_InterBay1_117	1	0
rl_InterBay1_119_118	SMT	InterBay1	rn_InterBay1_119	rn_InterBay1_118	1	0
rl_InterBay1_11_10	SMT	InterBay1	rn_InterBay1_11	rn_InterBay1_10	1	0
rl_InterBay1_120_119	SMT	InterBay1	rn_InterBay1_120	rn_InterBay1_119	1	0
rl_InterBay1_120_B5_1	SMT	InterBay1	rn_InterBay1_120	rn_B5_1	1	1
rl_InterBay1_121_120	SMT	InterBay1	rn_InterBay1_121	rn_InterBay1_120	1	0
rl_InterBay1_122_121	SMT	InterBay1	rn_InterBay1_122	rn_InterBay1_121	1	0
rl_InterBay1_123_122	SMT	InterBay1	rn_InterBay1_123	rn_InterBay1_122	1	0
rl_InterBay1_124_113	SMT	InterBay1	rn_InterBay1_124	rn_InterBay1_113	1	0
rl_InterBay1_125_123	SMT	InterBay1	rn_InterBay1_125	rn_InterBay1_123	1	0
rl_InterBay1_125_324	SMT	InterBay1	rn_InterBay1_125	rn_InterBay1_324	1	1
rl_InterBay1_126_125	SMT	InterBay1	rn_InterBay1_126	rn_InterBay1_125	1	0
rl_InterBay1_127_126	SMT	InterBay1	rn_InterBay1_127	rn_InterBay1_126	1	0
rl_InterBay1_128_127	SMT	InterBay1	rn_InterBay1_128	rn_InterBay1_127	1	0
rl_InterBay1_129_128	SMT	InterBay1	rn_InterBay1_129	rn_InterBay1_128	1	0
rl_InterBay1_129_B4_1	SMT	InterBay1	rn_InterBay1_129	rn_B4_1	1	1
rl_InterBay1_12_11	SMT	InterBay1	rn_InterBay1_12	rn_InterBay1_11	1	0
rl_InterBay1_130_129	SMT	InterBay1	rn_InterBay1_130	rn_InterBay1_129	1	0
rl_InterBay1_131_130	SMT	InterBay1	rn_InterBay1_131	rn_InterBay1_130	1	0
rl_InterBay1_132_131	SMT	InterBay1	rn_InterBay1_132	rn_InterBay1_131	1	0
rl_InterBay1_133_132	SMT	InterBay1	rn_InterBay1_133	rn_InterBay1_132	1	0
rl_InterBay1_133_329	SMT	InterBay1	rn_InterBay1_133	rn_InterBay1_329	1	1
rl_InterBay1_134_133	SMT	InterBay1	rn_InterBay1_134	rn_InterBay1_133	1	0
rl_InterBay1_135_124	SMT	InterBay1	rn_InterBay1_135	rn_InterBay1_124	1	0
rl_InterBay1_135_181	SMT	InterBay1	rn_InterBay1_135	rn_InterBay1_181	1	1
rl_InterBay1_136_134	SMT	InterBay1	rn_InterBay1_136	rn_InterBay1_134	1	0
rl_InterBay1_137_136	SMT	InterBay1	rn_InterBay1_137	rn_InterBay1_136	1	0
rl_InterBay1_138_137	SMT	InterBay1	rn_InterBay1_138	rn_InterBay1_137	1	0
rl_InterBay1_138_B3_1	SMT	InterBay1	rn_InterBay1_138	rn_B3_1	1	1
rl_InterBay1_139_138	SMT	InterBay1	rn_InterBay1_139	rn_InterBay1_138	1	0
rl_InterBay1_13_2	SMT	InterBay1	rn_InterBay1_13	rn_InterBay1_2	1	0
rl_InterBay1_140_139	SMT	InterBay1	rn_InterBay1_140	rn_InterBay1_139	1	0
rl_InterBay1_141_140	SMT	InterBay1	rn_InterBay1_141	rn_InterBay1_140	1	0
rl_InterBay1_142_141	SMT	InterBay1	rn_InterBay1_142	rn_InterBay1_141	1	0
rl_InterBay1_142_333	SMT	InterBay1	rn_InterBay1_142	rn_InterBay1_333	1	1
rl_InterBay1_143_142	SMT	InterBay1	rn_InterBay1_143	rn_InterBay1_142	1	0
rl_InterBay1_144_143	SMT	InterBay1	rn_InterBay1_144	rn_InterBay1_143	1	0
rl_InterBay1_145_144	SMT	InterBay1	rn_InterBay1_145	rn_InterBay1_144	1	0
rl_InterBay1_146_135	SMT	InterBay1	rn_InterBay1_146	rn_InterBay1_135	1	0
rl_InterBay1_147_145	SMT	InterBay1	rn_InterBay1_147	rn_InterBay1_145	1	0
rl_InterBay1_147_B2_1	SMT	InterBay1	rn_InterBay1_147	rn_B2_1	1	1
rl_InterBay1_148_147	SMT	InterBay1	rn_InterBay1_148	rn_InterBay1_147	1	0
rl_InterBay1_149_148	SMT	InterBay1	rn_InterBay1_149	rn_InterBay1_148	1	0
rl_InterBay1_14_12	SMT	InterBay1	rn_InterBay1_14	rn_InterBay1_12	1	0
rl_InterBay1_14_B17_1	SMT	InterBay1	rn_InterBay1_14	rn_B17_1	1	1
rl_InterBay1_150_149	SMT	InterBay1	rn_InterBay1_150	rn_InterBay1_149	1	0
rl_InterBay1_151_150	SMT	InterBay1	rn_InterBay1_151	rn_InterBay1_150	1	0
rl_InterBay1_151_338	SMT	InterBay1	rn_InterBay1_151	rn_InterBay1_338	1	1
rl_InterBay1_152_151	SMT	InterBay1	rn_InterBay1_152	rn_InterBay1_151	1	0
rl_InterBay1_153_152	SMT	InterBay1	rn_InterBay1_153	rn_InterBay1_152	1	0
rl_InterBay1_154_153	SMT	InterBay1	rn_InterBay1_154	rn_InterBay1_153	1	0
rl_InterBay1_155_154	SMT	InterBay1	rn_InterBay1_155	rn_InterBay1_154	1	0
rl_InterBay1_155_B1_1	SMT	InterBay1	rn_InterBay1_155	rn_B1_1	1	1
rl_InterBay1_156_155	SMT	InterBay1	rn_InterBay1_156	rn_InterBay1_155	1	0
rl_InterBay1_157_146	SMT	InterBay1	rn_InterBay1_157	rn_InterBay1_146	1	0
rl_InterBay1_158_156	SMT	InterBay1	rn_InterBay1_158	rn_InterBay1_156	1	1
rl_InterBay1_159_341	SMT	InterBay1	rn_InterBay1_159	rn_InterBay1_341	1	0
rl_InterBay1_15_14	SMT	InterBay1	rn_InterBay1_15	rn_InterBay1_14	1	0
rl_InterBay1_160_159	SMT	InterBay1	rn_InterBay1_160	rn_InterBay1_159	1	1
rl_InterBay1_161_160	SMT	InterBay1	rn_InterBay1_161	rn_InterBay1_160	1	0
rl_InterBay1_162_161	SMT	InterBay1	rn_InterBay1_162	rn_InterBay1_161	1	0
rl_InterBay1_162_208	SMT	InterBay1	rn_InterBay1_162	rn_InterBay1_208	1	1
rl_InterBay1_163_162	SMT	InterBay1	rn_InterBay1_163	rn_InterBay1_162	1	0
rl_InterBay1_164_163	SMT	InterBay1	rn_InterBay1_164	rn_InterBay1_163	1	0
rl_InterBay1_165_164	SMT	InterBay1	rn_InterBay1_165	rn_InterBay1_164	1	0
rl_InterBay1_166_157	SMT	InterBay1	rn_InterBay1_166	rn_InterBay1_157	1	0
rl_InterBay1_167_165	SMT	InterBay1	rn_InterBay1_167	rn_InterBay1_165	1	0
rl_InterBay1_167_368	SMT	InterBay1	rn_InterBay1_167	rn_InterBay1_368	1	1
rl_InterBay1_168_167	SMT	InterBay1	rn_InterBay1_168	rn_InterBay1_167	1	0
rl_InterBay1_169_168	SMT	InterBay1	rn_InterBay1_169	rn_InterBay1_168	1	0
rl_InterBay1_16_15	SMT	InterBay1	rn_InterBay1_16	rn_InterBay1_15	1	0
rl_InterBay1_170_169	SMT	InterBay1	rn_InterBay1_170	rn_InterBay1_169	1	0
rl_InterBay1_171_13	SMT	InterBay1	rn_InterBay1_171	rn_InterBay1_13	1	1
rl_InterBay1_171_170	SMT	InterBay1	rn_InterBay1_171	rn_InterBay1_170	1	0
rl_InterBay1_172_171	SMT	InterBay1	rn_InterBay1_172	rn_InterBay1_171	1	0
rl_InterBay1_173_172	SMT	InterBay1	rn_InterBay1_173	rn_InterBay1_172	1	0
rl_InterBay1_174_166	SMT	InterBay1	rn_InterBay1_174	rn_InterBay1_166	1	0
rl_InterBay1_174_186	SMT	InterBay1	rn_InterBay1_174	rn_InterBay1_186	1	1
rl_InterBay1_175_173	SMT	InterBay1	rn_InterBay1_175	rn_InterBay1_173	1	0
rl_InterBay1_176_175	SMT	InterBay1	rn_InterBay1_176	rn_InterBay1_175	1	0
rl_InterBay1_176_57	SMT	InterBay1	rn_InterBay1_176	rn_InterBay1_57	1	1
rl_InterBay1_177_176	SMT	InterBay1	rn_InterBay1_177	rn_InterBay1_176	1	0
rl_InterBay1_178_177	SMT	InterBay1	rn_InterBay1_178	rn_InterBay1_177	1	0
rl_InterBay1_179_178	SMT	InterBay1	rn_InterBay1_179	rn_InterBay1_178	1	0
rl_InterBay1_17_16	SMT	InterBay1	rn_InterBay1_17	rn_InterBay1_16	1	0
rl_InterBay1_180_101	SMT	InterBay1	rn_InterBay1_180	rn_InterBay1_101	1	1
rl_InterBay1_180_179	SMT	InterBay1	rn_InterBay1_180	rn_InterBay1_179	1	0
rl_InterBay1_181_180	SMT	InterBay1	rn_InterBay1_181	rn_InterBay1_180	1	0
rl_InterBay1_182_181	SMT	InterBay1	rn_InterBay1_182	rn_InterBay1_181	1	0
rl_InterBay1_183_174	SMT	InterBay1	rn_InterBay1_183	rn_InterBay1_174	1	0
rl_InterBay1_184_182	SMT	InterBay1	rn_InterBay1_184	rn_InterBay1_182	1	0
rl_InterBay1_185_146	SMT	InterBay1	rn_InterBay1_185	rn_InterBay1_146	1	1
rl_InterBay1_185_184	SMT	InterBay1	rn_InterBay1_185	rn_InterBay1_184	1	0
rl_InterBay1_186_185	SMT	InterBay1	rn_InterBay1_186	rn_InterBay1_185	1	0
rl_InterBay1_187_186	SMT	InterBay1	rn_InterBay1_187	rn_InterBay1_186	1	0
rl_InterBay1_188_187	SMT	InterBay1	rn_InterBay1_188	rn_InterBay1_187	1	0
rl_InterBay1_189_183	SMT	InterBay1	rn_InterBay1_189	rn_InterBay1_183	1	1
rl_InterBay1_189_188	SMT	InterBay1	rn_InterBay1_189	rn_InterBay1_188	1	0
rl_InterBay1_18_17	SMT	InterBay1	rn_InterBay1_18	rn_InterBay1_17	1	0
rl_InterBay1_18_268	SMT	InterBay1	rn_InterBay1_18	rn_InterBay1_268	1	1
rl_InterBay1_190_189	SMT	InterBay1	rn_InterBay1_190	rn_InterBay1_189	1	0
rl_InterBay1_191_190	SMT	InterBay1	rn_InterBay1_191	rn_InterBay1_190	1	0
rl_InterBay1_192_183	SMT	InterBay1	rn_InterBay1_192	rn_InterBay1_183	1	0
rl_InterBay1_193_191	SMT	InterBay1	rn_InterBay1_193	rn_InterBay1_191	1	0
rl_InterBay1_194_193	SMT	InterBay1	rn_InterBay1_194	rn_InterBay1_193	1	0
rl_InterBay1_194_217	SMT	InterBay1	rn_InterBay1_194	rn_InterBay1_217	1	1
rl_InterBay1_195_194	SMT	InterBay1	rn_InterBay1_195	rn_InterBay1_194	1	0
rl_InterBay1_196_195	SMT	InterBay1	rn_InterBay1_196	rn_InterBay1_195	1	0
rl_InterBay1_197_196	SMT	InterBay1	rn_InterBay1_197	rn_InterBay1_196	1	0
rl_InterBay1_198_197	SMT	InterBay1	rn_InterBay1_198	rn_InterBay1_197	1	0
rl_InterBay1_198_252	SMT	InterBay1	rn_InterBay1_198	rn_InterBay1_252	1	1
rl_InterBay1_199_198	SMT	InterBay1	rn_InterBay1_199	rn_InterBay1_198	1	0
rl_InterBay1_19_18	SMT	InterBay1	rn_InterBay1_19	rn_InterBay1_18	1	0
rl_InterBay1_1_158	SMT	InterBay1	rn_InterBay1_1	rn_InterBay1_158	1	0
rl_InterBay1_200_192	SMT	InterBay1	rn_InterBay1_200	rn_InterBay1_192	1	0
rl_InterBay1_201_199	SMT	InterBay1	rn_InterBay1_201	rn_InterBay1_199	1	0
rl_InterBay1_202_201	SMT	InterBay1	rn_InterBay1_202	rn_InterBay1_201	1	0
rl_InterBay1_203_202	SMT	InterBay1	rn_InterBay1_203	rn_InterBay1_202	1	0
rl_InterBay1_203_285	SMT	InterBay1	rn_InterBay1_203	rn_InterBay1_285	1	1
rl_InterBay1_204_203	SMT	InterBay1	rn_InterBay1_204	rn_InterBay1_203	1	0
rl_InterBay1_205_204	SMT	InterBay1	rn_InterBay1_205	rn_InterBay1_204	1	0
rl_InterBay1_206_205	SMT	InterBay1	rn_InterBay1_206	rn_InterBay1_205	1	0
rl_InterBay1_207_206	SMT	InterBay1	rn_InterBay1_207	rn_InterBay1_206	1	0
rl_InterBay1_207_320	SMT	InterBay1	rn_InterBay1_207	rn_InterBay1_320	1	1
rl_InterBay1_208_401	SMT	InterBay1	rn_InterBay1_208	rn_InterBay1_401	1	0
rl_InterBay1_209_190	SMT	InterBay1	rn_InterBay1_209	rn_InterBay1_190	1	1
rl_InterBay1_209_200	SMT	InterBay1	rn_InterBay1_209	rn_InterBay1_200	1	0
rl_InterBay1_20_19	SMT	InterBay1	rn_InterBay1_20	rn_InterBay1_19	1	0
rl_InterBay1_210_207	SMT	InterBay1	rn_InterBay1_210	rn_InterBay1_207	1	0
rl_InterBay1_211_210	SMT	InterBay1	rn_InterBay1_211	rn_InterBay1_210	1	0
rl_InterBay1_212_211	SMT	InterBay1	rn_InterBay1_212	rn_InterBay1_211	1	0
rl_InterBay1_213_212	SMT	InterBay1	rn_InterBay1_213	rn_InterBay1_212	1	0
rl_InterBay1_213_343	SMT	InterBay1	rn_InterBay1_213	rn_InterBay1_343	1	1
rl_InterBay1_214_213	SMT	InterBay1	rn_InterBay1_214	rn_InterBay1_213	1	0
rl_InterBay1_215_214	SMT	InterBay1	rn_InterBay1_215	rn_InterBay1_214	1	0
rl_InterBay1_216_215	SMT	InterBay1	rn_InterBay1_216	rn_InterBay1_215	1	0
rl_InterBay1_217_209	SMT	InterBay1	rn_InterBay1_217	rn_InterBay1_209	1	0
rl_InterBay1_218_216	SMT	InterBay1	rn_InterBay1_218	rn_InterBay1_216	1	0
rl_InterBay1_218_348	SMT	InterBay1	rn_InterBay1_218	rn_InterBay1_348	1	1
rl_InterBay1_219_218	SMT	InterBay1	rn_InterBay1_219	rn_InterBay1_218	1	0
rl_InterBay1_21_20	SMT	InterBay1	rn_InterBay1_21	rn_InterBay1_20	1	0
rl_InterBay1_220_219	SMT	InterBay1	rn_InterBay1_220	rn_InterBay1_219	1	0
rl_InterBay1_221_220	SMT	InterBay1	rn_InterBay1_221	rn_InterBay1_220	1	0
rl_InterBay1_222_221	SMT	InterBay1	rn_InterBay1_222	rn_InterBay1_221	1	0
rl_InterBay1_222_352	SMT	InterBay1	rn_InterBay1_222	rn_InterBay1_352	1	1
rl_InterBay1_223_222	SMT	InterBay1	rn_InterBay1_223	rn_InterBay1_222	1	0
rl_InterBay1_224_223	SMT	InterBay1	rn_InterBay1_224	rn_InterBay1_223	1	0
rl_InterBay1_225_217	SMT	InterBay1	rn_InterBay1_225	rn_InterBay1_217	1	0
rl_InterBay1_226_224	SMT	InterBay1	rn_InterBay1_226	rn_InterBay1_224	1	0
rl_InterBay1_227_226	SMT	InterBay1	rn_InterBay1_227	rn_InterBay1_226	1	0
rl_InterBay1_227_356	SMT	InterBay1	rn_InterBay1_227	rn_InterBay1_356	1	1
rl_InterBay1_228_227	SMT	InterBay1	rn_InterBay1_228	rn_InterBay1_227	1	0
rl_InterBay1_229_228	SMT	InterBay1	rn_InterBay1_229	rn_InterBay1_228	1	0
rl_InterBay1_22_21	SMT	InterBay1	rn_InterBay1_22	rn_InterBay1_21	1	0
rl_InterBay1_22_B16_1	SMT	InterBay1	rn_InterBay1_22	rn_B16_1	1	1
rl_InterBay1_230_229	SMT	InterBay1	rn_InterBay1_230	rn_InterBay1_229	1	0
rl_InterBay1_231_230	SMT	InterBay1	rn_InterBay1_231	rn_InterBay1_230	1	0
rl_InterBay1_231_361	SMT	InterBay1	rn_InterBay1_231	rn_InterBay1_361	1	1
rl_InterBay1_232_231	SMT	InterBay1	rn_InterBay1_232	rn_InterBay1_231	1	0
rl_InterBay1_233_232	SMT	InterBay1	rn_InterBay1_233	rn_InterBay1_232	1	0
rl_InterBay1_234_225	SMT	InterBay1	rn_InterBay1_234	rn_InterBay1_225	1	0
rl_InterBay1_235_233	SMT	InterBay1	rn_InterBay1_235	rn_InterBay1_233	1	0
rl_InterBay1_236_235	SMT	InterBay1	rn_InterBay1_236	rn_InterBay1_235	1	0
rl_InterBay1_236_365	SMT	InterBay1	rn_InterBay1_236	rn_InterBay1_365	1	1
rl_InterBay1_237_236	SMT	InterBay1	rn_InterBay1_237	rn_InterBay1_236	1	0
rl_InterBay1_238_237	SMT	InterBay1	rn_InterBay1_238	rn_InterBay1_237	1	0
rl_InterBay1_239_238	SMT	InterBay1	rn_InterBay1_239	rn_InterBay1_238	1	0
rl_InterBay1_23_22	SMT	InterBay1	rn_InterBay1_23	rn_InterBay1_22	1	0
rl_InterBay1_240_239	SMT	InterBay1	rn_InterBay1_240	rn_InterBay1_239	1	0
rl_InterBay1_240_370	SMT	InterBay1	rn_InterBay1_240	rn_InterBay1_370	1	1
rl_InterBay1_241_240	SMT	InterBay1	rn_InterBay1_241	rn_InterBay1_240	1	0
rl_InterBay1_242_195	SMT	InterBay1	rn_InterBay1_242	rn_InterBay1_195	1	1
rl_InterBay1_242_234	SMT	InterBay1	rn_InterBay1_242	rn_InterBay1_234	1	0
rl_InterBay1_243_241	SMT	InterBay1	rn_InterBay1_243	rn_InterBay1_241	1	0
rl_InterBay1_244_243	SMT	InterBay1	rn_InterBay1_244	rn_InterBay1_243	1	0
rl_InterBay1_245_244	SMT	InterBay1	rn_InterBay1_245	rn_InterBay1_244	1	0
rl_InterBay1_245_374	SMT	InterBay1	rn_InterBay1_245	rn_InterBay1_374	1	1
rl_InterBay1_246_245	SMT	InterBay1	rn_InterBay1_246	rn_InterBay1_245	1	0
rl_InterBay1_247_246	SMT	InterBay1	rn_InterBay1_247	rn_InterBay1_246	1	0
rl_InterBay1_248_247	SMT	InterBay1	rn_InterBay1_248	rn_InterBay1_247	1	0
rl_InterBay1_249_248	SMT	InterBay1	rn_InterBay1_249	rn_InterBay1_248	1	1
rl_InterBay1_24_13	SMT	InterBay1	rn_InterBay1_24	rn_InterBay1_13	1	0
rl_InterBay1_250_249	SMT	InterBay1	rn_InterBay1_250	rn_InterBay1_249	1	0
rl_InterBay1_251_250	SMT	InterBay1	rn_InterBay1_251	rn_InterBay1_250	1	1
rl_InterBay1_252_242	SMT	InterBay1	rn_InterBay1_252	rn_InterBay1_242	1	0
rl_InterBay1_253_251	SMT	InterBay1	rn_InterBay1_253	rn_InterBay1_251	1	0
rl_InterBay1_254_253	SMT	InterBay1	rn_InterBay1_254	rn_InterBay1_253	1	0
rl_InterBay1_254_387	SMT	InterBay1	rn_InterBay1_254	rn_InterBay1_387	1	1
rl_InterBay1_255_254	SMT	InterBay1	rn_InterBay1_255	rn_InterBay1_254	1	0
rl_InterBay1_256_255	SMT	InterBay1	rn_InterBay1_256	rn_InterBay1_255	1	0
rl_InterBay1_257_256	SMT	InterBay1	rn_InterBay1_257	rn_InterBay1_256	1	0
rl_InterBay1_258_257	SMT	InterBay1	rn_InterBay1_258	rn_InterBay1_257	1	0
rl_InterBay1_258_396	SMT	InterBay1	rn_InterBay1_258	rn_InterBay1_396	1	1
rl_InterBay1_259_258	SMT	InterBay1	rn_InterBay1_259	rn_InterBay1_258	1	0
rl_InterBay1_25_23	SMT	InterBay1	rn_InterBay1_25	rn_InterBay1_23	1	0
rl_InterBay1_260_259	SMT	InterBay1	rn_InterBay1_260	rn_InterBay1_259	1	0
rl_InterBay1_261_252	SMT	InterBay1	rn_InterBay1_261	rn_InterBay1_252	1	0
rl_InterBay1_262_260	SMT	InterBay1	rn_InterBay1_262	rn_InterBay1_260	1	0
rl_InterBay1_263_262	SMT	InterBay1	rn_InterBay1_263	rn_InterBay1_262	1	0
rl_InterBay1_263_6	SMT	InterBay1	rn_InterBay1_263	rn_InterBay1_6	1	1
rl_InterBay1_264_263	SMT	InterBay1	rn_InterBay1_264	rn_InterBay1_263	1	0
rl_InterBay1_265_264	SMT	InterBay1	rn_InterBay1_265	rn_InterBay1_264	1	0
rl_InterBay1_266_265	SMT	InterBay1	rn_InterBay1_266	rn_InterBay1_265	1	0
rl_InterBay1_267_15	SMT	InterBay1	rn_InterBay1_267	rn_InterBay1_15	1	1
rl_InterBay1_267_266	SMT	InterBay1	rn_InterBay1_267	rn_InterBay1_266	1	0
rl_InterBay1_268_267	SMT	InterBay1	rn_InterBay1_268	rn_InterBay1_267	1	0
rl_InterBay1_269_261	SMT	InterBay1	rn_InterBay1_269	rn_InterBay1_261	1	0
rl_InterBay1_26_25	SMT	InterBay1	rn_InterBay1_26	rn_InterBay1_25	1	0
rl_InterBay1_270_268	SMT	InterBay1	rn_InterBay1_270	rn_InterBay1_268	1	0
rl_InterBay1_271_270	SMT	InterBay1	rn_InterBay1_271	rn_InterBay1_270	1	0
rl_InterBay1_272_23	SMT	InterBay1	rn_InterBay1_272	rn_InterBay1_23	1	1
rl_InterBay1_272_271	SMT	InterBay1	rn_InterBay1_272	rn_InterBay1_271	1	0
rl_InterBay1_273_272	SMT	InterBay1	rn_InterBay1_273	rn_InterBay1_272	1	0
rl_InterBay1_274_273	SMT	InterBay1	rn_InterBay1_274	rn_InterBay1_273	1	0
rl_InterBay1_275_274	SMT	InterBay1	rn_InterBay1_275	rn_InterBay1_274	1	0
rl_InterBay1_276_275	SMT	InterBay1	rn_InterBay1_276	rn_InterBay1_275	1	0
rl_InterBay1_276_32	SMT	InterBay1	rn_InterBay1_276	rn_InterBay1_32	1	1
rl_InterBay1_277_199	SMT	InterBay1	rn_InterBay1_277	rn_InterBay1_199	1	1
rl_InterBay1_277_269	SMT	InterBay1	rn_InterBay1_277	rn_InterBay1_269	1	0
rl_InterBay1_278_276	SMT	InterBay1	rn_InterBay1_278	rn_InterBay1_276	1	0
rl_InterBay1_279_278	SMT	InterBay1	rn_InterBay1_279	rn_InterBay1_278	1	0
rl_InterBay1_27_26	SMT	InterBay1	rn_InterBay1_27	rn_InterBay1_26	1	0
rl_InterBay1_27_273	SMT	InterBay1	rn_InterBay1_27	rn_InterBay1_273	1	1
rl_InterBay1_280_279	SMT	InterBay1	rn_InterBay1_280	rn_InterBay1_279	1	0
rl_InterBay1_281_280	SMT	InterBay1	rn_InterBay1_281	rn_InterBay1_280	1	0
rl_InterBay1_281_41	SMT	InterBay1	rn_InterBay1_281	rn_InterBay1_41	1	1
rl_InterBay1_282_281	SMT	InterBay1	rn_InterBay1_282	rn_InterBay1_281	1	0
rl_InterBay1_283_282	SMT	InterBay1	rn_InterBay1_283	rn_InterBay1_282	1	0
rl_InterBay1_284_283	SMT	InterBay1	rn_InterBay1_284	rn_InterBay1_283	1	0
rl_InterBay1_285_277	SMT	InterBay1	rn_InterBay1_285	rn_InterBay1_277	1	0
rl_InterBay1_286_284	SMT	InterBay1	rn_InterBay1_286	rn_InterBay1_284	1	0
rl_InterBay1_286_50	SMT	InterBay1	rn_InterBay1_286	rn_InterBay1_50	1	1
rl_InterBay1_287_286	SMT	InterBay1	rn_InterBay1_287	rn_InterBay1_286	1	0
rl_InterBay1_288_287	SMT	InterBay1	rn_InterBay1_288	rn_InterBay1_287	1	0
rl_InterBay1_289_288	SMT	InterBay1	rn_InterBay1_289	rn_InterBay1_288	1	0
rl_InterBay1_28_27	SMT	InterBay1	rn_InterBay1_28	rn_InterBay1_27	1	0
rl_InterBay1_290_289	SMT	InterBay1	rn_InterBay1_290	rn_InterBay1_289	1	0
rl_InterBay1_290_59	SMT	InterBay1	rn_InterBay1_290	rn_InterBay1_59	1	1
rl_InterBay1_291_290	SMT	InterBay1	rn_InterBay1_291	rn_InterBay1_290	1	0
rl_InterBay1_292_291	SMT	InterBay1	rn_InterBay1_292	rn_InterBay1_291	1	0
rl_InterBay1_293_208	SMT	InterBay1	rn_InterBay1_293	rn_InterBay1_208	1	0
rl_InterBay1_294_285	SMT	InterBay1	rn_InterBay1_294	rn_InterBay1_285	1	0
rl_InterBay1_295_292	SMT	InterBay1	rn_InterBay1_295	rn_InterBay1_292	1	0
rl_InterBay1_296_295	SMT	InterBay1	rn_InterBay1_296	rn_InterBay1_295	1	0
rl_InterBay1_296_67	SMT	InterBay1	rn_InterBay1_296	rn_InterBay1_67	1	1
rl_InterBay1_297_296	SMT	InterBay1	rn_InterBay1_297	rn_InterBay1_296	1	0
rl_InterBay1_298_297	SMT	InterBay1	rn_InterBay1_298	rn_InterBay1_297	1	0
rl_InterBay1_299_298	SMT	InterBay1	rn_InterBay1_299	rn_InterBay1_298	1	0
rl_InterBay1_29_28	SMT	InterBay1	rn_InterBay1_29	rn_InterBay1_28	1	0
rl_InterBay1_2_168	SMT	InterBay1	rn_InterBay1_2	rn_InterBay1_168	1	1
rl_InterBay1_2_390	SMT	InterBay1	rn_InterBay1_2	rn_InterBay1_390	1	0
rl_InterBay1_300_299	SMT	InterBay1	rn_InterBay1_300	rn_InterBay1_299	1	0
rl_InterBay1_300_76	SMT	InterBay1	rn_InterBay1_300	rn_InterBay1_76	1	1
rl_InterBay1_301_300	SMT	InterBay1	rn_InterBay1_301	rn_InterBay1_300	1	0
rl_InterBay1_302_301	SMT	InterBay1	rn_InterBay1_302	rn_InterBay1_301	1	0
rl_InterBay1_303_294	SMT	InterBay1	rn_InterBay1_303	rn_InterBay1_294	1	0
rl_InterBay1_304_302	SMT	InterBay1	rn_InterBay1_304	rn_InterBay1_302	1	0
rl_InterBay1_305_304	SMT	InterBay1	rn_InterBay1_305	rn_InterBay1_304	1	0
rl_InterBay1_305_85	SMT	InterBay1	rn_InterBay1_305	rn_InterBay1_85	1	1
rl_InterBay1_306_305	SMT	InterBay1	rn_InterBay1_306	rn_InterBay1_305	1	0
rl_InterBay1_307_306	SMT	InterBay1	rn_InterBay1_307	rn_InterBay1_306	1	0
rl_InterBay1_308_307	SMT	InterBay1	rn_InterBay1_308	rn_InterBay1_307	1	0
rl_InterBay1_309_308	SMT	InterBay1	rn_InterBay1_309	rn_InterBay1_308	1	0
rl_InterBay1_309_94	SMT	InterBay1	rn_InterBay1_309	rn_InterBay1_94	1	1
rl_InterBay1_30_29	SMT	InterBay1	rn_InterBay1_30	rn_InterBay1_29	1	0
rl_InterBay1_310_309	SMT	InterBay1	rn_InterBay1_310	rn_InterBay1_309	1	0
rl_InterBay1_311_310	SMT	InterBay1	rn_InterBay1_311	rn_InterBay1_310	1	0
rl_InterBay1_312_204	SMT	InterBay1	rn_InterBay1_312	rn_InterBay1_204	1	1
rl_InterBay1_312_303	SMT	InterBay1	rn_InterBay1_312	rn_InterBay1_303	1	0
rl_InterBay1_313_311	SMT	InterBay1	rn_InterBay1_313	rn_InterBay1_311	1	0
rl_InterBay1_314_103	SMT	InterBay1	rn_InterBay1_314	rn_InterBay1_103	1	1
rl_InterBay1_314_313	SMT	InterBay1	rn_InterBay1_314	rn_InterBay1_313	1	0
rl_InterBay1_315_314	SMT	InterBay1	rn_InterBay1_315	rn_InterBay1_314	1	0
rl_InterBay1_316_315	SMT	InterBay1	rn_InterBay1_316	rn_InterBay1_315	1	0
rl_InterBay1_317_316	SMT	InterBay1	rn_InterBay1_317	rn_InterBay1_316	1	0
rl_InterBay1_318_111	SMT	InterBay1	rn_InterBay1_318	rn_InterBay1_111	1	1
rl_InterBay1_318_317	SMT	InterBay1	rn_InterBay1_318	rn_InterBay1_317	1	0
rl_InterBay1_319_318	SMT	InterBay1	rn_InterBay1_319	rn_InterBay1_318	1	0
rl_InterBay1_31_30	SMT	InterBay1	rn_InterBay1_31	rn_InterBay1_30	1	0
rl_InterBay1_31_B15_1	SMT	InterBay1	rn_InterBay1_31	rn_B15_1	1	1
rl_InterBay1_320_312	SMT	InterBay1	rn_InterBay1_320	rn_InterBay1_312	1	0
rl_InterBay1_321_319	SMT	InterBay1	rn_InterBay1_321	rn_InterBay1_319	1	0
rl_InterBay1_322_321	SMT	InterBay1	rn_InterBay1_322	rn_InterBay1_321	1	0
rl_InterBay1_323_121	SMT	InterBay1	rn_InterBay1_323	rn_InterBay1_121	1	1
rl_InterBay1_323_322	SMT	InterBay1	rn_InterBay1_323	rn_InterBay1_322	1	0
rl_InterBay1_324_323	SMT	InterBay1	rn_InterBay1_324	rn_InterBay1_323	1	0
rl_InterBay1_325_324	SMT	InterBay1	rn_InterBay1_325	rn_InterBay1_324	1	0
rl_InterBay1_326_325	SMT	InterBay1	rn_InterBay1_326	rn_InterBay1_325	1	0
rl_InterBay1_327_130	SMT	InterBay1	rn_InterBay1_327	rn_InterBay1_130	1	1
rl_InterBay1_327_326	SMT	InterBay1	rn_InterBay1_327	rn_InterBay1_326	1	0
rl_InterBay1_328_320	SMT	InterBay1	rn_InterBay1_328	rn_InterBay1_320	1	0
rl_InterBay1_329_327	SMT	InterBay1	rn_InterBay1_329	rn_InterBay1_327	1	0
rl_InterBay1_32_31	SMT	InterBay1	rn_InterBay1_32	rn_InterBay1_31	1	0
rl_InterBay1_330_329	SMT	InterBay1	rn_InterBay1_330	rn_InterBay1_329	1	0
rl_InterBay1_331_330	SMT	InterBay1	rn_InterBay1_331	rn_InterBay1_330	1	0
rl_InterBay1_332_139	SMT	InterBay1	rn_InterBay1_332	rn_InterBay1_139	1	1
rl_InterBay1_332_331	SMT	InterBay1	rn_InterBay1_332	rn_InterBay1_331	1	0
rl_InterBay1_333_332	SMT	InterBay1	rn_InterBay1_333	rn_InterBay1_332	1	0
rl_InterBay1_334_333	SMT	InterBay1	rn_InterBay1_334	rn_InterBay1_333	1	0
rl_InterBay1_335_334	SMT	InterBay1	rn_InterBay1_335	rn_InterBay1_334	1	0
rl_InterBay1_336_328	SMT	InterBay1	rn_InterBay1_336	rn_InterBay1_328	1	0
rl_InterBay1_337_148	SMT	InterBay1	rn_InterBay1_337	rn_InterBay1_148	1	1
rl_InterBay1_337_335	SMT	InterBay1	rn_InterBay1_337	rn_InterBay1_335	1	0
rl_InterBay1_338_337	SMT	InterBay1	rn_InterBay1_338	rn_InterBay1_337	1	0
rl_InterBay1_339_338	SMT	InterBay1	rn_InterBay1_339	rn_InterBay1_338	1	0
rl_InterBay1_33_32	SMT	InterBay1	rn_InterBay1_33	rn_InterBay1_32	1	0
rl_InterBay1_340_339	SMT	InterBay1	rn_InterBay1_340	rn_InterBay1_339	1	0
rl_InterBay1_341_340	SMT	InterBay1	rn_InterBay1_341	rn_InterBay1_340	1	1
rl_InterBay1_342_210	SMT	InterBay1	rn_InterBay1_342	rn_InterBay1_210	1	1
rl_InterBay1_342_336	SMT	InterBay1	rn_InterBay1_342	rn_InterBay1_336	1	0
rl_InterBay1_343_342	SMT	InterBay1	rn_InterBay1_343	rn_InterBay1_342	1	0
rl_InterBay1_344_343	SMT	InterBay1	rn_InterBay1_344	rn_InterBay1_343	1	0
rl_InterBay1_345_344	SMT	InterBay1	rn_InterBay1_345	rn_InterBay1_344	1	0
rl_InterBay1_346_293	SMT	InterBay1	rn_InterBay1_346	rn_InterBay1_293	1	0
rl_InterBay1_347_214	SMT	InterBay1	rn_InterBay1_347	rn_InterBay1_214	1	1
rl_InterBay1_347_345	SMT	InterBay1	rn_InterBay1_347	rn_InterBay1_345	1	0
rl_InterBay1_348_347	SMT	InterBay1	rn_InterBay1_348	rn_InterBay1_347	1	0
rl_InterBay1_349_348	SMT	InterBay1	rn_InterBay1_349	rn_InterBay1_348	1	0
rl_InterBay1_34_33	SMT	InterBay1	rn_InterBay1_34	rn_InterBay1_33	1	0
rl_InterBay1_350_349	SMT	InterBay1	rn_InterBay1_350	rn_InterBay1_349	1	0
rl_InterBay1_351_219	SMT	InterBay1	rn_InterBay1_351	rn_InterBay1_219	1	1
rl_InterBay1_351_350	SMT	InterBay1	rn_InterBay1_351	rn_InterBay1_350	1	0
rl_InterBay1_352_351	SMT	InterBay1	rn_InterBay1_352	rn_InterBay1_351	1	0
rl_InterBay1_353_352	SMT	InterBay1	rn_InterBay1_353	rn_InterBay1_352	1	0
rl_InterBay1_354_353	SMT	InterBay1	rn_InterBay1_354	rn_InterBay1_353	1	0
rl_InterBay1_355_223	SMT	InterBay1	rn_InterBay1_355	rn_InterBay1_223	1	1
rl_InterBay1_355_354	SMT	InterBay1	rn_InterBay1_355	rn_InterBay1_354	1	0
rl_InterBay1_356_355	SMT	InterBay1	rn_InterBay1_356	rn_InterBay1_355	1	0
rl_InterBay1_357_163	SMT	InterBay1	rn_InterBay1_357	rn_InterBay1_163	1	1
rl_InterBay1_357_346	SMT	InterBay1	rn_InterBay1_357	rn_InterBay1_346	1	0
rl_InterBay1_358_356	SMT	InterBay1	rn_InterBay1_358	rn_InterBay1_356	1	0
rl_InterBay1_359_358	SMT	InterBay1	rn_InterBay1_359	rn_InterBay1_358	1	0
rl_InterBay1_35_24	SMT	InterBay1	rn_InterBay1_35	rn_InterBay1_24	1	0
rl_InterBay1_360_228	SMT	InterBay1	rn_InterBay1_360	rn_InterBay1_228	1	1
rl_InterBay1_360_359	SMT	InterBay1	rn_InterBay1_360	rn_InterBay1_359	1	0
rl_InterBay1_361_360	SMT	InterBay1	rn_InterBay1_361	rn_InterBay1_360	1	0
rl_InterBay1_362_361	SMT	InterBay1	rn_InterBay1_362	rn_InterBay1_361	1	0
rl_InterBay1_363_362	SMT	InterBay1	rn_InterBay1_363	rn_InterBay1_362	1	0
rl_InterBay1_364_232	SMT	InterBay1	rn_InterBay1_364	rn_InterBay1_232	1	1
rl_InterBay1_364_363	SMT	InterBay1	rn_InterBay1_364	rn_InterBay1_363	1	0
rl_InterBay1_365_364	SMT	InterBay1	rn_InterBay1_365	rn_InterBay1_364	1	0
rl_InterBay1_366_365	SMT	InterBay1	rn_InterBay1_366	rn_InterBay1_365	1	0
rl_InterBay1_367_366	SMT	InterBay1	rn_InterBay1_367	rn_InterBay1_366	1	0
rl_InterBay1_368_357	SMT	InterBay1	rn_InterBay1_368	rn_InterBay1_357	1	0
rl_InterBay1_369_237	SMT	InterBay1	rn_InterBay1_369	rn_InterBay1_237	1	1
rl_InterBay1_369_367	SMT	InterBay1	rn_InterBay1_369	rn_InterBay1_367	1	0
rl_InterBay1_36_278	SMT	InterBay1	rn_InterBay1_36	rn_InterBay1_278	1	1
rl_InterBay1_36_34	SMT	InterBay1	rn_InterBay1_36	rn_InterBay1_34	1	0
rl_InterBay1_370_369	SMT	InterBay1	rn_InterBay1_370	rn_InterBay1_369	1	0
rl_InterBay1_371_370	SMT	InterBay1	rn_InterBay1_371	rn_InterBay1_370	1	0
rl_InterBay1_372_371	SMT	InterBay1	rn_InterBay1_372	rn_InterBay1_371	1	0
rl_InterBay1_373_241	SMT	InterBay1	rn_InterBay1_373	rn_InterBay1_241	1	1
rl_InterBay1_373_372	SMT	InterBay1	rn_InterBay1_373	rn_InterBay1_372	1	0
rl_InterBay1_374_373	SMT	InterBay1	rn_InterBay1_374	rn_InterBay1_373	1	0
rl_InterBay1_375_374	SMT	InterBay1	rn_InterBay1_375	rn_InterBay1_374	1	0
rl_InterBay1_376_375	SMT	InterBay1	rn_InterBay1_376	rn_InterBay1_375	1	0
rl_InterBay1_377_246	SMT	InterBay1	rn_InterBay1_377	rn_InterBay1_246	1	1
rl_InterBay1_377_376	SMT	InterBay1	rn_InterBay1_377	rn_InterBay1_376	1	0
rl_InterBay1_378_415	SMT	InterBay1	rn_InterBay1_378	rn_InterBay1_415	1	0
rl_InterBay1_379_368	SMT	InterBay1	rn_InterBay1_379	rn_InterBay1_368	1	0
rl_InterBay1_37_36	SMT	InterBay1	rn_InterBay1_37	rn_InterBay1_36	1	0
rl_InterBay1_380_378	SMT	InterBay1	rn_InterBay1_380	rn_InterBay1_378	1	1
rl_InterBay1_381_380	SMT	InterBay1	rn_InterBay1_381	rn_InterBay1_380	1	0
rl_InterBay1_382_381	SMT	InterBay1	rn_InterBay1_382	rn_InterBay1_381	1	1
rl_InterBay1_383_382	SMT	InterBay1	rn_InterBay1_383	rn_InterBay1_382	1	0
rl_InterBay1_384_383	SMT	InterBay1	rn_InterBay1_384	rn_InterBay1_383	1	0
rl_InterBay1_385_384	SMT	InterBay1	rn_InterBay1_385	rn_InterBay1_384	1	0
rl_InterBay1_386_385	SMT	InterBay1	rn_InterBay1_386	rn_InterBay1_385	1	0
rl_InterBay1_386_B20_1	SMT	InterBay1	rn_InterBay1_386	rn_B20_1	1	1
rl_InterBay1_387_386	SMT	InterBay1	rn_InterBay1_387	rn_InterBay1_386	1	0
rl_InterBay1_388_387	SMT	InterBay1	rn_InterBay1_388	rn_InterBay1_387	1	0
rl_InterBay1_389_388	SMT	InterBay1	rn_InterBay1_389	rn_InterBay1_388	1	0
rl_InterBay1_38_37	SMT	InterBay1	rn_InterBay1_38	rn_InterBay1_37	1	0
rl_InterBay1_390_379	SMT	InterBay1	rn_InterBay1_390	rn_InterBay1_379	1	0
rl_InterBay1_391_255	SMT	InterBay1	rn_InterBay1_391	rn_InterBay1_255	1	1
rl_InterBay1_391_389	SMT	InterBay1	rn_InterBay1_391	rn_InterBay1_389	1	0
rl_InterBay1_392_391	SMT	InterBay1	rn_InterBay1_392	rn_InterBay1_391	1	0
rl_InterBay1_393_392	SMT	InterBay1	rn_InterBay1_393	rn_InterBay1_392	1	0
rl_InterBay1_394_393	SMT	InterBay1	rn_InterBay1_394	rn_InterBay1_393	1	0
rl_InterBay1_395_394	SMT	InterBay1	rn_InterBay1_395	rn_InterBay1_394	1	0
rl_InterBay1_395_B19_1	SMT	InterBay1	rn_InterBay1_395	rn_B19_1	1	1
rl_InterBay1_396_395	SMT	InterBay1	rn_InterBay1_396	rn_InterBay1_395	1	0
rl_InterBay1_397_396	SMT	InterBay1	rn_InterBay1_397	rn_InterBay1_396	1	0
rl_InterBay1_398_397	SMT	InterBay1	rn_InterBay1_398	rn_InterBay1_397	1	0
rl_InterBay1_399_259	SMT	InterBay1	rn_InterBay1_399	rn_InterBay1_259	1	1
rl_InterBay1_399_398	SMT	InterBay1	rn_InterBay1_399	rn_InterBay1_398	1	0
rl_InterBay1_39_38	SMT	InterBay1	rn_InterBay1_39	rn_InterBay1_38	1	0
rl_InterBay1_3_400	SMT	InterBay1	rn_InterBay1_3	rn_InterBay1_400	1	0
rl_InterBay1_400_399	SMT	InterBay1	rn_InterBay1_400	rn_InterBay1_399	1	0
rl_InterBay1_401_402	SMT	InterBay1	rn_InterBay1_401	rn_InterBay1_402	1	1
rl_InterBay1_401_413	SMT	InterBay1	rn_InterBay1_401	rn_InterBay1_413	1	0
rl_InterBay1_402_403	SMT	InterBay1	rn_InterBay1_402	rn_InterBay1_403	1	1
rl_InterBay1_403_404	SMT	InterBay1	rn_InterBay1_403	rn_InterBay1_404	1	1
rl_InterBay1_404_405	SMT	InterBay1	rn_InterBay1_404	rn_InterBay1_405	1	0
rl_InterBay1_405_406	SMT	InterBay1	rn_InterBay1_405	rn_InterBay1_406	1	1
rl_InterBay1_406_407	SMT	InterBay1	rn_InterBay1_406	rn_InterBay1_407	1	0
rl_InterBay1_407_408	SMT	InterBay1	rn_InterBay1_407	rn_InterBay1_408	1	1
rl_InterBay1_408_409	SMT	InterBay1	rn_InterBay1_408	rn_InterBay1_409	1	0
rl_InterBay1_409_410	SMT	InterBay1	rn_InterBay1_409	rn_InterBay1_410	1	1
rl_InterBay1_40_39	SMT	InterBay1	rn_InterBay1_40	rn_InterBay1_39	1	0
rl_InterBay1_40_B14_1	SMT	InterBay1	rn_InterBay1_40	rn_B14_1	1	1
rl_InterBay1_410_411	SMT	InterBay1	rn_InterBay1_410	rn_InterBay1_411	1	1
rl_InterBay1_411_412	SMT	InterBay1	rn_InterBay1_411	rn_InterBay1_412	1	1
rl_InterBay1_412_112	SMT	InterBay1	rn_InterBay1_412	rn_InterBay1_112	1	0
rl_Interbay1_413_414	SMT	InterBay1	rn_InterBay1_413	rn_InterBay1_414	1	0
rl_InterBay1_414_412	SMT	InterBay1	rn_InterBay1_414	rn_InterBay1_412	1	0
rl_InterBay1_415_416	SMT	InterBay1	rn_InterBay1_415	rn_InterBay1_416	1	1
rl_InterBay1_415_427	SMT	InterBay1	rn_InterBay1_415	rn_InterBay1_427	1	0
rl_InterBay1_416_417	SMT	InterBay1	rn_InterBay1_416	rn_InterBay1_417	1	1
rl_InterBay1_417_418	SMT	InterBay1	rn_InterBay1_417	rn_InterBay1_418	1	1
rl_InterBay1_418_419	SMT	InterBay1	rn_InterBay1_418	rn_InterBay1_419	1	0
rl_InterBay1_419_420	SMT	InterBay1	rn_InterBay1_419	rn_InterBay1_420	1	1
rl_InterBay1_41_40	SMT	InterBay1	rn_InterBay1_41	rn_InterBay1_40	1	0
rl_InterBay1_420_421	SMT	InterBay1	rn_InterBay1_420	rn_InterBay1_421	1	0
rl_InterBay1_421_422	SMT	InterBay1	rn_InterBay1_421	rn_InterBay1_422	1	1
rl_InterBay1_422_423	SMT	InterBay1	rn_InterBay1_422	rn_InterBay1_423	1	0
rl_InterBay1_423_424	SMT	InterBay1	rn_InterBay1_423	rn_InterBay1_424	1	1
rl_InterBay1_424_425	SMT	InterBay1	rn_InterBay1_424	rn_InterBay1_425	1	1
rl_InterBay1_425_426	SMT	InterBay1	rn_InterBay1_425	rn_InterBay1_426	1	1
rl_InterBay1_426_377	SMT	InterBay1	rn_InterBay1_426	rn_InterBay1_377	1	0
rl_InterBay1_427_428	SMT	InterBay1	rn_InterBay1_427	rn_InterBay1_428	1	0
rl_InterBay1_428_426	SMT	InterBay1	rn_InterBay1_428	rn_InterBay1_426	1	0
rl_InterBay1_42_41	SMT	InterBay1	rn_InterBay1_42	rn_InterBay1_41	1	0
rl_InterBay1_43_42	SMT	InterBay1	rn_InterBay1_43	rn_InterBay1_42	1	0
rl_InterBay1_44_282	SMT	InterBay1	rn_InterBay1_44	rn_InterBay1_282	1	1
rl_InterBay1_44_43	SMT	InterBay1	rn_InterBay1_44	rn_InterBay1_43	1	0
rl_InterBay1_45_44	SMT	InterBay1	rn_InterBay1_45	rn_InterBay1_44	1	0
rl_InterBay1_46_172	SMT	InterBay1	rn_InterBay1_46	rn_InterBay1_172	1	1
rl_InterBay1_46_35	SMT	InterBay1	rn_InterBay1_46	rn_InterBay1_35	1	0
rl_InterBay1_47_45	SMT	InterBay1	rn_InterBay1_47	rn_InterBay1_45	1	0
rl_InterBay1_48_47	SMT	InterBay1	rn_InterBay1_48	rn_InterBay1_47	1	0
rl_InterBay1_49_48	SMT	InterBay1	rn_InterBay1_49	rn_InterBay1_48	1	0
rl_InterBay1_49_B13_1	SMT	InterBay1	rn_InterBay1_49	rn_B13_1	1	1
rl_InterBay1_4_3	SMT	InterBay1	rn_InterBay1_4	rn_InterBay1_3	1	0
rl_InterBay1_50_49	SMT	InterBay1	rn_InterBay1_50	rn_InterBay1_49	1	0
rl_InterBay1_51_50	SMT	InterBay1	rn_InterBay1_51	rn_InterBay1_50	1	0
rl_InterBay1_52_51	SMT	InterBay1	rn_InterBay1_52	rn_InterBay1_51	1	0
rl_InterBay1_53_287	SMT	InterBay1	rn_InterBay1_53	rn_InterBay1_287	1	1
rl_InterBay1_53_52	SMT	InterBay1	rn_InterBay1_53	rn_InterBay1_52	1	0
rl_InterBay1_54_53	SMT	InterBay1	rn_InterBay1_54	rn_InterBay1_53	1	0
rl_InterBay1_55_54	SMT	InterBay1	rn_InterBay1_55	rn_InterBay1_54	1	0
rl_InterBay1_56_55	SMT	InterBay1	rn_InterBay1_56	rn_InterBay1_55	1	0
rl_InterBay1_57_46	SMT	InterBay1	rn_InterBay1_57	rn_InterBay1_46	1	0
rl_InterBay1_58_56	SMT	InterBay1	rn_InterBay1_58	rn_InterBay1_56	1	0
rl_InterBay1_58_B12_1	SMT	InterBay1	rn_InterBay1_58	rn_B12_1	1	1
rl_InterBay1_59_58	SMT	InterBay1	rn_InterBay1_59	rn_InterBay1_58	1	0
rl_InterBay1_5_4	SMT	InterBay1	rn_InterBay1_5	rn_InterBay1_4	1	0
rl_InterBay1_5_B18_1	SMT	InterBay1	rn_InterBay1_5	rn_B18_1	1	1
rl_InterBay1_60_59	SMT	InterBay1	rn_InterBay1_60	rn_InterBay1_59	1	0
rl_InterBay1_61_60	SMT	InterBay1	rn_InterBay1_61	rn_InterBay1_60	1	0
rl_InterBay1_62_291	SMT	InterBay1	rn_InterBay1_62	rn_InterBay1_291	1	1
rl_InterBay1_62_61	SMT	InterBay1	rn_InterBay1_62	rn_InterBay1_61	1	0
rl_InterBay1_63_62	SMT	InterBay1	rn_InterBay1_63	rn_InterBay1_62	1	0
rl_InterBay1_64_63	SMT	InterBay1	rn_InterBay1_64	rn_InterBay1_63	1	0
rl_InterBay1_65_64	SMT	InterBay1	rn_InterBay1_65	rn_InterBay1_64	1	0
rl_InterBay1_66_65	SMT	InterBay1	rn_InterBay1_66	rn_InterBay1_65	1	0
rl_InterBay1_66_B11_1	SMT	InterBay1	rn_InterBay1_66	rn_B11_1	1	1
rl_InterBay1_67_66	SMT	InterBay1	rn_InterBay1_67	rn_InterBay1_66	1	0
rl_InterBay1_68_57	SMT	InterBay1	rn_InterBay1_68	rn_InterBay1_57	1	0
rl_InterBay1_69_67	SMT	InterBay1	rn_InterBay1_69	rn_InterBay1_67	1	0
rl_InterBay1_6_5	SMT	InterBay1	rn_InterBay1_6	rn_InterBay1_5	1	0
rl_InterBay1_70_69	SMT	InterBay1	rn_InterBay1_70	rn_InterBay1_69	1	0
rl_InterBay1_71_297	SMT	InterBay1	rn_InterBay1_71	rn_InterBay1_297	1	1
rl_InterBay1_71_70	SMT	InterBay1	rn_InterBay1_71	rn_InterBay1_70	1	0
rl_InterBay1_72_71	SMT	InterBay1	rn_InterBay1_72	rn_InterBay1_71	1	0
rl_InterBay1_73_72	SMT	InterBay1	rn_InterBay1_73	rn_InterBay1_72	1	0
rl_InterBay1_74_73	SMT	InterBay1	rn_InterBay1_74	rn_InterBay1_73	1	0
rl_InterBay1_75_74	SMT	InterBay1	rn_InterBay1_75	rn_InterBay1_74	1	0
rl_InterBay1_75_B10_1	SMT	InterBay1	rn_InterBay1_75	rn_B10_1	1	1
rl_InterBay1_76_75	SMT	InterBay1	rn_InterBay1_76	rn_InterBay1_75	1	0
rl_InterBay1_77_76	SMT	InterBay1	rn_InterBay1_77	rn_InterBay1_76	1	0
rl_InterBay1_78_77	SMT	InterBay1	rn_InterBay1_78	rn_InterBay1_77	1	0
rl_InterBay1_79_68	SMT	InterBay1	rn_InterBay1_79	rn_InterBay1_68	1	0
rl_InterBay1_7_6	SMT	InterBay1	rn_InterBay1_7	rn_InterBay1_6	1	0
rl_InterBay1_80_301	SMT	InterBay1	rn_InterBay1_80	rn_InterBay1_301	1	1
rl_InterBay1_80_78	SMT	InterBay1	rn_InterBay1_80	rn_InterBay1_78	1	0
rl_InterBay1_81_80	SMT	InterBay1	rn_InterBay1_81	rn_InterBay1_80	1	0
rl_InterBay1_82_81	SMT	InterBay1	rn_InterBay1_82	rn_InterBay1_81	1	0
rl_InterBay1_83_82	SMT	InterBay1	rn_InterBay1_83	rn_InterBay1_82	1	0
rl_InterBay1_84_83	SMT	InterBay1	rn_InterBay1_84	rn_InterBay1_83	1	0
rl_InterBay1_84_B9_1	SMT	InterBay1	rn_InterBay1_84	rn_B9_1	1	1
rl_InterBay1_85_84	SMT	InterBay1	rn_InterBay1_85	rn_InterBay1_84	1	0
rl_InterBay1_86_85	SMT	InterBay1	rn_InterBay1_86	rn_InterBay1_85	1	0
rl_InterBay1_87_86	SMT	InterBay1	rn_InterBay1_87	rn_InterBay1_86	1	0
rl_InterBay1_88_306	SMT	InterBay1	rn_InterBay1_88	rn_InterBay1_306	1	1
rl_InterBay1_88_87	SMT	InterBay1	rn_InterBay1_88	rn_InterBay1_87	1	0
rl_InterBay1_89_88	SMT	InterBay1	rn_InterBay1_89	rn_InterBay1_88	1	0
rl_InterBay1_8_7	SMT	InterBay1	rn_InterBay1_8	rn_InterBay1_7	1	0
rl_InterBay1_90_177	SMT	InterBay1	rn_InterBay1_90	rn_InterBay1_177	1	1
rl_InterBay1_90_79	SMT	InterBay1	rn_InterBay1_90	rn_InterBay1_79	1	0
rl_InterBay1_91_89	SMT	InterBay1	rn_InterBay1_91	rn_InterBay1_89	1	0
rl_InterBay1_92_91	SMT	InterBay1	rn_InterBay1_92	rn_InterBay1_91	1	0
rl_InterBay1_93_92	SMT	InterBay1	rn_InterBay1_93	rn_InterBay1_92	1	0
rl_InterBay1_93_B8_1	SMT	InterBay1	rn_InterBay1_93	rn_B8_1	1	1
rl_InterBay1_94_93	SMT	InterBay1	rn_InterBay1_94	rn_InterBay1_93	1	0
rl_InterBay1_95_94	SMT	InterBay1	rn_InterBay1_95	rn_InterBay1_94	1	0
rl_InterBay1_96_95	SMT	InterBay1	rn_InterBay1_96	rn_InterBay1_95	1	0
rl_InterBay1_97_310	SMT	InterBay1	rn_InterBay1_97	rn_InterBay1_310	1	1
rl_InterBay1_97_96	SMT	InterBay1	rn_InterBay1_97	rn_InterBay1_96	1	0
rl_InterBay1_98_97	SMT	InterBay1	rn_InterBay1_98	rn_InterBay1_97	1	0
rl_InterBay1_99_98	SMT	InterBay1	rn_InterBay1_99	rn_InterBay1_98	1	0
rl_InterBay1_9_264	SMT	InterBay1	rn_InterBay1_9	rn_InterBay1_264	1	1
rl_InterBay1_9_8	SMT	InterBay1	rn_InterBay1_9	rn_InterBay1_8	1	0
rl_InterBay2_100_99	SMT	InterBay2	rn_InterBay2_100	rn_InterBay2_99	1	0
rl_InterBay2_101_100	SMT	InterBay2	rn_InterBay2_101	rn_InterBay2_100	1	0
rl_InterBay2_102_101	SMT	InterBay2	rn_InterBay2_102	rn_InterBay2_101	1	0
rl_InterBay2_102_B13_15	SMT	InterBay2	rn_InterBay2_102	rn_B13_15	1	1
rl_InterBay2_103_102	SMT	InterBay2	rn_InterBay2_103	rn_InterBay2_102	1	0
rl_InterBay2_104_103	SMT	InterBay2	rn_InterBay2_104	rn_InterBay2_103	1	0
rl_InterBay2_105_104	SMT	InterBay2	rn_InterBay2_105	rn_InterBay2_104	1	0
rl_InterBay2_106_105	SMT	InterBay2	rn_InterBay2_106	rn_InterBay2_105	1	0
rl_InterBay2_106_391	SMT	InterBay2	rn_InterBay2_106	rn_InterBay2_391	1	1
rl_InterBay2_107_106	SMT	InterBay2	rn_InterBay2_107	rn_InterBay2_106	1	0
rl_InterBay2_108_107	SMT	InterBay2	rn_InterBay2_108	rn_InterBay2_107	1	0
rl_InterBay2_109_108	SMT	InterBay2	rn_InterBay2_109	rn_InterBay2_108	1	0
rl_InterBay2_10_325	SMT	InterBay2	rn_InterBay2_10	rn_InterBay2_325	1	1
rl_InterBay2_10_9	SMT	InterBay2	rn_InterBay2_10	rn_InterBay2_9	1	0
rl_InterBay2_110_109	SMT	InterBay2	rn_InterBay2_110	rn_InterBay2_109	1	0
rl_InterBay2_110_B14_15	SMT	InterBay2	rn_InterBay2_110	rn_B14_15	1	1
rl_InterBay2_111_110	SMT	InterBay2	rn_InterBay2_111	rn_InterBay2_110	1	0
rl_InterBay2_112_111	SMT	InterBay2	rn_InterBay2_112	rn_InterBay2_111	1	0
rl_InterBay2_113_112	SMT	InterBay2	rn_InterBay2_113	rn_InterBay2_112	1	0
rl_InterBay2_114_113	SMT	InterBay2	rn_InterBay2_114	rn_InterBay2_113	1	0
rl_InterBay2_114_397	SMT	InterBay2	rn_InterBay2_114	rn_InterBay2_397	1	1
rl_InterBay2_115_114	SMT	InterBay2	rn_InterBay2_115	rn_InterBay2_114	1	0
rl_InterBay2_116_115	SMT	InterBay2	rn_InterBay2_116	rn_InterBay2_115	1	0
rl_InterBay2_117_116	SMT	InterBay2	rn_InterBay2_117	rn_InterBay2_116	1	0
rl_InterBay2_118_117	SMT	InterBay2	rn_InterBay2_118	rn_InterBay2_117	1	0
rl_InterBay2_118_B15_15	SMT	InterBay2	rn_InterBay2_118	rn_B15_15	1	1
rl_InterBay2_119_118	SMT	InterBay2	rn_InterBay2_119	rn_InterBay2_118	1	0
rl_InterBay2_11_10	SMT	InterBay2	rn_InterBay2_11	rn_InterBay2_10	1	0
rl_InterBay2_120_119	SMT	InterBay2	rn_InterBay2_120	rn_InterBay2_119	1	0
rl_InterBay2_121_120	SMT	InterBay2	rn_InterBay2_121	rn_InterBay2_120	1	0
rl_InterBay2_122_121	SMT	InterBay2	rn_InterBay2_122	rn_InterBay2_121	1	0
rl_InterBay2_122_402	SMT	InterBay2	rn_InterBay2_122	rn_InterBay2_402	1	1
rl_InterBay2_123_122	SMT	InterBay2	rn_InterBay2_123	rn_InterBay2_122	1	0
rl_InterBay2_124_123	SMT	InterBay2	rn_InterBay2_124	rn_InterBay2_123	1	0
rl_InterBay2_125_124	SMT	InterBay2	rn_InterBay2_125	rn_InterBay2_124	1	0
rl_InterBay2_126_125	SMT	InterBay2	rn_InterBay2_126	rn_InterBay2_125	1	0
rl_InterBay2_126_B16_15	SMT	InterBay2	rn_InterBay2_126	rn_B16_15	1	1
rl_InterBay2_127_126	SMT	InterBay2	rn_InterBay2_127	rn_InterBay2_126	1	0
rl_InterBay2_128_127	SMT	InterBay2	rn_InterBay2_128	rn_InterBay2_127	1	0
rl_InterBay2_129_128	SMT	InterBay2	rn_InterBay2_129	rn_InterBay2_128	1	0
rl_InterBay2_12_11	SMT	InterBay2	rn_InterBay2_12	rn_InterBay2_11	1	0
rl_InterBay2_130_129	SMT	InterBay2	rn_InterBay2_130	rn_InterBay2_129	1	0
rl_InterBay2_130_408	SMT	InterBay2	rn_InterBay2_130	rn_InterBay2_408	1	1
rl_InterBay2_131_130	SMT	InterBay2	rn_InterBay2_131	rn_InterBay2_130	1	0
rl_InterBay2_132_131	SMT	InterBay2	rn_InterBay2_132	rn_InterBay2_131	1	0
rl_InterBay2_133_132	SMT	InterBay2	rn_InterBay2_133	rn_InterBay2_132	1	0
rl_InterBay2_134_133	SMT	InterBay2	rn_InterBay2_134	rn_InterBay2_133	1	0
rl_InterBay2_134_B17_15	SMT	InterBay2	rn_InterBay2_134	rn_B17_15	1	1
rl_InterBay2_135_134	SMT	InterBay2	rn_InterBay2_135	rn_InterBay2_134	1	0
rl_InterBay2_136_135	SMT	InterBay2	rn_InterBay2_136	rn_InterBay2_135	1	0
rl_InterBay2_137_136	SMT	InterBay2	rn_InterBay2_137	rn_InterBay2_136	1	0
rl_InterBay2_138_137	SMT	InterBay2	rn_InterBay2_138	rn_InterBay2_137	1	0
rl_InterBay2_138_413	SMT	InterBay2	rn_InterBay2_138	rn_InterBay2_413	1	1
rl_InterBay2_139_138	SMT	InterBay2	rn_InterBay2_139	rn_InterBay2_138	1	0
rl_InterBay2_13_12	SMT	InterBay2	rn_InterBay2_13	rn_InterBay2_12	1	0
rl_InterBay2_140_139	SMT	InterBay2	rn_InterBay2_140	rn_InterBay2_139	1	0
rl_InterBay2_141_140	SMT	InterBay2	rn_InterBay2_141	rn_InterBay2_140	1	0
rl_InterBay2_142_141	SMT	InterBay2	rn_InterBay2_142	rn_InterBay2_141	1	0
rl_InterBay2_142_B18_15	SMT	InterBay2	rn_InterBay2_142	rn_B18_15	1	1
rl_InterBay2_143_142	SMT	InterBay2	rn_InterBay2_143	rn_InterBay2_142	1	0
rl_InterBay2_144_143	SMT	InterBay2	rn_InterBay2_144	rn_InterBay2_143	1	0
rl_InterBay2_145_144	SMT	InterBay2	rn_InterBay2_145	rn_InterBay2_144	1	0
rl_InterBay2_146_145	SMT	InterBay2	rn_InterBay2_146	rn_InterBay2_145	1	0
rl_InterBay2_146_419	SMT	InterBay2	rn_InterBay2_146	rn_InterBay2_419	1	1
rl_InterBay2_147_146	SMT	InterBay2	rn_InterBay2_147	rn_InterBay2_146	1	0
rl_InterBay2_148_147	SMT	InterBay2	rn_InterBay2_148	rn_InterBay2_147	1	0
rl_InterBay2_149_148	SMT	InterBay2	rn_InterBay2_149	rn_InterBay2_148	1	0
rl_InterBay2_14_13	SMT	InterBay2	rn_InterBay2_14	rn_InterBay2_13	1	0
rl_InterBay2_14_B2_15	SMT	InterBay2	rn_InterBay2_14	rn_B2_15	1	1
rl_InterBay2_150_149	SMT	InterBay2	rn_InterBay2_150	rn_InterBay2_149	1	0
rl_InterBay2_150_B19_15	SMT	InterBay2	rn_InterBay2_150	rn_B19_15	1	1
rl_InterBay2_151_150	SMT	InterBay2	rn_InterBay2_151	rn_InterBay2_150	1	0
rl_InterBay2_152_151	SMT	InterBay2	rn_InterBay2_152	rn_InterBay2_151	1	0
rl_InterBay2_153_152	SMT	InterBay2	rn_InterBay2_153	rn_InterBay2_152	1	0
rl_InterBay2_154_153	SMT	InterBay2	rn_InterBay2_154	rn_InterBay2_153	1	0
rl_InterBay2_154_424	SMT	InterBay2	rn_InterBay2_154	rn_InterBay2_424	1	1
rl_InterBay2_155_154	SMT	InterBay2	rn_InterBay2_155	rn_InterBay2_154	1	0
rl_InterBay2_156_155	SMT	InterBay2	rn_InterBay2_156	rn_InterBay2_155	1	0
rl_InterBay2_157_156	SMT	InterBay2	rn_InterBay2_157	rn_InterBay2_156	1	0
rl_InterBay2_158_157	SMT	InterBay2	rn_InterBay2_158	rn_InterBay2_157	1	0
rl_InterBay2_158_B20_15	SMT	InterBay2	rn_InterBay2_158	rn_B20_15	1	1
rl_InterBay2_159_158	SMT	InterBay2	rn_InterBay2_159	rn_InterBay2_158	1	0
rl_InterBay2_15_14	SMT	InterBay2	rn_InterBay2_15	rn_InterBay2_14	1	0
rl_InterBay2_160_159	SMT	InterBay2	rn_InterBay2_160	rn_InterBay2_159	1	1
rl_InterBay2_161_160	SMT	InterBay2	rn_InterBay2_161	rn_InterBay2_160	1	0
rl_InterBay2_162_161	SMT	InterBay2	rn_InterBay2_162	rn_InterBay2_161	1	1
rl_InterBay2_163_162	SMT	InterBay2	rn_InterBay2_163	rn_InterBay2_162	1	0
rl_InterBay2_164_163	SMT	InterBay2	rn_InterBay2_164	rn_InterBay2_163	1	0
rl_InterBay2_165_164	SMT	InterBay2	rn_InterBay2_165	rn_InterBay2_164	1	0
rl_InterBay2_166_165	SMT	InterBay2	rn_InterBay2_166	rn_InterBay2_165	1	0
rl_InterBay2_166_A20_1	SMT	InterBay2	rn_InterBay2_166	rn_A20_1	1	1
rl_InterBay2_167_166	SMT	InterBay2	rn_InterBay2_167	rn_InterBay2_166	1	0
rl_InterBay2_168_167	SMT	InterBay2	rn_InterBay2_168	rn_InterBay2_167	1	0
rl_InterBay2_169_168	SMT	InterBay2	rn_InterBay2_169	rn_InterBay2_168	1	0
rl_InterBay2_16_15	SMT	InterBay2	rn_InterBay2_16	rn_InterBay2_15	1	0
rl_InterBay2_170_169	SMT	InterBay2	rn_InterBay2_170	rn_InterBay2_169	1	0
rl_InterBay2_170_432	SMT	InterBay2	rn_InterBay2_170	rn_InterBay2_432	1	1
rl_InterBay2_171_170	SMT	InterBay2	rn_InterBay2_171	rn_InterBay2_170	1	0
rl_InterBay2_172_171	SMT	InterBay2	rn_InterBay2_172	rn_InterBay2_171	1	0
rl_InterBay2_173_172	SMT	InterBay2	rn_InterBay2_173	rn_InterBay2_172	1	0
rl_InterBay2_174_173	SMT	InterBay2	rn_InterBay2_174	rn_InterBay2_173	1	0
rl_InterBay2_174_A19_1	SMT	InterBay2	rn_InterBay2_174	rn_A19_1	1	1
rl_InterBay2_175_174	SMT	InterBay2	rn_InterBay2_175	rn_InterBay2_174	1	0
rl_InterBay2_176_175	SMT	InterBay2	rn_InterBay2_176	rn_InterBay2_175	1	0
rl_InterBay2_177_176	SMT	InterBay2	rn_InterBay2_177	rn_InterBay2_176	1	0
rl_InterBay2_178_177	SMT	InterBay2	rn_InterBay2_178	rn_InterBay2_177	1	0
rl_InterBay2_178_438	SMT	InterBay2	rn_InterBay2_178	rn_InterBay2_438	1	1
rl_InterBay2_179_178	SMT	InterBay2	rn_InterBay2_179	rn_InterBay2_178	1	0
rl_InterBay2_17_16	SMT	InterBay2	rn_InterBay2_17	rn_InterBay2_16	1	0
rl_InterBay2_180_179	SMT	InterBay2	rn_InterBay2_180	rn_InterBay2_179	1	0
rl_InterBay2_181_180	SMT	InterBay2	rn_InterBay2_181	rn_InterBay2_180	1	0
rl_InterBay2_182_181	SMT	InterBay2	rn_InterBay2_182	rn_InterBay2_181	1	0
rl_InterBay2_182_A18_1	SMT	InterBay2	rn_InterBay2_182	rn_A18_1	1	1
rl_InterBay2_183_182	SMT	InterBay2	rn_InterBay2_183	rn_InterBay2_182	1	0
rl_InterBay2_184_183	SMT	InterBay2	rn_InterBay2_184	rn_InterBay2_183	1	0
rl_InterBay2_185_184	SMT	InterBay2	rn_InterBay2_185	rn_InterBay2_184	1	0
rl_InterBay2_186_185	SMT	InterBay2	rn_InterBay2_186	rn_InterBay2_185	1	0
rl_InterBay2_186_443	SMT	InterBay2	rn_InterBay2_186	rn_InterBay2_443	1	1
rl_InterBay2_187_186	SMT	InterBay2	rn_InterBay2_187	rn_InterBay2_186	1	0
rl_InterBay2_188_187	SMT	InterBay2	rn_InterBay2_188	rn_InterBay2_187	1	0
rl_InterBay2_189_188	SMT	InterBay2	rn_InterBay2_189	rn_InterBay2_188	1	0
rl_InterBay2_18_17	SMT	InterBay2	rn_InterBay2_18	rn_InterBay2_17	1	0
rl_InterBay2_18_331	SMT	InterBay2	rn_InterBay2_18	rn_InterBay2_331	1	1
rl_InterBay2_190_189	SMT	InterBay2	rn_InterBay2_190	rn_InterBay2_189	1	0
rl_InterBay2_190_A17_1	SMT	InterBay2	rn_InterBay2_190	rn_A17_1	1	1
rl_InterBay2_191_190	SMT	InterBay2	rn_InterBay2_191	rn_InterBay2_190	1	0
rl_InterBay2_192_191	SMT	InterBay2	rn_InterBay2_192	rn_InterBay2_191	1	0
rl_InterBay2_193_192	SMT	InterBay2	rn_InterBay2_193	rn_InterBay2_192	1	0
rl_InterBay2_194_193	SMT	InterBay2	rn_InterBay2_194	rn_InterBay2_193	1	0
rl_InterBay2_194_449	SMT	InterBay2	rn_InterBay2_194	rn_InterBay2_449	1	1
rl_InterBay2_195_194	SMT	InterBay2	rn_InterBay2_195	rn_InterBay2_194	1	0
rl_InterBay2_196_195	SMT	InterBay2	rn_InterBay2_196	rn_InterBay2_195	1	0
rl_InterBay2_197_196	SMT	InterBay2	rn_InterBay2_197	rn_InterBay2_196	1	0
rl_InterBay2_198_197	SMT	InterBay2	rn_InterBay2_198	rn_InterBay2_197	1	0
rl_InterBay2_198_A16_1	SMT	InterBay2	rn_InterBay2_198	rn_A16_1	1	1
rl_InterBay2_199_198	SMT	InterBay2	rn_InterBay2_199	rn_InterBay2_198	1	0
rl_InterBay2_19_18	SMT	InterBay2	rn_InterBay2_19	rn_InterBay2_18	1	0
rl_InterBay2_1_320	SMT	InterBay2	rn_InterBay2_1	rn_InterBay2_320	1	0
rl_InterBay2_200_199	SMT	InterBay2	rn_InterBay2_200	rn_InterBay2_199	1	0
rl_InterBay2_201_200	SMT	InterBay2	rn_InterBay2_201	rn_InterBay2_200	1	0
rl_InterBay2_202_201	SMT	InterBay2	rn_InterBay2_202	rn_InterBay2_201	1	0
rl_InterBay2_202_454	SMT	InterBay2	rn_InterBay2_202	rn_InterBay2_454	1	1
rl_InterBay2_203_202	SMT	InterBay2	rn_InterBay2_203	rn_InterBay2_202	1	0
rl_InterBay2_204_203	SMT	InterBay2	rn_InterBay2_204	rn_InterBay2_203	1	0
rl_InterBay2_205_204	SMT	InterBay2	rn_InterBay2_205	rn_InterBay2_204	1	0
rl_InterBay2_206_205	SMT	InterBay2	rn_InterBay2_206	rn_InterBay2_205	1	0
rl_InterBay2_206_A15_1	SMT	InterBay2	rn_InterBay2_206	rn_A15_1	1	1
rl_InterBay2_207_206	SMT	InterBay2	rn_InterBay2_207	rn_InterBay2_206	1	0
rl_InterBay2_208_207	SMT	InterBay2	rn_InterBay2_208	rn_InterBay2_207	1	0
rl_InterBay2_209_208	SMT	InterBay2	rn_InterBay2_209	rn_InterBay2_208	1	0
rl_InterBay2_20_19	SMT	InterBay2	rn_InterBay2_20	rn_InterBay2_19	1	0
rl_InterBay2_210_209	SMT	InterBay2	rn_InterBay2_210	rn_InterBay2_209	1	0
rl_InterBay2_210_460	SMT	InterBay2	rn_InterBay2_210	rn_InterBay2_460	1	1
rl_InterBay2_211_210	SMT	InterBay2	rn_InterBay2_211	rn_InterBay2_210	1	0
rl_InterBay2_212_211	SMT	InterBay2	rn_InterBay2_212	rn_InterBay2_211	1	0
rl_InterBay2_213_212	SMT	InterBay2	rn_InterBay2_213	rn_InterBay2_212	1	0
rl_InterBay2_214_213	SMT	InterBay2	rn_InterBay2_214	rn_InterBay2_213	1	0
rl_InterBay2_214_A14_1	SMT	InterBay2	rn_InterBay2_214	rn_A14_1	1	1
rl_InterBay2_215_214	SMT	InterBay2	rn_InterBay2_215	rn_InterBay2_214	1	0
rl_InterBay2_216_215	SMT	InterBay2	rn_InterBay2_216	rn_InterBay2_215	1	0
rl_InterBay2_217_216	SMT	InterBay2	rn_InterBay2_217	rn_InterBay2_216	1	0
rl_InterBay2_218_217	SMT	InterBay2	rn_InterBay2_218	rn_InterBay2_217	1	0
rl_InterBay2_218_465	SMT	InterBay2	rn_InterBay2_218	rn_InterBay2_465	1	1
rl_InterBay2_219_218	SMT	InterBay2	rn_InterBay2_219	rn_InterBay2_218	1	0
rl_InterBay2_21_20	SMT	InterBay2	rn_InterBay2_21	rn_InterBay2_20	1	0
rl_InterBay2_220_219	SMT	InterBay2	rn_InterBay2_220	rn_InterBay2_219	1	0
rl_InterBay2_221_220	SMT	InterBay2	rn_InterBay2_221	rn_InterBay2_220	1	0
rl_InterBay2_222_221	SMT	InterBay2	rn_InterBay2_222	rn_InterBay2_221	1	0
rl_InterBay2_222_A13_1	SMT	InterBay2	rn_InterBay2_222	rn_A13_1	1	1
rl_InterBay2_223_222	SMT	InterBay2	rn_InterBay2_223	rn_InterBay2_222	1	0
rl_InterBay2_224_223	SMT	InterBay2	rn_InterBay2_224	rn_InterBay2_223	1	0
rl_InterBay2_225_224	SMT	InterBay2	rn_InterBay2_225	rn_InterBay2_224	1	0
rl_InterBay2_226_225	SMT	InterBay2	rn_InterBay2_226	rn_InterBay2_225	1	0
rl_InterBay2_226_471	SMT	InterBay2	rn_InterBay2_226	rn_InterBay2_471	1	1
rl_InterBay2_227_226	SMT	InterBay2	rn_InterBay2_227	rn_InterBay2_226	1	0
rl_InterBay2_228_227	SMT	InterBay2	rn_InterBay2_228	rn_InterBay2_227	1	0
rl_InterBay2_229_228	SMT	InterBay2	rn_InterBay2_229	rn_InterBay2_228	1	0
rl_InterBay2_22_21	SMT	InterBay2	rn_InterBay2_22	rn_InterBay2_21	1	0
rl_InterBay2_22_B3_15	SMT	InterBay2	rn_InterBay2_22	rn_B3_15	1	1
rl_InterBay2_230_229	SMT	InterBay2	rn_InterBay2_230	rn_InterBay2_229	1	0
rl_InterBay2_230_A12_1	SMT	InterBay2	rn_InterBay2_230	rn_A12_1	1	1
rl_InterBay2_231_230	SMT	InterBay2	rn_InterBay2_231	rn_InterBay2_230	1	0
rl_InterBay2_232_231	SMT	InterBay2	rn_InterBay2_232	rn_InterBay2_231	1	0
rl_InterBay2_233_232	SMT	InterBay2	rn_InterBay2_233	rn_InterBay2_232	1	0
rl_InterBay2_234_233	SMT	InterBay2	rn_InterBay2_234	rn_InterBay2_233	1	0
rl_InterBay2_234_476	SMT	InterBay2	rn_InterBay2_234	rn_InterBay2_476	1	1
rl_InterBay2_235_234	SMT	InterBay2	rn_InterBay2_235	rn_InterBay2_234	1	0
rl_InterBay2_236_235	SMT	InterBay2	rn_InterBay2_236	rn_InterBay2_235	1	0
rl_InterBay2_237_236	SMT	InterBay2	rn_InterBay2_237	rn_InterBay2_236	1	0
rl_InterBay2_238_237	SMT	InterBay2	rn_InterBay2_238	rn_InterBay2_237	1	0
rl_InterBay2_238_A11_1	SMT	InterBay2	rn_InterBay2_238	rn_A11_1	1	1
rl_InterBay2_239_238	SMT	InterBay2	rn_InterBay2_239	rn_InterBay2_238	1	0
rl_InterBay2_23_22	SMT	InterBay2	rn_InterBay2_23	rn_InterBay2_22	1	0
rl_InterBay2_240_239	SMT	InterBay2	rn_InterBay2_240	rn_InterBay2_239	1	0
rl_InterBay2_241_240	SMT	InterBay2	rn_InterBay2_241	rn_InterBay2_240	1	0
rl_InterBay2_242_241	SMT	InterBay2	rn_InterBay2_242	rn_InterBay2_241	1	0
rl_InterBay2_242_482	SMT	InterBay2	rn_InterBay2_242	rn_InterBay2_482	1	1
rl_InterBay2_243_242	SMT	InterBay2	rn_InterBay2_243	rn_InterBay2_242	1	0
rl_InterBay2_244_243	SMT	InterBay2	rn_InterBay2_244	rn_InterBay2_243	1	0
rl_InterBay2_245_244	SMT	InterBay2	rn_InterBay2_245	rn_InterBay2_244	1	0
rl_InterBay2_246_245	SMT	InterBay2	rn_InterBay2_246	rn_InterBay2_245	1	0
rl_InterBay2_246_A10_1	SMT	InterBay2	rn_InterBay2_246	rn_A10_1	1	1
rl_InterBay2_247_246	SMT	InterBay2	rn_InterBay2_247	rn_InterBay2_246	1	0
rl_InterBay2_248_247	SMT	InterBay2	rn_InterBay2_248	rn_InterBay2_247	1	0
rl_InterBay2_249_248	SMT	InterBay2	rn_InterBay2_249	rn_InterBay2_248	1	0
rl_InterBay2_24_23	SMT	InterBay2	rn_InterBay2_24	rn_InterBay2_23	1	0
rl_InterBay2_250_249	SMT	InterBay2	rn_InterBay2_250	rn_InterBay2_249	1	0
rl_InterBay2_250_487	SMT	InterBay2	rn_InterBay2_250	rn_InterBay2_487	1	1
rl_InterBay2_251_250	SMT	InterBay2	rn_InterBay2_251	rn_InterBay2_250	1	0
rl_InterBay2_252_251	SMT	InterBay2	rn_InterBay2_252	rn_InterBay2_251	1	0
rl_InterBay2_253_252	SMT	InterBay2	rn_InterBay2_253	rn_InterBay2_252	1	0
rl_InterBay2_254_253	SMT	InterBay2	rn_InterBay2_254	rn_InterBay2_253	1	0
rl_InterBay2_254_A9_1	SMT	InterBay2	rn_InterBay2_254	rn_A9_1	1	1
rl_InterBay2_255_254	SMT	InterBay2	rn_InterBay2_255	rn_InterBay2_254	1	0
rl_InterBay2_256_255	SMT	InterBay2	rn_InterBay2_256	rn_InterBay2_255	1	0
rl_InterBay2_257_256	SMT	InterBay2	rn_InterBay2_257	rn_InterBay2_256	1	0
rl_InterBay2_258_257	SMT	InterBay2	rn_InterBay2_258	rn_InterBay2_257	1	0
rl_InterBay2_258_493	SMT	InterBay2	rn_InterBay2_258	rn_InterBay2_493	1	1
rl_InterBay2_259_258	SMT	InterBay2	rn_InterBay2_259	rn_InterBay2_258	1	0
rl_InterBay2_25_24	SMT	InterBay2	rn_InterBay2_25	rn_InterBay2_24	1	0
rl_InterBay2_260_259	SMT	InterBay2	rn_InterBay2_260	rn_InterBay2_259	1	0
rl_InterBay2_261_260	SMT	InterBay2	rn_InterBay2_261	rn_InterBay2_260	1	0
rl_InterBay2_262_261	SMT	InterBay2	rn_InterBay2_262	rn_InterBay2_261	1	0
rl_InterBay2_262_A8_1	SMT	InterBay2	rn_InterBay2_262	rn_A8_1	1	1
rl_InterBay2_263_262	SMT	InterBay2	rn_InterBay2_263	rn_InterBay2_262	1	0
rl_InterBay2_264_263	SMT	InterBay2	rn_InterBay2_264	rn_InterBay2_263	1	0
rl_InterBay2_265_264	SMT	InterBay2	rn_InterBay2_265	rn_InterBay2_264	1	0
rl_InterBay2_266_265	SMT	InterBay2	rn_InterBay2_266	rn_InterBay2_265	1	0
rl_InterBay2_266_498	SMT	InterBay2	rn_InterBay2_266	rn_InterBay2_498	1	1
rl_InterBay2_267_266	SMT	InterBay2	rn_InterBay2_267	rn_InterBay2_266	1	0
rl_InterBay2_268_267	SMT	InterBay2	rn_InterBay2_268	rn_InterBay2_267	1	0
rl_InterBay2_269_268	SMT	InterBay2	rn_InterBay2_269	rn_InterBay2_268	1	0
rl_InterBay2_26_25	SMT	InterBay2	rn_InterBay2_26	rn_InterBay2_25	1	0
rl_InterBay2_26_336	SMT	InterBay2	rn_InterBay2_26	rn_InterBay2_336	1	1
rl_InterBay2_270_269	SMT	InterBay2	rn_InterBay2_270	rn_InterBay2_269	1	0
rl_InterBay2_270_A7_1	SMT	InterBay2	rn_InterBay2_270	rn_A7_1	1	1
rl_InterBay2_271_270	SMT	InterBay2	rn_InterBay2_271	rn_InterBay2_270	1	0
rl_InterBay2_272_271	SMT	InterBay2	rn_InterBay2_272	rn_InterBay2_271	1	0
rl_InterBay2_273_272	SMT	InterBay2	rn_InterBay2_273	rn_InterBay2_272	1	0
rl_InterBay2_274_273	SMT	InterBay2	rn_InterBay2_274	rn_InterBay2_273	1	0
rl_InterBay2_274_504	SMT	InterBay2	rn_InterBay2_274	rn_InterBay2_504	1	1
rl_InterBay2_275_274	SMT	InterBay2	rn_InterBay2_275	rn_InterBay2_274	1	0
rl_InterBay2_276_275	SMT	InterBay2	rn_InterBay2_276	rn_InterBay2_275	1	0
rl_InterBay2_277_276	SMT	InterBay2	rn_InterBay2_277	rn_InterBay2_276	1	0
rl_InterBay2_278_277	SMT	InterBay2	rn_InterBay2_278	rn_InterBay2_277	1	0
rl_InterBay2_278_A6_1	SMT	InterBay2	rn_InterBay2_278	rn_A6_1	1	1
rl_InterBay2_279_278	SMT	InterBay2	rn_InterBay2_279	rn_InterBay2_278	1	0
rl_InterBay2_27_26	SMT	InterBay2	rn_InterBay2_27	rn_InterBay2_26	1	0
rl_InterBay2_280_279	SMT	InterBay2	rn_InterBay2_280	rn_InterBay2_279	1	0
rl_InterBay2_281_280	SMT	InterBay2	rn_InterBay2_281	rn_InterBay2_280	1	0
rl_InterBay2_282_281	SMT	InterBay2	rn_InterBay2_282	rn_InterBay2_281	1	0
rl_InterBay2_282_509	SMT	InterBay2	rn_InterBay2_282	rn_InterBay2_509	1	1
rl_InterBay2_283_282	SMT	InterBay2	rn_InterBay2_283	rn_InterBay2_282	1	0
rl_InterBay2_284_283	SMT	InterBay2	rn_InterBay2_284	rn_InterBay2_283	1	0
rl_InterBay2_285_284	SMT	InterBay2	rn_InterBay2_285	rn_InterBay2_284	1	0
rl_InterBay2_286_285	SMT	InterBay2	rn_InterBay2_286	rn_InterBay2_285	1	0
rl_InterBay2_286_A5_1	SMT	InterBay2	rn_InterBay2_286	rn_A5_1	1	1
rl_InterBay2_287_286	SMT	InterBay2	rn_InterBay2_287	rn_InterBay2_286	1	0
rl_InterBay2_288_287	SMT	InterBay2	rn_InterBay2_288	rn_InterBay2_287	1	0
rl_InterBay2_289_288	SMT	InterBay2	rn_InterBay2_289	rn_InterBay2_288	1	0
rl_InterBay2_28_27	SMT	InterBay2	rn_InterBay2_28	rn_InterBay2_27	1	0
rl_InterBay2_290_289	SMT	InterBay2	rn_InterBay2_290	rn_InterBay2_289	1	0
rl_InterBay2_290_515	SMT	InterBay2	rn_InterBay2_290	rn_InterBay2_515	1	1
rl_InterBay2_291_290	SMT	InterBay2	rn_InterBay2_291	rn_InterBay2_290	1	0
rl_InterBay2_292_291	SMT	InterBay2	rn_InterBay2_292	rn_InterBay2_291	1	0
rl_InterBay2_293_292	SMT	InterBay2	rn_InterBay2_293	rn_InterBay2_292	1	0
rl_InterBay2_294_293	SMT	InterBay2	rn_InterBay2_294	rn_InterBay2_293	1	0
rl_InterBay2_294_A4_1	SMT	InterBay2	rn_InterBay2_294	rn_A4_1	1	1
rl_InterBay2_295_294	SMT	InterBay2	rn_InterBay2_295	rn_InterBay2_294	1	0
rl_InterBay2_296_295	SMT	InterBay2	rn_InterBay2_296	rn_InterBay2_295	1	0
rl_InterBay2_297_296	SMT	InterBay2	rn_InterBay2_297	rn_InterBay2_296	1	0
rl_InterBay2_298_297	SMT	InterBay2	rn_InterBay2_298	rn_InterBay2_297	1	0
rl_InterBay2_298_520	SMT	InterBay2	rn_InterBay2_298	rn_InterBay2_520	1	1
rl_InterBay2_299_298	SMT	InterBay2	rn_InterBay2_299	rn_InterBay2_298	1	0
rl_InterBay2_29_28	SMT	InterBay2	rn_InterBay2_29	rn_InterBay2_28	1	0
rl_InterBay2_2_1	SMT	InterBay2	rn_InterBay2_2	rn_InterBay2_1	1	1
rl_InterBay2_300_299	SMT	InterBay2	rn_InterBay2_300	rn_InterBay2_299	1	0
rl_InterBay2_301_300	SMT	InterBay2	rn_InterBay2_301	rn_InterBay2_300	1	0
rl_InterBay2_302_301	SMT	InterBay2	rn_InterBay2_302	rn_InterBay2_301	1	0
rl_InterBay2_302_A3_1	SMT	InterBay2	rn_InterBay2_302	rn_A3_1	1	1
rl_InterBay2_303_302	SMT	InterBay2	rn_InterBay2_303	rn_InterBay2_302	1	0
rl_InterBay2_304_303	SMT	InterBay2	rn_InterBay2_304	rn_InterBay2_303	1	0
rl_InterBay2_305_304	SMT	InterBay2	rn_InterBay2_305	rn_InterBay2_304	1	0
rl_InterBay2_306_305	SMT	InterBay2	rn_InterBay2_306	rn_InterBay2_305	1	0
rl_InterBay2_306_526	SMT	InterBay2	rn_InterBay2_306	rn_InterBay2_526	1	1
rl_InterBay2_307_306	SMT	InterBay2	rn_InterBay2_307	rn_InterBay2_306	1	0
rl_InterBay2_308_307	SMT	InterBay2	rn_InterBay2_308	rn_InterBay2_307	1	0
rl_InterBay2_309_308	SMT	InterBay2	rn_InterBay2_309	rn_InterBay2_308	1	0
rl_InterBay2_30_29	SMT	InterBay2	rn_InterBay2_30	rn_InterBay2_29	1	0
rl_InterBay2_30_B4_15	SMT	InterBay2	rn_InterBay2_30	rn_B4_15	1	1
rl_InterBay2_310_309	SMT	InterBay2	rn_InterBay2_310	rn_InterBay2_309	1	0
rl_InterBay2_310_A2_1	SMT	InterBay2	rn_InterBay2_310	rn_A2_1	1	1
rl_InterBay2_311_310	SMT	InterBay2	rn_InterBay2_311	rn_InterBay2_310	1	0
rl_InterBay2_312_311	SMT	InterBay2	rn_InterBay2_312	rn_InterBay2_311	1	0
rl_InterBay2_313_312	SMT	InterBay2	rn_InterBay2_313	rn_InterBay2_312	1	0
rl_InterBay2_314_313	SMT	InterBay2	rn_InterBay2_314	rn_InterBay2_313	1	0
rl_InterBay2_314_531	SMT	InterBay2	rn_InterBay2_314	rn_InterBay2_531	1	1
rl_InterBay2_315_314	SMT	InterBay2	rn_InterBay2_315	rn_InterBay2_314	1	0
rl_InterBay2_316_315	SMT	InterBay2	rn_InterBay2_316	rn_InterBay2_315	1	0
rl_InterBay2_317_316	SMT	InterBay2	rn_InterBay2_317	rn_InterBay2_316	1	0
rl_InterBay2_318_317	SMT	InterBay2	rn_InterBay2_318	rn_InterBay2_317	1	0
rl_InterBay2_318_A1_1	SMT	InterBay2	rn_InterBay2_318	rn_A1_1	1	1
rl_InterBay2_319_318	SMT	InterBay2	rn_InterBay2_319	rn_InterBay2_318	1	0
rl_InterBay2_31_30	SMT	InterBay2	rn_InterBay2_31	rn_InterBay2_30	1	0
rl_InterBay2_320_319	SMT	InterBay2	rn_InterBay2_320	rn_InterBay2_319	1	1
rl_InterBay2_321_534	SMT	InterBay2	rn_InterBay2_321	rn_InterBay2_534	1	0
rl_InterBay2_322_321	SMT	InterBay2	rn_InterBay2_322	rn_InterBay2_321	1	1
rl_InterBay2_323_322	SMT	InterBay2	rn_InterBay2_323	rn_InterBay2_322	1	0
rl_InterBay2_324_323	SMT	InterBay2	rn_InterBay2_324	rn_InterBay2_323	1	0
rl_InterBay2_324_7	SMT	InterBay2	rn_InterBay2_324	rn_InterBay2_7	1	1
rl_InterBay2_325_324	SMT	InterBay2	rn_InterBay2_325	rn_InterBay2_324	1	0
rl_InterBay2_326_325	SMT	InterBay2	rn_InterBay2_326	rn_InterBay2_325	1	0
rl_InterBay2_327_326	SMT	InterBay2	rn_InterBay2_327	rn_InterBay2_326	1	0
rl_InterBay2_328_327	SMT	InterBay2	rn_InterBay2_328	rn_InterBay2_327	1	0
rl_InterBay2_329_328	SMT	InterBay2	rn_InterBay2_329	rn_InterBay2_328	1	0
rl_InterBay2_32_31	SMT	InterBay2	rn_InterBay2_32	rn_InterBay2_31	1	0
rl_InterBay2_330_15	SMT	InterBay2	rn_InterBay2_330	rn_InterBay2_15	1	1
rl_InterBay2_330_329	SMT	InterBay2	rn_InterBay2_330	rn_InterBay2_329	1	0
rl_InterBay2_331_330	SMT	InterBay2	rn_InterBay2_331	rn_InterBay2_330	1	0
rl_InterBay2_332_331	SMT	InterBay2	rn_InterBay2_332	rn_InterBay2_331	1	0
rl_InterBay2_333_332	SMT	InterBay2	rn_InterBay2_333	rn_InterBay2_332	1	0
rl_InterBay2_333_537	SMT	InterBay2	rn_InterBay2_333	rn_InterBay2_537	1	1
rl_InterBay2_334_333	SMT	InterBay2	rn_InterBay2_334	rn_InterBay2_333	1	0
rl_InterBay2_335_23	SMT	InterBay2	rn_InterBay2_335	rn_InterBay2_23	1	1
rl_InterBay2_335_334	SMT	InterBay2	rn_InterBay2_335	rn_InterBay2_334	1	0
rl_InterBay2_336_335	SMT	InterBay2	rn_InterBay2_336	rn_InterBay2_335	1	0
rl_InterBay2_337_336	SMT	InterBay2	rn_InterBay2_337	rn_InterBay2_336	1	0
rl_InterBay2_338_337	SMT	InterBay2	rn_InterBay2_338	rn_InterBay2_337	1	0
rl_InterBay2_339_338	SMT	InterBay2	rn_InterBay2_339	rn_InterBay2_338	1	0
rl_InterBay2_33_32	SMT	InterBay2	rn_InterBay2_33	rn_InterBay2_32	1	0
rl_InterBay2_340_339	SMT	InterBay2	rn_InterBay2_340	rn_InterBay2_339	1	0
rl_InterBay2_341_31	SMT	InterBay2	rn_InterBay2_341	rn_InterBay2_31	1	1
rl_InterBay2_341_340	SMT	InterBay2	rn_InterBay2_341	rn_InterBay2_340	1	0
rl_InterBay2_342_341	SMT	InterBay2	rn_InterBay2_342	rn_InterBay2_341	1	0
rl_InterBay2_343_342	SMT	InterBay2	rn_InterBay2_343	rn_InterBay2_342	1	0
rl_InterBay2_344_343	SMT	InterBay2	rn_InterBay2_344	rn_InterBay2_343	1	0
rl_InterBay2_344_541	SMT	InterBay2	rn_InterBay2_344	rn_InterBay2_541	1	1
rl_InterBay2_345_344	SMT	InterBay2	rn_InterBay2_345	rn_InterBay2_344	1	0
rl_InterBay2_346_345	SMT	InterBay2	rn_InterBay2_346	rn_InterBay2_345	1	0
rl_InterBay2_346_39	SMT	InterBay2	rn_InterBay2_346	rn_InterBay2_39	1	1
rl_InterBay2_347_346	SMT	InterBay2	rn_InterBay2_347	rn_InterBay2_346	1	0
rl_InterBay2_348_347	SMT	InterBay2	rn_InterBay2_348	rn_InterBay2_347	1	0
rl_InterBay2_349_348	SMT	InterBay2	rn_InterBay2_349	rn_InterBay2_348	1	0
rl_InterBay2_34_33	SMT	InterBay2	rn_InterBay2_34	rn_InterBay2_33	1	0
rl_InterBay2_34_342	SMT	InterBay2	rn_InterBay2_34	rn_InterBay2_342	1	1
rl_InterBay2_350_349	SMT	InterBay2	rn_InterBay2_350	rn_InterBay2_349	1	0
rl_InterBay2_351_350	SMT	InterBay2	rn_InterBay2_351	rn_InterBay2_350	1	0
rl_InterBay2_352_351	SMT	InterBay2	rn_InterBay2_352	rn_InterBay2_351	1	0
rl_InterBay2_352_47	SMT	InterBay2	rn_InterBay2_352	rn_InterBay2_47	1	1
rl_InterBay2_353_352	SMT	InterBay2	rn_InterBay2_353	rn_InterBay2_352	1	0
rl_InterBay2_354_353	SMT	InterBay2	rn_InterBay2_354	rn_InterBay2_353	1	0
rl_InterBay2_355_354	SMT	InterBay2	rn_InterBay2_355	rn_InterBay2_354	1	0
rl_InterBay2_355_545	SMT	InterBay2	rn_InterBay2_355	rn_InterBay2_545	1	1
rl_InterBay2_356_355	SMT	InterBay2	rn_InterBay2_356	rn_InterBay2_355	1	0
rl_InterBay2_357_356	SMT	InterBay2	rn_InterBay2_357	rn_InterBay2_356	1	0
rl_InterBay2_357_55	SMT	InterBay2	rn_InterBay2_357	rn_InterBay2_55	1	1
rl_InterBay2_358_357	SMT	InterBay2	rn_InterBay2_358	rn_InterBay2_357	1	0
rl_InterBay2_359_358	SMT	InterBay2	rn_InterBay2_359	rn_InterBay2_358	1	0
rl_InterBay2_35_34	SMT	InterBay2	rn_InterBay2_35	rn_InterBay2_34	1	0
rl_InterBay2_360_359	SMT	InterBay2	rn_InterBay2_360	rn_InterBay2_359	1	0
rl_InterBay2_361_360	SMT	InterBay2	rn_InterBay2_361	rn_InterBay2_360	1	0
rl_InterBay2_362_361	SMT	InterBay2	rn_InterBay2_362	rn_InterBay2_361	1	0
rl_InterBay2_363_362	SMT	InterBay2	rn_InterBay2_363	rn_InterBay2_362	1	0
rl_InterBay2_363_63	SMT	InterBay2	rn_InterBay2_363	rn_InterBay2_63	1	1
rl_InterBay2_364_363	SMT	InterBay2	rn_InterBay2_364	rn_InterBay2_363	1	0
rl_InterBay2_365_364	SMT	InterBay2	rn_InterBay2_365	rn_InterBay2_364	1	0
rl_InterBay2_366_365	SMT	InterBay2	rn_InterBay2_366	rn_InterBay2_365	1	0
rl_InterBay2_366_549	SMT	InterBay2	rn_InterBay2_366	rn_InterBay2_549	1	1
rl_InterBay2_367_366	SMT	InterBay2	rn_InterBay2_367	rn_InterBay2_366	1	0
rl_InterBay2_368_367	SMT	InterBay2	rn_InterBay2_368	rn_InterBay2_367	1	0
rl_InterBay2_368_71	SMT	InterBay2	rn_InterBay2_368	rn_InterBay2_71	1	1
rl_InterBay2_369_368	SMT	InterBay2	rn_InterBay2_369	rn_InterBay2_368	1	0
rl_InterBay2_36_35	SMT	InterBay2	rn_InterBay2_36	rn_InterBay2_35	1	0
rl_InterBay2_370_369	SMT	InterBay2	rn_InterBay2_370	rn_InterBay2_369	1	0
rl_InterBay2_371_370	SMT	InterBay2	rn_InterBay2_371	rn_InterBay2_370	1	0
rl_InterBay2_372_371	SMT	InterBay2	rn_InterBay2_372	rn_InterBay2_371	1	0
rl_InterBay2_373_372	SMT	InterBay2	rn_InterBay2_373	rn_InterBay2_372	1	0
rl_InterBay2_374_373	SMT	InterBay2	rn_InterBay2_374	rn_InterBay2_373	1	0
rl_InterBay2_374_79	SMT	InterBay2	rn_InterBay2_374	rn_InterBay2_79	1	1
rl_InterBay2_375_374	SMT	InterBay2	rn_InterBay2_375	rn_InterBay2_374	1	0
rl_InterBay2_376_375	SMT	InterBay2	rn_InterBay2_376	rn_InterBay2_375	1	0
rl_InterBay2_377_376	SMT	InterBay2	rn_InterBay2_377	rn_InterBay2_376	1	0
rl_InterBay2_377_553	SMT	InterBay2	rn_InterBay2_377	rn_InterBay2_553	1	1
rl_InterBay2_378_377	SMT	InterBay2	rn_InterBay2_378	rn_InterBay2_377	1	0
rl_InterBay2_379_378	SMT	InterBay2	rn_InterBay2_379	rn_InterBay2_378	1	0
rl_InterBay2_379_87	SMT	InterBay2	rn_InterBay2_379	rn_InterBay2_87	1	1
rl_InterBay2_37_36	SMT	InterBay2	rn_InterBay2_37	rn_InterBay2_36	1	0
rl_InterBay2_380_379	SMT	InterBay2	rn_InterBay2_380	rn_InterBay2_379	1	0
rl_InterBay2_381_380	SMT	InterBay2	rn_InterBay2_381	rn_InterBay2_380	1	0
rl_InterBay2_382_381	SMT	InterBay2	rn_InterBay2_382	rn_InterBay2_381	1	0
rl_InterBay2_383_382	SMT	InterBay2	rn_InterBay2_383	rn_InterBay2_382	1	0
rl_InterBay2_384_383	SMT	InterBay2	rn_InterBay2_384	rn_InterBay2_383	1	0
rl_InterBay2_385_384	SMT	InterBay2	rn_InterBay2_385	rn_InterBay2_384	1	0
rl_InterBay2_385_95	SMT	InterBay2	rn_InterBay2_385	rn_InterBay2_95	1	1
rl_InterBay2_386_385	SMT	InterBay2	rn_InterBay2_386	rn_InterBay2_385	1	0
rl_InterBay2_387_386	SMT	InterBay2	rn_InterBay2_387	rn_InterBay2_386	1	0
rl_InterBay2_388_387	SMT	InterBay2	rn_InterBay2_388	rn_InterBay2_387	1	0
rl_InterBay2_388_557	SMT	InterBay2	rn_InterBay2_388	rn_InterBay2_557	1	1
rl_InterBay2_389_388	SMT	InterBay2	rn_InterBay2_389	rn_InterBay2_388	1	0
rl_InterBay2_38_37	SMT	InterBay2	rn_InterBay2_38	rn_InterBay2_37	1	0
rl_InterBay2_38_B5_15	SMT	InterBay2	rn_InterBay2_38	rn_B5_15	1	1
rl_InterBay2_390_103	SMT	InterBay2	rn_InterBay2_390	rn_InterBay2_103	1	1
rl_InterBay2_390_389	SMT	InterBay2	rn_InterBay2_390	rn_InterBay2_389	1	0
rl_InterBay2_391_390	SMT	InterBay2	rn_InterBay2_391	rn_InterBay2_390	1	0
rl_InterBay2_392_391	SMT	InterBay2	rn_InterBay2_392	rn_InterBay2_391	1	0
rl_InterBay2_393_392	SMT	InterBay2	rn_InterBay2_393	rn_InterBay2_392	1	0
rl_InterBay2_394_393	SMT	InterBay2	rn_InterBay2_394	rn_InterBay2_393	1	0
rl_InterBay2_395_394	SMT	InterBay2	rn_InterBay2_395	rn_InterBay2_394	1	0
rl_InterBay2_396_111	SMT	InterBay2	rn_InterBay2_396	rn_InterBay2_111	1	1
rl_InterBay2_396_395	SMT	InterBay2	rn_InterBay2_396	rn_InterBay2_395	1	0
rl_InterBay2_397_396	SMT	InterBay2	rn_InterBay2_397	rn_InterBay2_396	1	0
rl_InterBay2_398_397	SMT	InterBay2	rn_InterBay2_398	rn_InterBay2_397	1	0
rl_InterBay2_399_398	SMT	InterBay2	rn_InterBay2_399	rn_InterBay2_398	1	0
rl_InterBay2_399_561	SMT	InterBay2	rn_InterBay2_399	rn_InterBay2_561	1	1
rl_InterBay2_39_38	SMT	InterBay2	rn_InterBay2_39	rn_InterBay2_38	1	0
rl_InterBay2_3_2	SMT	InterBay2	rn_InterBay2_3	rn_InterBay2_2	1	0
rl_InterBay2_400_399	SMT	InterBay2	rn_InterBay2_400	rn_InterBay2_399	1	0
rl_InterBay2_401_119	SMT	InterBay2	rn_InterBay2_401	rn_InterBay2_119	1	1
rl_InterBay2_401_400	SMT	InterBay2	rn_InterBay2_401	rn_InterBay2_400	1	0
rl_InterBay2_402_401	SMT	InterBay2	rn_InterBay2_402	rn_InterBay2_401	1	0
rl_InterBay2_403_402	SMT	InterBay2	rn_InterBay2_403	rn_InterBay2_402	1	0
rl_InterBay2_404_403	SMT	InterBay2	rn_InterBay2_404	rn_InterBay2_403	1	0
rl_InterBay2_405_404	SMT	InterBay2	rn_InterBay2_405	rn_InterBay2_404	1	0
rl_InterBay2_406_405	SMT	InterBay2	rn_InterBay2_406	rn_InterBay2_405	1	0
rl_InterBay2_407_127	SMT	InterBay2	rn_InterBay2_407	rn_InterBay2_127	1	1
rl_InterBay2_407_406	SMT	InterBay2	rn_InterBay2_407	rn_InterBay2_406	1	0
rl_InterBay2_408_407	SMT	InterBay2	rn_InterBay2_408	rn_InterBay2_407	1	0
rl_InterBay2_409_408	SMT	InterBay2	rn_InterBay2_409	rn_InterBay2_408	1	0
rl_InterBay2_40_39	SMT	InterBay2	rn_InterBay2_40	rn_InterBay2_39	1	0
rl_InterBay2_410_409	SMT	InterBay2	rn_InterBay2_410	rn_InterBay2_409	1	0
rl_InterBay2_410_565	SMT	InterBay2	rn_InterBay2_410	rn_InterBay2_565	1	1
rl_InterBay2_411_410	SMT	InterBay2	rn_InterBay2_411	rn_InterBay2_410	1	0
rl_InterBay2_412_135	SMT	InterBay2	rn_InterBay2_412	rn_InterBay2_135	1	1
rl_InterBay2_412_411	SMT	InterBay2	rn_InterBay2_412	rn_InterBay2_411	1	0
rl_InterBay2_413_412	SMT	InterBay2	rn_InterBay2_413	rn_InterBay2_412	1	0
rl_InterBay2_414_413	SMT	InterBay2	rn_InterBay2_414	rn_InterBay2_413	1	0
rl_InterBay2_415_414	SMT	InterBay2	rn_InterBay2_415	rn_InterBay2_414	1	0
rl_InterBay2_416_415	SMT	InterBay2	rn_InterBay2_416	rn_InterBay2_415	1	0
rl_InterBay2_417_416	SMT	InterBay2	rn_InterBay2_417	rn_InterBay2_416	1	0
rl_InterBay2_418_143	SMT	InterBay2	rn_InterBay2_418	rn_InterBay2_143	1	1
rl_InterBay2_418_417	SMT	InterBay2	rn_InterBay2_418	rn_InterBay2_417	1	0
rl_InterBay2_419_418	SMT	InterBay2	rn_InterBay2_419	rn_InterBay2_418	1	0
rl_InterBay2_41_40	SMT	InterBay2	rn_InterBay2_41	rn_InterBay2_40	1	0
rl_InterBay2_420_419	SMT	InterBay2	rn_InterBay2_420	rn_InterBay2_419	1	0
rl_InterBay2_421_420	SMT	InterBay2	rn_InterBay2_421	rn_InterBay2_420	1	0
rl_InterBay2_421_569	SMT	InterBay2	rn_InterBay2_421	rn_InterBay2_569	1	1
rl_InterBay2_422_421	SMT	InterBay2	rn_InterBay2_422	rn_InterBay2_421	1	0
rl_InterBay2_423_151	SMT	InterBay2	rn_InterBay2_423	rn_InterBay2_151	1	1
rl_InterBay2_423_422	SMT	InterBay2	rn_InterBay2_423	rn_InterBay2_422	1	0
rl_InterBay2_424_423	SMT	InterBay2	rn_InterBay2_424	rn_InterBay2_423	1	0
rl_InterBay2_425_424	SMT	InterBay2	rn_InterBay2_425	rn_InterBay2_424	1	0
rl_InterBay2_426_425	SMT	InterBay2	rn_InterBay2_426	rn_InterBay2_425	1	0
rl_InterBay2_427_426	SMT	InterBay2	rn_InterBay2_427	rn_InterBay2_426	1	1
rl_InterBay2_428_427	SMT	InterBay2	rn_InterBay2_428	rn_InterBay2_427	1	0
rl_InterBay2_429_428	SMT	InterBay2	rn_InterBay2_429	rn_InterBay2_428	1	1
rl_InterBay2_42_347	SMT	InterBay2	rn_InterBay2_42	rn_InterBay2_347	1	1
rl_InterBay2_42_41	SMT	InterBay2	rn_InterBay2_42	rn_InterBay2_41	1	0
rl_InterBay2_430_429	SMT	InterBay2	rn_InterBay2_430	rn_InterBay2_429	1	0
rl_InterBay2_431_167	SMT	InterBay2	rn_InterBay2_431	rn_InterBay2_167	1	1
rl_InterBay2_431_430	SMT	InterBay2	rn_InterBay2_431	rn_InterBay2_430	1	0
rl_InterBay2_432_431	SMT	InterBay2	rn_InterBay2_432	rn_InterBay2_431	1	0
rl_InterBay2_433_432	SMT	InterBay2	rn_InterBay2_433	rn_InterBay2_432	1	0
rl_InterBay2_434_433	SMT	InterBay2	rn_InterBay2_434	rn_InterBay2_433	1	0
rl_InterBay2_435_434	SMT	InterBay2	rn_InterBay2_435	rn_InterBay2_434	1	0
rl_InterBay2_436_435	SMT	InterBay2	rn_InterBay2_436	rn_InterBay2_435	1	0
rl_InterBay2_437_175	SMT	InterBay2	rn_InterBay2_437	rn_InterBay2_175	1	1
rl_InterBay2_437_436	SMT	InterBay2	rn_InterBay2_437	rn_InterBay2_436	1	0
rl_InterBay2_438_437	SMT	InterBay2	rn_InterBay2_438	rn_InterBay2_437	1	0
rl_InterBay2_439_438	SMT	InterBay2	rn_InterBay2_439	rn_InterBay2_438	1	0
rl_InterBay2_43_42	SMT	InterBay2	rn_InterBay2_43	rn_InterBay2_42	1	0
rl_InterBay2_440_439	SMT	InterBay2	rn_InterBay2_440	rn_InterBay2_439	1	0
rl_InterBay2_440_567	SMT	InterBay2	rn_InterBay2_440	rn_InterBay2_567	1	1
rl_InterBay2_441_440	SMT	InterBay2	rn_InterBay2_441	rn_InterBay2_440	1	0
rl_InterBay2_442_183	SMT	InterBay2	rn_InterBay2_442	rn_InterBay2_183	1	1
rl_InterBay2_442_441	SMT	InterBay2	rn_InterBay2_442	rn_InterBay2_441	1	0
rl_InterBay2_443_442	SMT	InterBay2	rn_InterBay2_443	rn_InterBay2_442	1	0
rl_InterBay2_444_443	SMT	InterBay2	rn_InterBay2_444	rn_InterBay2_443	1	0
rl_InterBay2_445_444	SMT	InterBay2	rn_InterBay2_445	rn_InterBay2_444	1	0
rl_InterBay2_446_445	SMT	InterBay2	rn_InterBay2_446	rn_InterBay2_445	1	0
rl_InterBay2_447_446	SMT	InterBay2	rn_InterBay2_447	rn_InterBay2_446	1	0
rl_InterBay2_448_191	SMT	InterBay2	rn_InterBay2_448	rn_InterBay2_191	1	1
rl_InterBay2_448_447	SMT	InterBay2	rn_InterBay2_448	rn_InterBay2_447	1	0
rl_InterBay2_449_448	SMT	InterBay2	rn_InterBay2_449	rn_InterBay2_448	1	0
rl_InterBay2_44_43	SMT	InterBay2	rn_InterBay2_44	rn_InterBay2_43	1	0
rl_InterBay2_450_449	SMT	InterBay2	rn_InterBay2_450	rn_InterBay2_449	1	0
rl_InterBay2_451_450	SMT	InterBay2	rn_InterBay2_451	rn_InterBay2_450	1	0
rl_InterBay2_451_563	SMT	InterBay2	rn_InterBay2_451	rn_InterBay2_563	1	1
rl_InterBay2_452_451	SMT	InterBay2	rn_InterBay2_452	rn_InterBay2_451	1	0
rl_InterBay2_453_199	SMT	InterBay2	rn_InterBay2_453	rn_InterBay2_199	1	1
rl_InterBay2_453_452	SMT	InterBay2	rn_InterBay2_453	rn_InterBay2_452	1	0
rl_InterBay2_454_453	SMT	InterBay2	rn_InterBay2_454	rn_InterBay2_453	1	0
rl_InterBay2_455_454	SMT	InterBay2	rn_InterBay2_455	rn_InterBay2_454	1	0
rl_InterBay2_456_455	SMT	InterBay2	rn_InterBay2_456	rn_InterBay2_455	1	0
rl_InterBay2_457_456	SMT	InterBay2	rn_InterBay2_457	rn_InterBay2_456	1	0
rl_InterBay2_458_457	SMT	InterBay2	rn_InterBay2_458	rn_InterBay2_457	1	0
rl_InterBay2_459_207	SMT	InterBay2	rn_InterBay2_459	rn_InterBay2_207	1	1
rl_InterBay2_459_458	SMT	InterBay2	rn_InterBay2_459	rn_InterBay2_458	1	0
rl_InterBay2_45_44	SMT	InterBay2	rn_InterBay2_45	rn_InterBay2_44	1	0
rl_InterBay2_460_459	SMT	InterBay2	rn_InterBay2_460	rn_InterBay2_459	1	0
rl_InterBay2_461_460	SMT	InterBay2	rn_InterBay2_461	rn_InterBay2_460	1	0
rl_InterBay2_462_461	SMT	InterBay2	rn_InterBay2_462	rn_InterBay2_461	1	0
rl_InterBay2_462_559	SMT	InterBay2	rn_InterBay2_462	rn_InterBay2_559	1	1
rl_InterBay2_463_462	SMT	InterBay2	rn_InterBay2_463	rn_InterBay2_462	1	0
rl_InterBay2_464_215	SMT	InterBay2	rn_InterBay2_464	rn_InterBay2_215	1	1
rl_InterBay2_464_463	SMT	InterBay2	rn_InterBay2_464	rn_InterBay2_463	1	0
rl_InterBay2_465_464	SMT	InterBay2	rn_InterBay2_465	rn_InterBay2_464	1	0
rl_InterBay2_466_465	SMT	InterBay2	rn_InterBay2_466	rn_InterBay2_465	1	0
rl_InterBay2_467_466	SMT	InterBay2	rn_InterBay2_467	rn_InterBay2_466	1	0
rl_InterBay2_468_467	SMT	InterBay2	rn_InterBay2_468	rn_InterBay2_467	1	0
rl_InterBay2_469_468	SMT	InterBay2	rn_InterBay2_469	rn_InterBay2_468	1	0
rl_InterBay2_46_45	SMT	InterBay2	rn_InterBay2_46	rn_InterBay2_45	1	0
rl_InterBay2_46_B6_15	SMT	InterBay2	rn_InterBay2_46	rn_B6_15	1	1
rl_InterBay2_470_223	SMT	InterBay2	rn_InterBay2_470	rn_InterBay2_223	1	1
rl_InterBay2_470_469	SMT	InterBay2	rn_InterBay2_470	rn_InterBay2_469	1	0
rl_InterBay2_471_470	SMT	InterBay2	rn_InterBay2_471	rn_InterBay2_470	1	0
rl_InterBay2_472_471	SMT	InterBay2	rn_InterBay2_472	rn_InterBay2_471	1	0
rl_InterBay2_473_472	SMT	InterBay2	rn_InterBay2_473	rn_InterBay2_472	1	0
rl_InterBay2_473_555	SMT	InterBay2	rn_InterBay2_473	rn_InterBay2_555	1	1
rl_InterBay2_474_473	SMT	InterBay2	rn_InterBay2_474	rn_InterBay2_473	1	0
rl_InterBay2_475_231	SMT	InterBay2	rn_InterBay2_475	rn_InterBay2_231	1	1
rl_InterBay2_475_474	SMT	InterBay2	rn_InterBay2_475	rn_InterBay2_474	1	0
rl_InterBay2_476_475	SMT	InterBay2	rn_InterBay2_476	rn_InterBay2_475	1	0
rl_InterBay2_477_476	SMT	InterBay2	rn_InterBay2_477	rn_InterBay2_476	1	0
rl_InterBay2_478_477	SMT	InterBay2	rn_InterBay2_478	rn_InterBay2_477	1	0
rl_InterBay2_479_478	SMT	InterBay2	rn_InterBay2_479	rn_InterBay2_478	1	0
rl_InterBay2_47_46	SMT	InterBay2	rn_InterBay2_47	rn_InterBay2_46	1	0
rl_InterBay2_480_479	SMT	InterBay2	rn_InterBay2_480	rn_InterBay2_479	1	0
rl_InterBay2_481_239	SMT	InterBay2	rn_InterBay2_481	rn_InterBay2_239	1	1
rl_InterBay2_481_480	SMT	InterBay2	rn_InterBay2_481	rn_InterBay2_480	1	0
rl_InterBay2_482_481	SMT	InterBay2	rn_InterBay2_482	rn_InterBay2_481	1	0
rl_InterBay2_483_482	SMT	InterBay2	rn_InterBay2_483	rn_InterBay2_482	1	0
rl_InterBay2_484_483	SMT	InterBay2	rn_InterBay2_484	rn_InterBay2_483	1	0
rl_InterBay2_484_551	SMT	InterBay2	rn_InterBay2_484	rn_InterBay2_551	1	1
rl_InterBay2_485_484	SMT	InterBay2	rn_InterBay2_485	rn_InterBay2_484	1	0
rl_InterBay2_486_247	SMT	InterBay2	rn_InterBay2_486	rn_InterBay2_247	1	1
rl_InterBay2_486_485	SMT	InterBay2	rn_InterBay2_486	rn_InterBay2_485	1	0
rl_InterBay2_487_486	SMT	InterBay2	rn_InterBay2_487	rn_InterBay2_486	1	0
rl_InterBay2_488_487	SMT	InterBay2	rn_InterBay2_488	rn_InterBay2_487	1	0
rl_InterBay2_489_488	SMT	InterBay2	rn_InterBay2_489	rn_InterBay2_488	1	0
rl_InterBay2_48_47	SMT	InterBay2	rn_InterBay2_48	rn_InterBay2_47	1	0
rl_InterBay2_490_489	SMT	InterBay2	rn_InterBay2_490	rn_InterBay2_489	1	0
rl_InterBay2_491_490	SMT	InterBay2	rn_InterBay2_491	rn_InterBay2_490	1	0
rl_InterBay2_492_255	SMT	InterBay2	rn_InterBay2_492	rn_InterBay2_255	1	1
rl_InterBay2_492_491	SMT	InterBay2	rn_InterBay2_492	rn_InterBay2_491	1	0
rl_InterBay2_493_492	SMT	InterBay2	rn_InterBay2_493	rn_InterBay2_492	1	0
rl_InterBay2_494_493	SMT	InterBay2	rn_InterBay2_494	rn_InterBay2_493	1	0
rl_InterBay2_495_494	SMT	InterBay2	rn_InterBay2_495	rn_InterBay2_494	1	0
rl_InterBay2_495_547	SMT	InterBay2	rn_InterBay2_495	rn_InterBay2_547	1	1
rl_InterBay2_496_495	SMT	InterBay2	rn_InterBay2_496	rn_InterBay2_495	1	0
rl_InterBay2_497_263	SMT	InterBay2	rn_InterBay2_497	rn_InterBay2_263	1	1
rl_InterBay2_497_496	SMT	InterBay2	rn_InterBay2_497	rn_InterBay2_496	1	0
rl_InterBay2_498_497	SMT	InterBay2	rn_InterBay2_498	rn_InterBay2_497	1	0
rl_InterBay2_499_498	SMT	InterBay2	rn_InterBay2_499	rn_InterBay2_498	1	0
rl_InterBay2_49_48	SMT	InterBay2	rn_InterBay2_49	rn_InterBay2_48	1	0
rl_InterBay2_4_3	SMT	InterBay2	rn_InterBay2_4	rn_InterBay2_3	1	0
rl_InterBay2_500_499	SMT	InterBay2	rn_InterBay2_500	rn_InterBay2_499	1	0
rl_InterBay2_501_500	SMT	InterBay2	rn_InterBay2_501	rn_InterBay2_500	1	0
rl_InterBay2_502_501	SMT	InterBay2	rn_InterBay2_502	rn_InterBay2_501	1	0
rl_InterBay2_503_271	SMT	InterBay2	rn_InterBay2_503	rn_InterBay2_271	1	1
rl_InterBay2_503_502	SMT	InterBay2	rn_InterBay2_503	rn_InterBay2_502	1	0
rl_InterBay2_504_503	SMT	InterBay2	rn_InterBay2_504	rn_InterBay2_503	1	0
rl_InterBay2_505_504	SMT	InterBay2	rn_InterBay2_505	rn_InterBay2_504	1	0
rl_InterBay2_506_505	SMT	InterBay2	rn_InterBay2_506	rn_InterBay2_505	1	0
rl_InterBay2_506_543	SMT	InterBay2	rn_InterBay2_506	rn_InterBay2_543	1	1
rl_InterBay2_507_506	SMT	InterBay2	rn_InterBay2_507	rn_InterBay2_506	1	0
rl_InterBay2_508_279	SMT	InterBay2	rn_InterBay2_508	rn_InterBay2_279	1	1
rl_InterBay2_508_507	SMT	InterBay2	rn_InterBay2_508	rn_InterBay2_507	1	0
rl_InterBay2_509_508	SMT	InterBay2	rn_InterBay2_509	rn_InterBay2_508	1	0
rl_InterBay2_50_353	SMT	InterBay2	rn_InterBay2_50	rn_InterBay2_353	1	1
rl_InterBay2_50_49	SMT	InterBay2	rn_InterBay2_50	rn_InterBay2_49	1	0
rl_InterBay2_510_509	SMT	InterBay2	rn_InterBay2_510	rn_InterBay2_509	1	0
rl_InterBay2_511_510	SMT	InterBay2	rn_InterBay2_511	rn_InterBay2_510	1	0
rl_InterBay2_512_511	SMT	InterBay2	rn_InterBay2_512	rn_InterBay2_511	1	0
rl_InterBay2_513_512	SMT	InterBay2	rn_InterBay2_513	rn_InterBay2_512	1	0
rl_InterBay2_514_287	SMT	InterBay2	rn_InterBay2_514	rn_InterBay2_287	1	1
rl_InterBay2_514_513	SMT	InterBay2	rn_InterBay2_514	rn_InterBay2_513	1	0
rl_InterBay2_515_514	SMT	InterBay2	rn_InterBay2_515	rn_InterBay2_514	1	0
rl_InterBay2_516_515	SMT	InterBay2	rn_InterBay2_516	rn_InterBay2_515	1	0
rl_InterBay2_517_516	SMT	InterBay2	rn_InterBay2_517	rn_InterBay2_516	1	0
rl_InterBay2_517_539	SMT	InterBay2	rn_InterBay2_517	rn_InterBay2_539	1	1
rl_InterBay2_518_517	SMT	InterBay2	rn_InterBay2_518	rn_InterBay2_517	1	0
rl_InterBay2_519_295	SMT	InterBay2	rn_InterBay2_519	rn_InterBay2_295	1	1
rl_InterBay2_519_518	SMT	InterBay2	rn_InterBay2_519	rn_InterBay2_518	1	0
rl_InterBay2_51_50	SMT	InterBay2	rn_InterBay2_51	rn_InterBay2_50	1	0
rl_InterBay2_520_519	SMT	InterBay2	rn_InterBay2_520	rn_InterBay2_519	1	0
rl_InterBay2_521_520	SMT	InterBay2	rn_InterBay2_521	rn_InterBay2_520	1	0
rl_InterBay2_522_521	SMT	InterBay2	rn_InterBay2_522	rn_InterBay2_521	1	0
rl_InterBay2_523_522	SMT	InterBay2	rn_InterBay2_523	rn_InterBay2_522	1	0
rl_InterBay2_524_523	SMT	InterBay2	rn_InterBay2_524	rn_InterBay2_523	1	0
rl_InterBay2_525_303	SMT	InterBay2	rn_InterBay2_525	rn_InterBay2_303	1	1
rl_InterBay2_525_524	SMT	InterBay2	rn_InterBay2_525	rn_InterBay2_524	1	0
rl_InterBay2_526_525	SMT	InterBay2	rn_InterBay2_526	rn_InterBay2_525	1	0
rl_InterBay2_527_526	SMT	InterBay2	rn_InterBay2_527	rn_InterBay2_526	1	0
rl_InterBay2_528_527	SMT	InterBay2	rn_InterBay2_528	rn_InterBay2_527	1	0
rl_InterBay2_528_535	SMT	InterBay2	rn_InterBay2_528	rn_InterBay2_535	1	1
rl_InterBay2_529_528	SMT	InterBay2	rn_InterBay2_529	rn_InterBay2_528	1	0
rl_InterBay2_52_51	SMT	InterBay2	rn_InterBay2_52	rn_InterBay2_51	1	0
rl_InterBay2_530_311	SMT	InterBay2	rn_InterBay2_530	rn_InterBay2_311	1	1
rl_InterBay2_530_529	SMT	InterBay2	rn_InterBay2_530	rn_InterBay2_529	1	0
rl_InterBay2_531_530	SMT	InterBay2	rn_InterBay2_531	rn_InterBay2_530	1	0
rl_InterBay2_532_531	SMT	InterBay2	rn_InterBay2_532	rn_InterBay2_531	1	0
rl_InterBay2_533_532	SMT	InterBay2	rn_InterBay2_533	rn_InterBay2_532	1	0
rl_InterBay2_534_533	SMT	InterBay2	rn_InterBay2_534	rn_InterBay2_533	1	1
rl_InterBay2_535_536	SMT	InterBay2	rn_InterBay2_535	rn_InterBay2_536	1	0
rl_InterBay2_536_327	SMT	InterBay2	rn_InterBay2_536	rn_InterBay2_327	1	1
rl_InterBay2_537_538	SMT	InterBay2	rn_InterBay2_537	rn_InterBay2_538	1	0
rl_InterBay2_538_522	SMT	InterBay2	rn_InterBay2_538	rn_InterBay2_522	1	1
rl_InterBay2_539_540	SMT	InterBay2	rn_InterBay2_539	rn_InterBay2_540	1	0
rl_InterBay2_53_52	SMT	InterBay2	rn_InterBay2_53	rn_InterBay2_52	1	0
rl_InterBay2_540_338	SMT	InterBay2	rn_InterBay2_540	rn_InterBay2_338	1	1
rl_InterBay2_541_542	SMT	InterBay2	rn_InterBay2_541	rn_InterBay2_542	1	0
rl_InterBay2_542_511	SMT	InterBay2	rn_InterBay2_542	rn_InterBay2_511	1	1
rl_InterBay2_543_544	SMT	InterBay2	rn_InterBay2_543	rn_InterBay2_544	1	0
rl_InterBay2_544_349	SMT	InterBay2	rn_InterBay2_544	rn_InterBay2_349	1	1
rl_InterBay2_545_546	SMT	InterBay2	rn_InterBay2_545	rn_InterBay2_546	1	0
rl_InterBay2_546_500	SMT	InterBay2	rn_InterBay2_546	rn_InterBay2_500	1	1
rl_InterBay2_547_548	SMT	InterBay2	rn_InterBay2_547	rn_InterBay2_548	1	0
rl_InterBay2_548_360	SMT	InterBay2	rn_InterBay2_548	rn_InterBay2_360	1	1
rl_InterBay2_549_550	SMT	InterBay2	rn_InterBay2_549	rn_InterBay2_550	1	0
rl_InterBay2_54_53	SMT	InterBay2	rn_InterBay2_54	rn_InterBay2_53	1	0
rl_InterBay2_54_B7_15	SMT	InterBay2	rn_InterBay2_54	rn_B7_15	1	1
rl_InterBay2_550_489	SMT	InterBay2	rn_InterBay2_550	rn_InterBay2_489	1	1
rl_InterBay2_551_552	SMT	InterBay2	rn_InterBay2_551	rn_InterBay2_552	1	0
rl_InterBay2_552_371	SMT	InterBay2	rn_InterBay2_552	rn_InterBay2_371	1	1
rl_InterBay2_553_554	SMT	InterBay2	rn_InterBay2_553	rn_InterBay2_554	1	0
rl_InterBay2_554_478	SMT	InterBay2	rn_InterBay2_554	rn_InterBay2_478	1	1
rl_InterBay2_555_556	SMT	InterBay2	rn_InterBay2_555	rn_InterBay2_556	1	0
rl_InterBay2_556_382	SMT	InterBay2	rn_InterBay2_556	rn_InterBay2_382	1	1
rl_InterBay2_557_558	SMT	InterBay2	rn_InterBay2_557	rn_InterBay2_558	1	0
rl_InterBay2_558_467	SMT	InterBay2	rn_InterBay2_558	rn_InterBay2_467	1	1
rl_InterBay2_559_560	SMT	InterBay2	rn_InterBay2_559	rn_InterBay2_560	1	0
rl_InterBay2_55_54	SMT	InterBay2	rn_InterBay2_55	rn_InterBay2_54	1	0
rl_InterBay2_560_393	SMT	InterBay2	rn_InterBay2_560	rn_InterBay2_393	1	1
rl_InterBay2_561_562	SMT	InterBay2	rn_InterBay2_561	rn_InterBay2_562	1	0
rl_InterBay2_562_456	SMT	InterBay2	rn_InterBay2_562	rn_InterBay2_456	1	1
rl_InterBay2_563_564	SMT	InterBay2	rn_InterBay2_563	rn_InterBay2_564	1	0
rl_InterBay2_564_404	SMT	InterBay2	rn_InterBay2_564	rn_InterBay2_404	1	1
rl_InterBay2_565_566	SMT	InterBay2	rn_InterBay2_565	rn_InterBay2_566	1	0
rl_InterBay2_566_445	SMT	InterBay2	rn_InterBay2_566	rn_InterBay2_445	1	1
rl_InterBay2_567_568	SMT	InterBay2	rn_InterBay2_567	rn_InterBay2_568	1	0
rl_InterBay2_568_415	SMT	InterBay2	rn_InterBay2_568	rn_InterBay2_415	1	1
rl_InterBay2_569_570	SMT	InterBay2	rn_InterBay2_569	rn_InterBay2_570	1	0
rl_InterBay2_56_55	SMT	InterBay2	rn_InterBay2_56	rn_InterBay2_55	1	0
rl_InterBay2_570_434	SMT	InterBay2	rn_InterBay2_570	rn_InterBay2_434	1	1
rl_InterBay2_57_56	SMT	InterBay2	rn_InterBay2_57	rn_InterBay2_56	1	0
rl_InterBay2_58_358	SMT	InterBay2	rn_InterBay2_58	rn_InterBay2_358	1	1
rl_InterBay2_58_57	SMT	InterBay2	rn_InterBay2_58	rn_InterBay2_57	1	0
rl_InterBay2_59_58	SMT	InterBay2	rn_InterBay2_59	rn_InterBay2_58	1	0
rl_InterBay2_5_4	SMT	InterBay2	rn_InterBay2_5	rn_InterBay2_4	1	0
rl_InterBay2_60_59	SMT	InterBay2	rn_InterBay2_60	rn_InterBay2_59	1	0
rl_InterBay2_61_60	SMT	InterBay2	rn_InterBay2_61	rn_InterBay2_60	1	0
rl_InterBay2_62_61	SMT	InterBay2	rn_InterBay2_62	rn_InterBay2_61	1	0
rl_InterBay2_62_B8_15	SMT	InterBay2	rn_InterBay2_62	rn_B8_15	1	1
rl_InterBay2_63_62	SMT	InterBay2	rn_InterBay2_63	rn_InterBay2_62	1	0
rl_InterBay2_64_63	SMT	InterBay2	rn_InterBay2_64	rn_InterBay2_63	1	0
rl_InterBay2_65_64	SMT	InterBay2	rn_InterBay2_65	rn_InterBay2_64	1	0
rl_InterBay2_66_364	SMT	InterBay2	rn_InterBay2_66	rn_InterBay2_364	1	1
rl_InterBay2_66_65	SMT	InterBay2	rn_InterBay2_66	rn_InterBay2_65	1	0
rl_InterBay2_67_66	SMT	InterBay2	rn_InterBay2_67	rn_InterBay2_66	1	0
rl_InterBay2_68_67	SMT	InterBay2	rn_InterBay2_68	rn_InterBay2_67	1	0
rl_InterBay2_69_68	SMT	InterBay2	rn_InterBay2_69	rn_InterBay2_68	1	0
rl_InterBay2_6_5	SMT	InterBay2	rn_InterBay2_6	rn_InterBay2_5	1	0
rl_InterBay2_6_B1_15	SMT	InterBay2	rn_InterBay2_6	rn_B1_15	1	1
rl_InterBay2_70_69	SMT	InterBay2	rn_InterBay2_70	rn_InterBay2_69	1	0
rl_InterBay2_70_B9_15	SMT	InterBay2	rn_InterBay2_70	rn_B9_15	1	1
rl_InterBay2_71_70	SMT	InterBay2	rn_InterBay2_71	rn_InterBay2_70	1	0
rl_InterBay2_72_71	SMT	InterBay2	rn_InterBay2_72	rn_InterBay2_71	1	0
rl_InterBay2_73_72	SMT	InterBay2	rn_InterBay2_73	rn_InterBay2_72	1	0
rl_InterBay2_74_369	SMT	InterBay2	rn_InterBay2_74	rn_InterBay2_369	1	1
rl_InterBay2_74_73	SMT	InterBay2	rn_InterBay2_74	rn_InterBay2_73	1	0
rl_InterBay2_75_74	SMT	InterBay2	rn_InterBay2_75	rn_InterBay2_74	1	0
rl_InterBay2_76_75	SMT	InterBay2	rn_InterBay2_76	rn_InterBay2_75	1	0
rl_InterBay2_77_76	SMT	InterBay2	rn_InterBay2_77	rn_InterBay2_76	1	0
rl_InterBay2_78_77	SMT	InterBay2	rn_InterBay2_78	rn_InterBay2_77	1	0
rl_InterBay2_78_B10_15	SMT	InterBay2	rn_InterBay2_78	rn_B10_15	1	1
rl_InterBay2_79_78	SMT	InterBay2	rn_InterBay2_79	rn_InterBay2_78	1	0
rl_InterBay2_7_6	SMT	InterBay2	rn_InterBay2_7	rn_InterBay2_6	1	0
rl_InterBay2_80_79	SMT	InterBay2	rn_InterBay2_80	rn_InterBay2_79	1	0
rl_InterBay2_81_80	SMT	InterBay2	rn_InterBay2_81	rn_InterBay2_80	1	0
rl_InterBay2_82_375	SMT	InterBay2	rn_InterBay2_82	rn_InterBay2_375	1	1
rl_InterBay2_82_81	SMT	InterBay2	rn_InterBay2_82	rn_InterBay2_81	1	0
rl_InterBay2_83_82	SMT	InterBay2	rn_InterBay2_83	rn_InterBay2_82	1	0
rl_InterBay2_84_83	SMT	InterBay2	rn_InterBay2_84	rn_InterBay2_83	1	0
rl_InterBay2_85_84	SMT	InterBay2	rn_InterBay2_85	rn_InterBay2_84	1	0
rl_InterBay2_86_85	SMT	InterBay2	rn_InterBay2_86	rn_InterBay2_85	1	0
rl_InterBay2_86_B11_15	SMT	InterBay2	rn_InterBay2_86	rn_B11_15	1	1
rl_InterBay2_87_86	SMT	InterBay2	rn_InterBay2_87	rn_InterBay2_86	1	0
rl_InterBay2_88_87	SMT	InterBay2	rn_InterBay2_88	rn_InterBay2_87	1	0
rl_InterBay2_89_88	SMT	InterBay2	rn_InterBay2_89	rn_InterBay2_88	1	0
rl_InterBay2_8_7	SMT	InterBay2	rn_InterBay2_8	rn_InterBay2_7	1	0
rl_InterBay2_90_380	SMT	InterBay2	rn_InterBay2_90	rn_InterBay2_380	1	1
rl_InterBay2_90_89	SMT	InterBay2	rn_InterBay2_90	rn_InterBay2_89	1	0
rl_InterBay2_91_90	SMT	InterBay2	rn_InterBay2_91	rn_InterBay2_90	1	0
rl_InterBay2_92_91	SMT	InterBay2	rn_InterBay2_92	rn_InterBay2_91	1	0
rl_InterBay2_93_92	SMT	InterBay2	rn_InterBay2_93	rn_InterBay2_92	1	0
rl_InterBay2_94_93	SMT	InterBay2	rn_InterBay2_94	rn_InterBay2_93	1	0
rl_InterBay2_94_B12_15	SMT	InterBay2	rn_InterBay2_94	rn_B12_15	1	1
rl_InterBay2_95_94	SMT	InterBay2	rn_InterBay2_95	rn_InterBay2_94	1	0
rl_InterBay2_96_95	SMT	InterBay2	rn_InterBay2_96	rn_InterBay2_95	1	0
rl_InterBay2_97_96	SMT	InterBay2	rn_InterBay2_97	rn_InterBay2_96	1	0
rl_InterBay2_98_386	SMT	InterBay2	rn_InterBay2_98	rn_InterBay2_386	1	1
rl_InterBay2_98_97	SMT	InterBay2	rn_InterBay2_98	rn_InterBay2_97	1	0
rl_InterBay2_99_98	SMT	InterBay2	rn_InterBay2_99	rn_InterBay2_98	1	0
rl_InterBay2_9_8	SMT	InterBay2	rn_InterBay2_9	rn_InterBay2_8	1	0
rl_InterBay3_100_99	SMT	InterBay3	rn_InterBay3_100	rn_InterBay3_99	1	0
rl_InterBay3_101_90	SMT	InterBay3	rn_InterBay3_101	rn_InterBay3_90	1	0
rl_InterBay3_102_100	SMT	InterBay3	rn_InterBay3_102	rn_InterBay3_100	1	0
rl_InterBay3_102_282	SMT	InterBay3	rn_InterBay3_102	rn_InterBay3_282	1	1
rl_InterBay3_103_102	SMT	InterBay3	rn_InterBay3_103	rn_InterBay3_102	1	0
rl_InterBay3_104_103	SMT	InterBay3	rn_InterBay3_104	rn_InterBay3_103	1	0
rl_InterBay3_105_104	SMT	InterBay3	rn_InterBay3_105	rn_InterBay3_104	1	0
rl_InterBay3_106_105	SMT	InterBay3	rn_InterBay3_106	rn_InterBay3_105	1	0
rl_InterBay3_106_287	SMT	InterBay3	rn_InterBay3_106	rn_InterBay3_287	1	1
rl_InterBay3_107_106	SMT	InterBay3	rn_InterBay3_107	rn_InterBay3_106	1	0
rl_InterBay3_108_107	SMT	InterBay3	rn_InterBay3_108	rn_InterBay3_107	1	0
rl_InterBay3_109_108	SMT	InterBay3	rn_InterBay3_109	rn_InterBay3_108	1	0
rl_InterBay3_10_9	SMT	InterBay3	rn_InterBay3_10	rn_InterBay3_9	1	0
rl_InterBay3_110_109	SMT	InterBay3	rn_InterBay3_110	rn_InterBay3_109	1	0
rl_InterBay3_110_291	SMT	InterBay3	rn_InterBay3_110	rn_InterBay3_291	1	1
rl_InterBay3_111_110	SMT	InterBay3	rn_InterBay3_111	rn_InterBay3_110	1	0
rl_InterBay3_112_1	SMT	InterBay3	rn_InterBay3_112	rn_InterBay3_1	1	1
rl_InterBay3_113_101	SMT	InterBay3	rn_InterBay3_113	rn_InterBay3_101	1	0
rl_InterBay3_114_111	SMT	InterBay3	rn_InterBay3_114	rn_InterBay3_111	1	0
rl_InterBay3_115_114	SMT	InterBay3	rn_InterBay3_115	rn_InterBay3_114	1	0
rl_InterBay3_116_115	SMT	InterBay3	rn_InterBay3_116	rn_InterBay3_115	1	0
rl_InterBay3_116_297	SMT	InterBay3	rn_InterBay3_116	rn_InterBay3_297	1	1
rl_InterBay3_117_116	SMT	InterBay3	rn_InterBay3_117	rn_InterBay3_116	1	0
rl_InterBay3_118_117	SMT	InterBay3	rn_InterBay3_118	rn_InterBay3_117	1	0
rl_InterBay3_119_118	SMT	InterBay3	rn_InterBay3_119	rn_InterBay3_118	1	0
rl_InterBay3_11_10	SMT	InterBay3	rn_InterBay3_11	rn_InterBay3_10	1	0
rl_InterBay3_120_119	SMT	InterBay3	rn_InterBay3_120	rn_InterBay3_119	1	0
rl_InterBay3_120_301	SMT	InterBay3	rn_InterBay3_120	rn_InterBay3_301	1	1
rl_InterBay3_121_120	SMT	InterBay3	rn_InterBay3_121	rn_InterBay3_120	1	0
rl_InterBay3_122_121	SMT	InterBay3	rn_InterBay3_122	rn_InterBay3_121	1	0
rl_InterBay3_123_122	SMT	InterBay3	rn_InterBay3_123	rn_InterBay3_122	1	0
rl_InterBay3_124_113	SMT	InterBay3	rn_InterBay3_124	rn_InterBay3_113	1	0
rl_InterBay3_125_123	SMT	InterBay3	rn_InterBay3_125	rn_InterBay3_123	1	0
rl_InterBay3_125_306	SMT	InterBay3	rn_InterBay3_125	rn_InterBay3_306	1	1
rl_InterBay3_126_125	SMT	InterBay3	rn_InterBay3_126	rn_InterBay3_125	1	0
rl_InterBay3_127_126	SMT	InterBay3	rn_InterBay3_127	rn_InterBay3_126	1	0
rl_InterBay3_128_127	SMT	InterBay3	rn_InterBay3_128	rn_InterBay3_127	1	0
rl_InterBay3_129_128	SMT	InterBay3	rn_InterBay3_129	rn_InterBay3_128	1	0
rl_InterBay3_129_310	SMT	InterBay3	rn_InterBay3_129	rn_InterBay3_310	1	1
rl_InterBay3_12_11	SMT	InterBay3	rn_InterBay3_12	rn_InterBay3_11	1	0
rl_InterBay3_130_129	SMT	InterBay3	rn_InterBay3_130	rn_InterBay3_129	1	0
rl_InterBay3_131_130	SMT	InterBay3	rn_InterBay3_131	rn_InterBay3_130	1	0
rl_InterBay3_132_131	SMT	InterBay3	rn_InterBay3_132	rn_InterBay3_131	1	0
rl_InterBay3_133_132	SMT	InterBay3	rn_InterBay3_133	rn_InterBay3_132	1	0
rl_InterBay3_133_315	SMT	InterBay3	rn_InterBay3_133	rn_InterBay3_315	1	1
rl_InterBay3_134_133	SMT	InterBay3	rn_InterBay3_134	rn_InterBay3_133	1	0
rl_InterBay3_135_124	SMT	InterBay3	rn_InterBay3_135	rn_InterBay3_124	1	0
rl_InterBay3_135_A3_15	SMT	InterBay3	rn_InterBay3_135	rn_A3_15	1	1
rl_InterBay3_136_134	SMT	InterBay3	rn_InterBay3_136	rn_InterBay3_134	1	0
rl_InterBay3_137_136	SMT	InterBay3	rn_InterBay3_137	rn_InterBay3_136	1	0
rl_InterBay3_138_137	SMT	InterBay3	rn_InterBay3_138	rn_InterBay3_137	1	0
rl_InterBay3_138_319	SMT	InterBay3	rn_InterBay3_138	rn_InterBay3_319	1	1
rl_InterBay3_139_138	SMT	InterBay3	rn_InterBay3_139	rn_InterBay3_138	1	0
rl_InterBay3_13_2	SMT	InterBay3	rn_InterBay3_13	rn_InterBay3_2	1	0
rl_InterBay3_140_139	SMT	InterBay3	rn_InterBay3_140	rn_InterBay3_139	1	0
rl_InterBay3_141_140	SMT	InterBay3	rn_InterBay3_141	rn_InterBay3_140	1	0
rl_InterBay3_142_141	SMT	InterBay3	rn_InterBay3_142	rn_InterBay3_141	1	0
rl_InterBay3_142_324	SMT	InterBay3	rn_InterBay3_142	rn_InterBay3_324	1	1
rl_InterBay3_143_142	SMT	InterBay3	rn_InterBay3_143	rn_InterBay3_142	1	0
rl_InterBay3_144_143	SMT	InterBay3	rn_InterBay3_144	rn_InterBay3_143	1	0
rl_InterBay3_145_144	SMT	InterBay3	rn_InterBay3_145	rn_InterBay3_144	1	0
rl_InterBay3_146_135	SMT	InterBay3	rn_InterBay3_146	rn_InterBay3_135	1	0
rl_InterBay3_147_145	SMT	InterBay3	rn_InterBay3_147	rn_InterBay3_145	1	0
rl_InterBay3_147_329	SMT	InterBay3	rn_InterBay3_147	rn_InterBay3_329	1	1
rl_InterBay3_148_147	SMT	InterBay3	rn_InterBay3_148	rn_InterBay3_147	1	0
rl_InterBay3_149_148	SMT	InterBay3	rn_InterBay3_149	rn_InterBay3_148	1	0
rl_InterBay3_14_12	SMT	InterBay3	rn_InterBay3_14	rn_InterBay3_12	1	0
rl_InterBay3_14_A14_15	SMT	InterBay3	rn_InterBay3_14	rn_A14_15	1	1
rl_InterBay3_150_149	SMT	InterBay3	rn_InterBay3_150	rn_InterBay3_149	1	0
rl_InterBay3_151_150	SMT	InterBay3	rn_InterBay3_151	rn_InterBay3_150	1	0
rl_InterBay3_151_333	SMT	InterBay3	rn_InterBay3_151	rn_InterBay3_333	1	1
rl_InterBay3_152_151	SMT	InterBay3	rn_InterBay3_152	rn_InterBay3_151	1	0
rl_InterBay3_153_152	SMT	InterBay3	rn_InterBay3_153	rn_InterBay3_152	1	0
rl_InterBay3_154_153	SMT	InterBay3	rn_InterBay3_154	rn_InterBay3_153	1	0
rl_InterBay3_155_154	SMT	InterBay3	rn_InterBay3_155	rn_InterBay3_154	1	0
rl_InterBay3_155_338	SMT	InterBay3	rn_InterBay3_155	rn_InterBay3_338	1	1
rl_InterBay3_156_401	SMT	InterBay3	rn_InterBay3_156	rn_InterBay3_401	1	0
rl_InterBay3_157_146	SMT	InterBay3	rn_InterBay3_157	rn_InterBay3_146	1	0
rl_InterBay3_158_156	SMT	InterBay3	rn_InterBay3_158	rn_InterBay3_156	1	1
rl_InterBay3_159_341	SMT	InterBay3	rn_InterBay3_159	rn_InterBay3_341	1	0
rl_InterBay3_15_14	SMT	InterBay3	rn_InterBay3_15	rn_InterBay3_14	1	0
rl_InterBay3_160_159	SMT	InterBay3	rn_InterBay3_160	rn_InterBay3_159	1	1
rl_InterBay3_161_160	SMT	InterBay3	rn_InterBay3_161	rn_InterBay3_160	1	0
rl_InterBay3_162_161	SMT	InterBay3	rn_InterBay3_162	rn_InterBay3_161	1	0
rl_InterBay3_162_368	SMT	InterBay3	rn_InterBay3_162	rn_InterBay3_368	1	1
rl_InterBay3_163_162	SMT	InterBay3	rn_InterBay3_163	rn_InterBay3_162	1	0
rl_InterBay3_164_163	SMT	InterBay3	rn_InterBay3_164	rn_InterBay3_163	1	0
rl_InterBay3_165_164	SMT	InterBay3	rn_InterBay3_165	rn_InterBay3_164	1	0
rl_InterBay3_166_157	SMT	InterBay3	rn_InterBay3_166	rn_InterBay3_157	1	0
rl_InterBay3_167_165	SMT	InterBay3	rn_InterBay3_167	rn_InterBay3_165	1	0
rl_InterBay3_167_57	SMT	InterBay3	rn_InterBay3_167	rn_InterBay3_57	1	1
rl_InterBay3_168_167	SMT	InterBay3	rn_InterBay3_168	rn_InterBay3_167	1	0
rl_InterBay3_169_168	SMT	InterBay3	rn_InterBay3_169	rn_InterBay3_168	1	0
rl_InterBay3_16_15	SMT	InterBay3	rn_InterBay3_16	rn_InterBay3_15	1	0
rl_InterBay3_170_169	SMT	InterBay3	rn_InterBay3_170	rn_InterBay3_169	1	0
rl_InterBay3_171_146	SMT	InterBay3	rn_InterBay3_171	rn_InterBay3_146	1	1
rl_InterBay3_171_170	SMT	InterBay3	rn_InterBay3_171	rn_InterBay3_170	1	0
rl_InterBay3_172_171	SMT	InterBay3	rn_InterBay3_172	rn_InterBay3_171	1	0
rl_InterBay3_173_172	SMT	InterBay3	rn_InterBay3_173	rn_InterBay3_172	1	0
rl_InterBay3_174_166	SMT	InterBay3	rn_InterBay3_174	rn_InterBay3_166	1	0
rl_InterBay3_174_172	SMT	InterBay3	rn_InterBay3_174	rn_InterBay3_172	1	1
rl_InterBay3_175_173	SMT	InterBay3	rn_InterBay3_175	rn_InterBay3_173	1	0
rl_InterBay3_176_175	SMT	InterBay3	rn_InterBay3_176	rn_InterBay3_175	1	0
rl_InterBay3_176_217	SMT	InterBay3	rn_InterBay3_176	rn_InterBay3_217	1	1
rl_InterBay3_177_176	SMT	InterBay3	rn_InterBay3_177	rn_InterBay3_176	1	0
rl_InterBay3_178_177	SMT	InterBay3	rn_InterBay3_178	rn_InterBay3_177	1	0
rl_InterBay3_179_178	SMT	InterBay3	rn_InterBay3_179	rn_InterBay3_178	1	0
rl_InterBay3_17_16	SMT	InterBay3	rn_InterBay3_17	rn_InterBay3_16	1	0
rl_InterBay3_180_179	SMT	InterBay3	rn_InterBay3_180	rn_InterBay3_179	1	0
rl_InterBay3_180_285	SMT	InterBay3	rn_InterBay3_180	rn_InterBay3_285	1	1
rl_InterBay3_181_180	SMT	InterBay3	rn_InterBay3_181	rn_InterBay3_180	1	0
rl_InterBay3_182_181	SMT	InterBay3	rn_InterBay3_182	rn_InterBay3_181	1	0
rl_InterBay3_183_174	SMT	InterBay3	rn_InterBay3_183	rn_InterBay3_174	1	0
rl_InterBay3_184_182	SMT	InterBay3	rn_InterBay3_184	rn_InterBay3_182	1	0
rl_InterBay3_185_184	SMT	InterBay3	rn_InterBay3_185	rn_InterBay3_184	1	0
rl_InterBay3_185_343	SMT	InterBay3	rn_InterBay3_185	rn_InterBay3_343	1	1
rl_InterBay3_186_185	SMT	InterBay3	rn_InterBay3_186	rn_InterBay3_185	1	0
rl_InterBay3_187_186	SMT	InterBay3	rn_InterBay3_187	rn_InterBay3_186	1	0
rl_InterBay3_188_187	SMT	InterBay3	rn_InterBay3_188	rn_InterBay3_187	1	0
rl_InterBay3_189_188	SMT	InterBay3	rn_InterBay3_189	rn_InterBay3_188	1	0
rl_InterBay3_189_352	SMT	InterBay3	rn_InterBay3_189	rn_InterBay3_352	1	1
rl_InterBay3_18_17	SMT	InterBay3	rn_InterBay3_18	rn_InterBay3_17	1	0
rl_InterBay3_18_223	SMT	InterBay3	rn_InterBay3_18	rn_InterBay3_223	1	1
rl_InterBay3_190_189	SMT	InterBay3	rn_InterBay3_190	rn_InterBay3_189	1	0
rl_InterBay3_191_190	SMT	InterBay3	rn_InterBay3_191	rn_InterBay3_190	1	0
rl_InterBay3_192_183	SMT	InterBay3	rn_InterBay3_192	rn_InterBay3_183	1	0
rl_InterBay3_193_191	SMT	InterBay3	rn_InterBay3_193	rn_InterBay3_191	1	0
rl_InterBay3_194_193	SMT	InterBay3	rn_InterBay3_194	rn_InterBay3_193	1	0
rl_InterBay3_194_361	SMT	InterBay3	rn_InterBay3_194	rn_InterBay3_361	1	1
rl_InterBay3_195_194	SMT	InterBay3	rn_InterBay3_195	rn_InterBay3_194	1	0
rl_InterBay3_196_195	SMT	InterBay3	rn_InterBay3_196	rn_InterBay3_195	1	0
rl_InterBay3_197_196	SMT	InterBay3	rn_InterBay3_197	rn_InterBay3_196	1	0
rl_InterBay3_198_197	SMT	InterBay3	rn_InterBay3_198	rn_InterBay3_197	1	0
rl_InterBay3_198_370	SMT	InterBay3	rn_InterBay3_198	rn_InterBay3_370	1	1
rl_InterBay3_199_198	SMT	InterBay3	rn_InterBay3_199	rn_InterBay3_198	1	0
rl_InterBay3_19_18	SMT	InterBay3	rn_InterBay3_19	rn_InterBay3_18	1	0
rl_InterBay3_1_158	SMT	InterBay3	rn_InterBay3_1	rn_InterBay3_158	1	0
rl_InterBay3_200_192	SMT	InterBay3	rn_InterBay3_200	rn_InterBay3_192	1	0
rl_InterBay3_201_199	SMT	InterBay3	rn_InterBay3_201	rn_InterBay3_199	1	0
rl_InterBay3_202_201	SMT	InterBay3	rn_InterBay3_202	rn_InterBay3_201	1	0
rl_InterBay3_203_202	SMT	InterBay3	rn_InterBay3_203	rn_InterBay3_202	1	0
rl_InterBay3_203_378	SMT	InterBay3	rn_InterBay3_203	rn_InterBay3_378	1	1
rl_InterBay3_204_203	SMT	InterBay3	rn_InterBay3_204	rn_InterBay3_203	1	0
rl_InterBay3_205_204	SMT	InterBay3	rn_InterBay3_205	rn_InterBay3_204	1	0
rl_InterBay3_206_205	SMT	InterBay3	rn_InterBay3_206	rn_InterBay3_205	1	0
rl_InterBay3_207_206	SMT	InterBay3	rn_InterBay3_207	rn_InterBay3_206	1	0
rl_InterBay3_207_387	SMT	InterBay3	rn_InterBay3_207	rn_InterBay3_387	1	1
rl_InterBay3_208_112	SMT	InterBay3	rn_InterBay3_208	rn_InterBay3_112	1	0
rl_InterBay3_209_200	SMT	InterBay3	rn_InterBay3_209	rn_InterBay3_200	1	0
rl_InterBay3_209_A4_15	SMT	InterBay3	rn_InterBay3_209	rn_A4_15	1	1
rl_InterBay3_20_19	SMT	InterBay3	rn_InterBay3_20	rn_InterBay3_19	1	0
rl_InterBay3_210_207	SMT	InterBay3	rn_InterBay3_210	rn_InterBay3_207	1	0
rl_InterBay3_211_210	SMT	InterBay3	rn_InterBay3_211	rn_InterBay3_210	1	0
rl_InterBay3_212_211	SMT	InterBay3	rn_InterBay3_212	rn_InterBay3_211	1	0
rl_InterBay3_213_212	SMT	InterBay3	rn_InterBay3_213	rn_InterBay3_212	1	0
rl_InterBay3_213_396	SMT	InterBay3	rn_InterBay3_213	rn_InterBay3_396	1	1
rl_InterBay3_214_213	SMT	InterBay3	rn_InterBay3_214	rn_InterBay3_213	1	0
rl_InterBay3_215_214	SMT	InterBay3	rn_InterBay3_215	rn_InterBay3_214	1	0
rl_InterBay3_216_215	SMT	InterBay3	rn_InterBay3_216	rn_InterBay3_215	1	0
rl_InterBay3_217_209	SMT	InterBay3	rn_InterBay3_217	rn_InterBay3_209	1	0
rl_InterBay3_218_216	SMT	InterBay3	rn_InterBay3_218	rn_InterBay3_216	1	0
rl_InterBay3_218_6	SMT	InterBay3	rn_InterBay3_218	rn_InterBay3_6	1	1
rl_InterBay3_219_218	SMT	InterBay3	rn_InterBay3_219	rn_InterBay3_218	1	0
rl_InterBay3_21_20	SMT	InterBay3	rn_InterBay3_21	rn_InterBay3_20	1	0
rl_InterBay3_220_219	SMT	InterBay3	rn_InterBay3_220	rn_InterBay3_219	1	0
rl_InterBay3_221_220	SMT	InterBay3	rn_InterBay3_221	rn_InterBay3_220	1	0
rl_InterBay3_222_15	SMT	InterBay3	rn_InterBay3_222	rn_InterBay3_15	1	1
rl_InterBay3_222_221	SMT	InterBay3	rn_InterBay3_222	rn_InterBay3_221	1	0
rl_InterBay3_223_222	SMT	InterBay3	rn_InterBay3_223	rn_InterBay3_222	1	0
rl_InterBay3_224_223	SMT	InterBay3	rn_InterBay3_224	rn_InterBay3_223	1	0
rl_InterBay3_225_217	SMT	InterBay3	rn_InterBay3_225	rn_InterBay3_217	1	0
rl_InterBay3_226_224	SMT	InterBay3	rn_InterBay3_226	rn_InterBay3_224	1	0
rl_InterBay3_227_226	SMT	InterBay3	rn_InterBay3_227	rn_InterBay3_226	1	0
rl_InterBay3_227_23	SMT	InterBay3	rn_InterBay3_227	rn_InterBay3_23	1	1
rl_InterBay3_228_227	SMT	InterBay3	rn_InterBay3_228	rn_InterBay3_227	1	0
rl_InterBay3_229_228	SMT	InterBay3	rn_InterBay3_229	rn_InterBay3_228	1	0
rl_InterBay3_22_21	SMT	InterBay3	rn_InterBay3_22	rn_InterBay3_21	1	0
rl_InterBay3_22_A15_15	SMT	InterBay3	rn_InterBay3_22	rn_A15_15	1	1
rl_InterBay3_230_229	SMT	InterBay3	rn_InterBay3_230	rn_InterBay3_229	1	0
rl_InterBay3_231_230	SMT	InterBay3	rn_InterBay3_231	rn_InterBay3_230	1	0
rl_InterBay3_231_32	SMT	InterBay3	rn_InterBay3_231	rn_InterBay3_32	1	1
rl_InterBay3_232_231	SMT	InterBay3	rn_InterBay3_232	rn_InterBay3_231	1	0
rl_InterBay3_233_232	SMT	InterBay3	rn_InterBay3_233	rn_InterBay3_232	1	0
rl_InterBay3_234_225	SMT	InterBay3	rn_InterBay3_234	rn_InterBay3_225	1	0
rl_InterBay3_235_233	SMT	InterBay3	rn_InterBay3_235	rn_InterBay3_233	1	0
rl_InterBay3_236_235	SMT	InterBay3	rn_InterBay3_236	rn_InterBay3_235	1	0
rl_InterBay3_236_41	SMT	InterBay3	rn_InterBay3_236	rn_InterBay3_41	1	1
rl_InterBay3_237_236	SMT	InterBay3	rn_InterBay3_237	rn_InterBay3_236	1	0
rl_InterBay3_238_237	SMT	InterBay3	rn_InterBay3_238	rn_InterBay3_237	1	0
rl_InterBay3_239_238	SMT	InterBay3	rn_InterBay3_239	rn_InterBay3_238	1	0
rl_InterBay3_23_22	SMT	InterBay3	rn_InterBay3_23	rn_InterBay3_22	1	0
rl_InterBay3_240_239	SMT	InterBay3	rn_InterBay3_240	rn_InterBay3_239	1	0
rl_InterBay3_240_50	SMT	InterBay3	rn_InterBay3_240	rn_InterBay3_50	1	1
rl_InterBay3_241_240	SMT	InterBay3	rn_InterBay3_241	rn_InterBay3_240	1	0
rl_InterBay3_242_177	SMT	InterBay3	rn_InterBay3_242	rn_InterBay3_177	1	1
rl_InterBay3_242_234	SMT	InterBay3	rn_InterBay3_242	rn_InterBay3_234	1	0
rl_InterBay3_243_241	SMT	InterBay3	rn_InterBay3_243	rn_InterBay3_241	1	0
rl_InterBay3_244_243	SMT	InterBay3	rn_InterBay3_244	rn_InterBay3_243	1	0
rl_InterBay3_245_244	SMT	InterBay3	rn_InterBay3_245	rn_InterBay3_244	1	0
rl_InterBay3_245_59	SMT	InterBay3	rn_InterBay3_245	rn_InterBay3_59	1	1
rl_InterBay3_246_245	SMT	InterBay3	rn_InterBay3_246	rn_InterBay3_245	1	0
rl_InterBay3_247_246	SMT	InterBay3	rn_InterBay3_247	rn_InterBay3_246	1	0
rl_InterBay3_248_247	SMT	InterBay3	rn_InterBay3_248	rn_InterBay3_247	1	0
rl_InterBay3_249_248	SMT	InterBay3	rn_InterBay3_249	rn_InterBay3_248	1	1
rl_InterBay3_24_13	SMT	InterBay3	rn_InterBay3_24	rn_InterBay3_13	1	0
rl_InterBay3_250_249	SMT	InterBay3	rn_InterBay3_250	rn_InterBay3_249	1	0
rl_InterBay3_251_250	SMT	InterBay3	rn_InterBay3_251	rn_InterBay3_250	1	1
rl_InterBay3_252_242	SMT	InterBay3	rn_InterBay3_252	rn_InterBay3_242	1	0
rl_InterBay3_253_251	SMT	InterBay3	rn_InterBay3_253	rn_InterBay3_251	1	0
rl_InterBay3_254_253	SMT	InterBay3	rn_InterBay3_254	rn_InterBay3_253	1	0
rl_InterBay3_254_72	SMT	InterBay3	rn_InterBay3_254	rn_InterBay3_72	1	1
rl_InterBay3_255_254	SMT	InterBay3	rn_InterBay3_255	rn_InterBay3_254	1	0
rl_InterBay3_256_255	SMT	InterBay3	rn_InterBay3_256	rn_InterBay3_255	1	0
rl_InterBay3_257_256	SMT	InterBay3	rn_InterBay3_257	rn_InterBay3_256	1	0
rl_InterBay3_258_257	SMT	InterBay3	rn_InterBay3_258	rn_InterBay3_257	1	0
rl_InterBay3_258_76	SMT	InterBay3	rn_InterBay3_258	rn_InterBay3_76	1	1
rl_InterBay3_259_258	SMT	InterBay3	rn_InterBay3_259	rn_InterBay3_258	1	0
rl_InterBay3_25_23	SMT	InterBay3	rn_InterBay3_25	rn_InterBay3_23	1	0
rl_InterBay3_260_259	SMT	InterBay3	rn_InterBay3_260	rn_InterBay3_259	1	0
rl_InterBay3_261_252	SMT	InterBay3	rn_InterBay3_261	rn_InterBay3_252	1	0
rl_InterBay3_262_260	SMT	InterBay3	rn_InterBay3_262	rn_InterBay3_260	1	0
rl_InterBay3_263_262	SMT	InterBay3	rn_InterBay3_263	rn_InterBay3_262	1	0
rl_InterBay3_263_81	SMT	InterBay3	rn_InterBay3_263	rn_InterBay3_81	1	1
rl_InterBay3_264_263	SMT	InterBay3	rn_InterBay3_264	rn_InterBay3_263	1	0
rl_InterBay3_265_264	SMT	InterBay3	rn_InterBay3_265	rn_InterBay3_264	1	0
rl_InterBay3_266_265	SMT	InterBay3	rn_InterBay3_266	rn_InterBay3_265	1	0
rl_InterBay3_267_266	SMT	InterBay3	rn_InterBay3_267	rn_InterBay3_266	1	0
rl_InterBay3_267_85	SMT	InterBay3	rn_InterBay3_267	rn_InterBay3_85	1	1
rl_InterBay3_268_267	SMT	InterBay3	rn_InterBay3_268	rn_InterBay3_267	1	0
rl_InterBay3_269_261	SMT	InterBay3	rn_InterBay3_269	rn_InterBay3_261	1	0
rl_InterBay3_26_25	SMT	InterBay3	rn_InterBay3_26	rn_InterBay3_25	1	0
rl_InterBay3_270_268	SMT	InterBay3	rn_InterBay3_270	rn_InterBay3_268	1	0
rl_InterBay3_271_270	SMT	InterBay3	rn_InterBay3_271	rn_InterBay3_270	1	0
rl_InterBay3_272_271	SMT	InterBay3	rn_InterBay3_272	rn_InterBay3_271	1	0
rl_InterBay3_272_89	SMT	InterBay3	rn_InterBay3_272	rn_InterBay3_89	1	1
rl_InterBay3_273_272	SMT	InterBay3	rn_InterBay3_273	rn_InterBay3_272	1	0
rl_InterBay3_274_273	SMT	InterBay3	rn_InterBay3_274	rn_InterBay3_273	1	0
rl_InterBay3_275_274	SMT	InterBay3	rn_InterBay3_275	rn_InterBay3_274	1	0
rl_InterBay3_276_275	SMT	InterBay3	rn_InterBay3_276	rn_InterBay3_275	1	0
rl_InterBay3_276_94	SMT	InterBay3	rn_InterBay3_276	rn_InterBay3_94	1	1
rl_InterBay3_277_269	SMT	InterBay3	rn_InterBay3_277	rn_InterBay3_269	1	0
rl_InterBay3_277_A5_15	SMT	InterBay3	rn_InterBay3_277	rn_A5_15	1	1
rl_InterBay3_278_276	SMT	InterBay3	rn_InterBay3_278	rn_InterBay3_276	1	0
rl_InterBay3_279_278	SMT	InterBay3	rn_InterBay3_279	rn_InterBay3_278	1	0
rl_InterBay3_27_228	SMT	InterBay3	rn_InterBay3_27	rn_InterBay3_228	1	1
rl_InterBay3_27_26	SMT	InterBay3	rn_InterBay3_27	rn_InterBay3_26	1	0
rl_InterBay3_280_279	SMT	InterBay3	rn_InterBay3_280	rn_InterBay3_279	1	0
rl_InterBay3_281_280	SMT	InterBay3	rn_InterBay3_281	rn_InterBay3_280	1	0
rl_InterBay3_281_98	SMT	InterBay3	rn_InterBay3_281	rn_InterBay3_98	1	1
rl_InterBay3_282_281	SMT	InterBay3	rn_InterBay3_282	rn_InterBay3_281	1	0
rl_InterBay3_283_282	SMT	InterBay3	rn_InterBay3_283	rn_InterBay3_282	1	0
rl_InterBay3_284_283	SMT	InterBay3	rn_InterBay3_284	rn_InterBay3_283	1	0
rl_InterBay3_285_277	SMT	InterBay3	rn_InterBay3_285	rn_InterBay3_277	1	0
rl_InterBay3_286_103	SMT	InterBay3	rn_InterBay3_286	rn_InterBay3_103	1	1
rl_InterBay3_286_284	SMT	InterBay3	rn_InterBay3_286	rn_InterBay3_284	1	0
rl_InterBay3_287_286	SMT	InterBay3	rn_InterBay3_287	rn_InterBay3_286	1	0
rl_InterBay3_288_287	SMT	InterBay3	rn_InterBay3_288	rn_InterBay3_287	1	0
rl_InterBay3_289_288	SMT	InterBay3	rn_InterBay3_289	rn_InterBay3_288	1	0
rl_InterBay3_28_27	SMT	InterBay3	rn_InterBay3_28	rn_InterBay3_27	1	0
rl_InterBay3_290_107	SMT	InterBay3	rn_InterBay3_290	rn_InterBay3_107	1	1
rl_InterBay3_290_289	SMT	InterBay3	rn_InterBay3_290	rn_InterBay3_289	1	0
rl_InterBay3_291_290	SMT	InterBay3	rn_InterBay3_291	rn_InterBay3_290	1	0
rl_InterBay3_292_291	SMT	InterBay3	rn_InterBay3_292	rn_InterBay3_291	1	0
rl_InterBay3_293_208	SMT	InterBay3	rn_InterBay3_293	rn_InterBay3_208	1	0
rl_InterBay3_294_285	SMT	InterBay3	rn_InterBay3_294	rn_InterBay3_285	1	0
rl_InterBay3_295_292	SMT	InterBay3	rn_InterBay3_295	rn_InterBay3_292	1	0
rl_InterBay3_296_111	SMT	InterBay3	rn_InterBay3_296	rn_InterBay3_111	1	1
rl_InterBay3_296_295	SMT	InterBay3	rn_InterBay3_296	rn_InterBay3_295	1	0
rl_InterBay3_297_296	SMT	InterBay3	rn_InterBay3_297	rn_InterBay3_296	1	0
rl_InterBay3_298_297	SMT	InterBay3	rn_InterBay3_298	rn_InterBay3_297	1	0
rl_InterBay3_299_298	SMT	InterBay3	rn_InterBay3_299	rn_InterBay3_298	1	0
rl_InterBay3_29_28	SMT	InterBay3	rn_InterBay3_29	rn_InterBay3_28	1	0
rl_InterBay3_2_163	SMT	InterBay3	rn_InterBay3_2	rn_InterBay3_163	1	1
rl_InterBay3_2_390	SMT	InterBay3	rn_InterBay3_2	rn_InterBay3_390	1	0
rl_InterBay3_300_117	SMT	InterBay3	rn_InterBay3_300	rn_InterBay3_117	1	1
rl_InterBay3_300_299	SMT	InterBay3	rn_InterBay3_300	rn_InterBay3_299	1	0
rl_InterBay3_301_300	SMT	InterBay3	rn_InterBay3_301	rn_InterBay3_300	1	0
rl_InterBay3_302_301	SMT	InterBay3	rn_InterBay3_302	rn_InterBay3_301	1	0
rl_InterBay3_303_294	SMT	InterBay3	rn_InterBay3_303	rn_InterBay3_294	1	0
rl_InterBay3_304_302	SMT	InterBay3	rn_InterBay3_304	rn_InterBay3_302	1	0
rl_InterBay3_305_121	SMT	InterBay3	rn_InterBay3_305	rn_InterBay3_121	1	1
rl_InterBay3_305_304	SMT	InterBay3	rn_InterBay3_305	rn_InterBay3_304	1	0
rl_InterBay3_306_305	SMT	InterBay3	rn_InterBay3_306	rn_InterBay3_305	1	0
rl_InterBay3_307_306	SMT	InterBay3	rn_InterBay3_307	rn_InterBay3_306	1	0
rl_InterBay3_308_307	SMT	InterBay3	rn_InterBay3_308	rn_InterBay3_307	1	0
rl_InterBay3_309_126	SMT	InterBay3	rn_InterBay3_309	rn_InterBay3_126	1	1
rl_InterBay3_309_308	SMT	InterBay3	rn_InterBay3_309	rn_InterBay3_308	1	0
rl_InterBay3_30_29	SMT	InterBay3	rn_InterBay3_30	rn_InterBay3_29	1	0
rl_InterBay3_310_309	SMT	InterBay3	rn_InterBay3_310	rn_InterBay3_309	1	0
rl_InterBay3_311_310	SMT	InterBay3	rn_InterBay3_311	rn_InterBay3_310	1	0
rl_InterBay3_312_181	SMT	InterBay3	rn_InterBay3_312	rn_InterBay3_181	1	1
rl_InterBay3_312_303	SMT	InterBay3	rn_InterBay3_312	rn_InterBay3_303	1	0
rl_InterBay3_313_311	SMT	InterBay3	rn_InterBay3_313	rn_InterBay3_311	1	0
rl_InterBay3_314_130	SMT	InterBay3	rn_InterBay3_314	rn_InterBay3_130	1	1
rl_InterBay3_314_313	SMT	InterBay3	rn_InterBay3_314	rn_InterBay3_313	1	0
rl_InterBay3_315_314	SMT	InterBay3	rn_InterBay3_315	rn_InterBay3_314	1	0
rl_InterBay3_316_315	SMT	InterBay3	rn_InterBay3_316	rn_InterBay3_315	1	0
rl_InterBay3_317_316	SMT	InterBay3	rn_InterBay3_317	rn_InterBay3_316	1	0
rl_InterBay3_318_134	SMT	InterBay3	rn_InterBay3_318	rn_InterBay3_134	1	1
rl_InterBay3_318_317	SMT	InterBay3	rn_InterBay3_318	rn_InterBay3_317	1	0
rl_InterBay3_319_318	SMT	InterBay3	rn_InterBay3_319	rn_InterBay3_318	1	0
rl_InterBay3_31_30	SMT	InterBay3	rn_InterBay3_31	rn_InterBay3_30	1	0
rl_InterBay3_31_A16_15	SMT	InterBay3	rn_InterBay3_31	rn_A16_15	1	1
rl_InterBay3_320_312	SMT	InterBay3	rn_InterBay3_320	rn_InterBay3_312	1	0
rl_InterBay3_321_319	SMT	InterBay3	rn_InterBay3_321	rn_InterBay3_319	1	0
rl_InterBay3_322_321	SMT	InterBay3	rn_InterBay3_322	rn_InterBay3_321	1	0
rl_InterBay3_323_139	SMT	InterBay3	rn_InterBay3_323	rn_InterBay3_139	1	1
rl_InterBay3_323_322	SMT	InterBay3	rn_InterBay3_323	rn_InterBay3_322	1	0
rl_InterBay3_324_323	SMT	InterBay3	rn_InterBay3_324	rn_InterBay3_323	1	0
rl_InterBay3_325_324	SMT	InterBay3	rn_InterBay3_325	rn_InterBay3_324	1	0
rl_InterBay3_326_325	SMT	InterBay3	rn_InterBay3_326	rn_InterBay3_325	1	0
rl_InterBay3_327_143	SMT	InterBay3	rn_InterBay3_327	rn_InterBay3_143	1	1
rl_InterBay3_327_326	SMT	InterBay3	rn_InterBay3_327	rn_InterBay3_326	1	0
rl_InterBay3_328_320	SMT	InterBay3	rn_InterBay3_328	rn_InterBay3_320	1	0
rl_InterBay3_329_327	SMT	InterBay3	rn_InterBay3_329	rn_InterBay3_327	1	0
rl_InterBay3_32_31	SMT	InterBay3	rn_InterBay3_32	rn_InterBay3_31	1	0
rl_InterBay3_330_329	SMT	InterBay3	rn_InterBay3_330	rn_InterBay3_329	1	0
rl_InterBay3_331_330	SMT	InterBay3	rn_InterBay3_331	rn_InterBay3_330	1	0
rl_InterBay3_332_148	SMT	InterBay3	rn_InterBay3_332	rn_InterBay3_148	1	1
rl_InterBay3_332_331	SMT	InterBay3	rn_InterBay3_332	rn_InterBay3_331	1	0
rl_InterBay3_333_332	SMT	InterBay3	rn_InterBay3_333	rn_InterBay3_332	1	0
rl_InterBay3_334_333	SMT	InterBay3	rn_InterBay3_334	rn_InterBay3_333	1	0
rl_InterBay3_335_334	SMT	InterBay3	rn_InterBay3_335	rn_InterBay3_334	1	0
rl_InterBay3_336_328	SMT	InterBay3	rn_InterBay3_336	rn_InterBay3_328	1	0
rl_InterBay3_337_152	SMT	InterBay3	rn_InterBay3_337	rn_InterBay3_152	1	1
rl_InterBay3_337_335	SMT	InterBay3	rn_InterBay3_337	rn_InterBay3_335	1	0
rl_InterBay3_338_337	SMT	InterBay3	rn_InterBay3_338	rn_InterBay3_337	1	0
rl_InterBay3_339_338	SMT	InterBay3	rn_InterBay3_339	rn_InterBay3_338	1	0
rl_InterBay3_33_32	SMT	InterBay3	rn_InterBay3_33	rn_InterBay3_32	1	0
rl_InterBay3_340_339	SMT	InterBay3	rn_InterBay3_340	rn_InterBay3_339	1	0
rl_InterBay3_341_340	SMT	InterBay3	rn_InterBay3_341	rn_InterBay3_340	1	1
rl_InterBay3_342_336	SMT	InterBay3	rn_InterBay3_342	rn_InterBay3_336	1	0
rl_InterBay3_342_A6_15	SMT	InterBay3	rn_InterBay3_342	rn_A6_15	1	1
rl_InterBay3_343_342	SMT	InterBay3	rn_InterBay3_343	rn_InterBay3_342	1	0
rl_InterBay3_344_343	SMT	InterBay3	rn_InterBay3_344	rn_InterBay3_343	1	0
rl_InterBay3_345_344	SMT	InterBay3	rn_InterBay3_345	rn_InterBay3_344	1	0
rl_InterBay3_346_293	SMT	InterBay3	rn_InterBay3_346	rn_InterBay3_293	1	0
rl_InterBay3_347_186	SMT	InterBay3	rn_InterBay3_347	rn_InterBay3_186	1	1
rl_InterBay3_347_345	SMT	InterBay3	rn_InterBay3_347	rn_InterBay3_345	1	0
rl_InterBay3_348_347	SMT	InterBay3	rn_InterBay3_348	rn_InterBay3_347	1	0
rl_InterBay3_349_348	SMT	InterBay3	rn_InterBay3_349	rn_InterBay3_348	1	0
rl_InterBay3_34_33	SMT	InterBay3	rn_InterBay3_34	rn_InterBay3_33	1	0
rl_InterBay3_350_349	SMT	InterBay3	rn_InterBay3_350	rn_InterBay3_349	1	0
rl_InterBay3_351_350	SMT	InterBay3	rn_InterBay3_351	rn_InterBay3_350	1	0
rl_InterBay3_351_A7_15	SMT	InterBay3	rn_InterBay3_351	rn_A7_15	1	1
rl_InterBay3_352_351	SMT	InterBay3	rn_InterBay3_352	rn_InterBay3_351	1	0
rl_InterBay3_353_352	SMT	InterBay3	rn_InterBay3_353	rn_InterBay3_352	1	0
rl_InterBay3_354_353	SMT	InterBay3	rn_InterBay3_354	rn_InterBay3_353	1	0
rl_InterBay3_355_190	SMT	InterBay3	rn_InterBay3_355	rn_InterBay3_190	1	1
rl_InterBay3_355_354	SMT	InterBay3	rn_InterBay3_355	rn_InterBay3_354	1	0
rl_InterBay3_356_355	SMT	InterBay3	rn_InterBay3_356	rn_InterBay3_355	1	0
rl_InterBay3_357_346	SMT	InterBay3	rn_InterBay3_357	rn_InterBay3_346	1	0
rl_InterBay3_357_A1_15	SMT	InterBay3	rn_InterBay3_357	rn_A1_15	1	1
rl_InterBay3_358_356	SMT	InterBay3	rn_InterBay3_358	rn_InterBay3_356	1	0
rl_InterBay3_359_358	SMT	InterBay3	rn_InterBay3_359	rn_InterBay3_358	1	0
rl_InterBay3_35_24	SMT	InterBay3	rn_InterBay3_35	rn_InterBay3_24	1	0
rl_InterBay3_360_359	SMT	InterBay3	rn_InterBay3_360	rn_InterBay3_359	1	0
rl_InterBay3_360_A8_15	SMT	InterBay3	rn_InterBay3_360	rn_A8_15	1	1
rl_InterBay3_361_360	SMT	InterBay3	rn_InterBay3_361	rn_InterBay3_360	1	0
rl_InterBay3_362_361	SMT	InterBay3	rn_InterBay3_362	rn_InterBay3_361	1	0
rl_InterBay3_363_362	SMT	InterBay3	rn_InterBay3_363	rn_InterBay3_362	1	0
rl_InterBay3_364_195	SMT	InterBay3	rn_InterBay3_364	rn_InterBay3_195	1	1
rl_InterBay3_364_363	SMT	InterBay3	rn_InterBay3_364	rn_InterBay3_363	1	0
rl_InterBay3_365_364	SMT	InterBay3	rn_InterBay3_365	rn_InterBay3_364	1	0
rl_InterBay3_366_365	SMT	InterBay3	rn_InterBay3_366	rn_InterBay3_365	1	0
rl_InterBay3_367_366	SMT	InterBay3	rn_InterBay3_367	rn_InterBay3_366	1	0
rl_InterBay3_368_357	SMT	InterBay3	rn_InterBay3_368	rn_InterBay3_357	1	0
rl_InterBay3_369_367	SMT	InterBay3	rn_InterBay3_369	rn_InterBay3_367	1	0
rl_InterBay3_369_A9_15	SMT	InterBay3	rn_InterBay3_369	rn_A9_15	1	1
rl_InterBay3_36_232	SMT	InterBay3	rn_InterBay3_36	rn_InterBay3_232	1	1
rl_InterBay3_36_34	SMT	InterBay3	rn_InterBay3_36	rn_InterBay3_34	1	0
rl_InterBay3_370_369	SMT	InterBay3	rn_InterBay3_370	rn_InterBay3_369	1	0
rl_InterBay3_371_370	SMT	InterBay3	rn_InterBay3_371	rn_InterBay3_370	1	0
rl_InterBay3_372_371	SMT	InterBay3	rn_InterBay3_372	rn_InterBay3_371	1	0
rl_InterBay3_373_199	SMT	InterBay3	rn_InterBay3_373	rn_InterBay3_199	1	1
rl_InterBay3_373_372	SMT	InterBay3	rn_InterBay3_373	rn_InterBay3_372	1	0
rl_InterBay3_374_373	SMT	InterBay3	rn_InterBay3_374	rn_InterBay3_373	1	0
rl_InterBay3_375_374	SMT	InterBay3	rn_InterBay3_375	rn_InterBay3_374	1	0
rl_InterBay3_376_375	SMT	InterBay3	rn_InterBay3_376	rn_InterBay3_375	1	0
rl_InterBay3_377_376	SMT	InterBay3	rn_InterBay3_377	rn_InterBay3_376	1	0
rl_InterBay3_377_A10_15	SMT	InterBay3	rn_InterBay3_377	rn_A10_15	1	1
rl_InterBay3_378_377	SMT	InterBay3	rn_InterBay3_378	rn_InterBay3_377	1	0
rl_InterBay3_379_368	SMT	InterBay3	rn_InterBay3_379	rn_InterBay3_368	1	0
rl_InterBay3_37_36	SMT	InterBay3	rn_InterBay3_37	rn_InterBay3_36	1	0
rl_InterBay3_380_378	SMT	InterBay3	rn_InterBay3_380	rn_InterBay3_378	1	0
rl_InterBay3_381_380	SMT	InterBay3	rn_InterBay3_381	rn_InterBay3_380	1	0
rl_InterBay3_382_204	SMT	InterBay3	rn_InterBay3_382	rn_InterBay3_204	1	1
rl_InterBay3_382_381	SMT	InterBay3	rn_InterBay3_382	rn_InterBay3_381	1	0
rl_InterBay3_383_382	SMT	InterBay3	rn_InterBay3_383	rn_InterBay3_382	1	0
rl_InterBay3_384_383	SMT	InterBay3	rn_InterBay3_384	rn_InterBay3_383	1	0
rl_InterBay3_385_384	SMT	InterBay3	rn_InterBay3_385	rn_InterBay3_384	1	0
rl_InterBay3_386_385	SMT	InterBay3	rn_InterBay3_386	rn_InterBay3_385	1	0
rl_InterBay3_386_A11_15	SMT	InterBay3	rn_InterBay3_386	rn_A11_15	1	1
rl_InterBay3_387_386	SMT	InterBay3	rn_InterBay3_387	rn_InterBay3_386	1	0
rl_InterBay3_388_387	SMT	InterBay3	rn_InterBay3_388	rn_InterBay3_387	1	0
rl_InterBay3_389_388	SMT	InterBay3	rn_InterBay3_389	rn_InterBay3_388	1	0
rl_InterBay3_38_37	SMT	InterBay3	rn_InterBay3_38	rn_InterBay3_37	1	0
rl_InterBay3_390_379	SMT	InterBay3	rn_InterBay3_390	rn_InterBay3_379	1	0
rl_InterBay3_391_210	SMT	InterBay3	rn_InterBay3_391	rn_InterBay3_210	1	1
rl_InterBay3_391_389	SMT	InterBay3	rn_InterBay3_391	rn_InterBay3_389	1	0
rl_InterBay3_392_391	SMT	InterBay3	rn_InterBay3_392	rn_InterBay3_391	1	0
rl_InterBay3_393_392	SMT	InterBay3	rn_InterBay3_393	rn_InterBay3_392	1	0
rl_InterBay3_394_393	SMT	InterBay3	rn_InterBay3_394	rn_InterBay3_393	1	0
rl_InterBay3_395_394	SMT	InterBay3	rn_InterBay3_395	rn_InterBay3_394	1	0
rl_InterBay3_395_A12_15	SMT	InterBay3	rn_InterBay3_395	rn_A12_15	1	1
rl_InterBay3_396_395	SMT	InterBay3	rn_InterBay3_396	rn_InterBay3_395	1	0
rl_InterBay3_397_396	SMT	InterBay3	rn_InterBay3_397	rn_InterBay3_396	1	0
rl_InterBay3_398_397	SMT	InterBay3	rn_InterBay3_398	rn_InterBay3_397	1	0
rl_InterBay3_399_214	SMT	InterBay3	rn_InterBay3_399	rn_InterBay3_214	1	1
rl_InterBay3_399_398	SMT	InterBay3	rn_InterBay3_399	rn_InterBay3_398	1	0
rl_InterBay3_39_38	SMT	InterBay3	rn_InterBay3_39	rn_InterBay3_38	1	0
rl_InterBay3_3_400	SMT	InterBay3	rn_InterBay3_3	rn_InterBay3_400	1	0
rl_InterBay3_400_399	SMT	InterBay3	rn_InterBay3_400	rn_InterBay3_399	1	0
rl_InterBay3_401_402	SMT	InterBay3	rn_InterBay3_401	rn_InterBay3_402	1	1
rl_InterBay3_401_413	SMT	InterBay3	rn_InterBay3_401	rn_InterBay3_413	1	0
rl_InterBay3_402_403	SMT	InterBay3	rn_InterBay3_402	rn_InterBay3_403	1	1
rl_InterBay3_403_404	SMT	InterBay3	rn_InterBay3_403	rn_InterBay3_404	1	1
rl_InterBay3_404_405	SMT	InterBay3	rn_InterBay3_404	rn_InterBay3_405	1	0
rl_InterBay3_405_406	SMT	InterBay3	rn_InterBay3_405	rn_InterBay3_406	1	1
rl_InterBay3_406_407	SMT	InterBay3	rn_InterBay3_406	rn_InterBay3_407	1	0
rl_InterBay3_407_408	SMT	InterBay3	rn_InterBay3_407	rn_InterBay3_408	1	1
rl_InterBay3_408_409	SMT	InterBay3	rn_InterBay3_408	rn_InterBay3_409	1	0
rl_InterBay3_409_410	SMT	InterBay3	rn_InterBay3_409	rn_InterBay3_410	1	1
rl_InterBay3_40_39	SMT	InterBay3	rn_InterBay3_40	rn_InterBay3_39	1	0
rl_InterBay3_40_A17_15	SMT	InterBay3	rn_InterBay3_40	rn_A17_15	1	1
rl_InterBay3_410_411	SMT	InterBay3	rn_InterBay3_410	rn_InterBay3_411	1	1
rl_InterBay3_411_412	SMT	InterBay3	rn_InterBay3_411	rn_InterBay3_412	1	1
rl_InterBay3_412_155	SMT	InterBay3	rn_InterBay3_412	rn_InterBay3_155	1	0
rl_Interbay3_413_414	SMT	InterBay3	rn_InterBay3_413	rn_InterBay3_414	1	0
rl_InterBay3_414_412	SMT	InterBay3	rn_InterBay3_414	rn_InterBay3_412	1	0
rl_InterBay3_415_416	SMT	InterBay3	rn_InterBay3_415	rn_InterBay3_416	1	1
rl_InterBay3_415_427	SMT	InterBay3	rn_InterBay3_415	rn_InterBay3_427	1	0
rl_InterBay3_416_417	SMT	InterBay3	rn_InterBay3_416	rn_InterBay3_417	1	1
rl_InterBay3_417_418	SMT	InterBay3	rn_InterBay3_417	rn_InterBay3_418	1	1
rl_InterBay3_418_419	SMT	InterBay3	rn_InterBay3_418	rn_InterBay3_419	1	0
rl_InterBay3_419_420	SMT	InterBay3	rn_InterBay3_419	rn_InterBay3_420	1	1
rl_InterBay3_41_40	SMT	InterBay3	rn_InterBay3_41	rn_InterBay3_40	1	0
rl_InterBay3_420_421	SMT	InterBay3	rn_InterBay3_420	rn_InterBay3_421	1	0
rl_InterBay3_421_422	SMT	InterBay3	rn_InterBay3_421	rn_InterBay3_422	1	1
rl_InterBay3_422_423	SMT	InterBay3	rn_InterBay3_422	rn_InterBay3_423	1	0
rl_InterBay3_423_424	SMT	InterBay3	rn_InterBay3_423	rn_InterBay3_424	1	1
rl_InterBay3_424_425	SMT	InterBay3	rn_InterBay3_424	rn_InterBay3_425	1	1
rl_InterBay3_425_426	SMT	InterBay3	rn_InterBay3_425	rn_InterBay3_426	1	1
rl_InterBay3_426_71	SMT	InterBay3	rn_InterBay3_426	rn_InterBay3_71	1	0
rl_InterBay3_427_428	SMT	InterBay3	rn_InterBay3_427	rn_InterBay3_428	1	0
rl_InterBay3_428_426	SMT	InterBay3	rn_InterBay3_428	rn_InterBay3_426	1	0
rl_InterBay3_42_41	SMT	InterBay3	rn_InterBay3_42	rn_InterBay3_41	1	0
rl_InterBay3_43_42	SMT	InterBay3	rn_InterBay3_43	rn_InterBay3_42	1	0
rl_InterBay3_44_237	SMT	InterBay3	rn_InterBay3_44	rn_InterBay3_237	1	1
rl_InterBay3_44_43	SMT	InterBay3	rn_InterBay3_44	rn_InterBay3_43	1	0
rl_InterBay3_45_44	SMT	InterBay3	rn_InterBay3_45	rn_InterBay3_44	1	0
rl_InterBay3_46_35	SMT	InterBay3	rn_InterBay3_46	rn_InterBay3_35	1	0
rl_InterBay3_46_A2_15	SMT	InterBay3	rn_InterBay3_46	rn_A2_15	1	1
rl_InterBay3_47_45	SMT	InterBay3	rn_InterBay3_47	rn_InterBay3_45	1	0
rl_InterBay3_48_47	SMT	InterBay3	rn_InterBay3_48	rn_InterBay3_47	1	0
rl_InterBay3_49_48	SMT	InterBay3	rn_InterBay3_49	rn_InterBay3_48	1	0
rl_InterBay3_49_A18_15	SMT	InterBay3	rn_InterBay3_49	rn_A18_15	1	1
rl_InterBay3_4_3	SMT	InterBay3	rn_InterBay3_4	rn_InterBay3_3	1	0
rl_InterBay3_50_49	SMT	InterBay3	rn_InterBay3_50	rn_InterBay3_49	1	0
rl_InterBay3_51_50	SMT	InterBay3	rn_InterBay3_51	rn_InterBay3_50	1	0
rl_InterBay3_52_51	SMT	InterBay3	rn_InterBay3_52	rn_InterBay3_51	1	0
rl_InterBay3_53_241	SMT	InterBay3	rn_InterBay3_53	rn_InterBay3_241	1	1
rl_InterBay3_53_52	SMT	InterBay3	rn_InterBay3_53	rn_InterBay3_52	1	0
rl_InterBay3_54_53	SMT	InterBay3	rn_InterBay3_54	rn_InterBay3_53	1	0
rl_InterBay3_55_54	SMT	InterBay3	rn_InterBay3_55	rn_InterBay3_54	1	0
rl_InterBay3_56_55	SMT	InterBay3	rn_InterBay3_56	rn_InterBay3_55	1	0
rl_InterBay3_57_46	SMT	InterBay3	rn_InterBay3_57	rn_InterBay3_46	1	0
rl_InterBay3_58_56	SMT	InterBay3	rn_InterBay3_58	rn_InterBay3_56	1	0
rl_InterBay3_58_A19_15	SMT	InterBay3	rn_InterBay3_58	rn_A19_15	1	1
rl_InterBay3_59_58	SMT	InterBay3	rn_InterBay3_59	rn_InterBay3_58	1	0
rl_InterBay3_5_4	SMT	InterBay3	rn_InterBay3_5	rn_InterBay3_4	1	0
rl_InterBay3_5_A13_15	SMT	InterBay3	rn_InterBay3_5	rn_A13_15	1	1
rl_InterBay3_60_59	SMT	InterBay3	rn_InterBay3_60	rn_InterBay3_59	1	0
rl_InterBay3_61_60	SMT	InterBay3	rn_InterBay3_61	rn_InterBay3_60	1	0
rl_InterBay3_62_246	SMT	InterBay3	rn_InterBay3_62	rn_InterBay3_246	1	1
rl_InterBay3_62_61	SMT	InterBay3	rn_InterBay3_62	rn_InterBay3_61	1	0
rl_InterBay3_63_62	SMT	InterBay3	rn_InterBay3_63	rn_InterBay3_62	1	0
rl_InterBay3_64_63	SMT	InterBay3	rn_InterBay3_64	rn_InterBay3_63	1	0
rl_InterBay3_65_64	SMT	InterBay3	rn_InterBay3_65	rn_InterBay3_64	1	0
rl_InterBay3_66_65	SMT	InterBay3	rn_InterBay3_66	rn_InterBay3_65	1	0
rl_InterBay3_66_A20_15	SMT	InterBay3	rn_InterBay3_66	rn_A20_15	1	1
rl_InterBay3_67_66	SMT	InterBay3	rn_InterBay3_67	rn_InterBay3_66	1	0
rl_InterBay3_68_57	SMT	InterBay3	rn_InterBay3_68	rn_InterBay3_57	1	0
rl_InterBay3_69_67	SMT	InterBay3	rn_InterBay3_69	rn_InterBay3_67	1	1
rl_InterBay3_6_5	SMT	InterBay3	rn_InterBay3_6	rn_InterBay3_5	1	0
rl_InterBay3_70_69	SMT	InterBay3	rn_InterBay3_70	rn_InterBay3_69	1	0
rl_InterBay3_71_70	SMT	InterBay3	rn_InterBay3_71	rn_InterBay3_70	1	1
rl_InterBay3_72_415	SMT	InterBay3	rn_InterBay3_72	rn_InterBay3_415	1	0
rl_InterBay3_73_72	SMT	InterBay3	rn_InterBay3_73	rn_InterBay3_72	1	0
rl_InterBay3_74_73	SMT	InterBay3	rn_InterBay3_74	rn_InterBay3_73	1	0
rl_InterBay3_75_255	SMT	InterBay3	rn_InterBay3_75	rn_InterBay3_255	1	1
rl_InterBay3_75_74	SMT	InterBay3	rn_InterBay3_75	rn_InterBay3_74	1	0
rl_InterBay3_76_75	SMT	InterBay3	rn_InterBay3_76	rn_InterBay3_75	1	0
rl_InterBay3_77_76	SMT	InterBay3	rn_InterBay3_77	rn_InterBay3_76	1	0
rl_InterBay3_78_77	SMT	InterBay3	rn_InterBay3_78	rn_InterBay3_77	1	0
rl_InterBay3_79_68	SMT	InterBay3	rn_InterBay3_79	rn_InterBay3_68	1	0
rl_InterBay3_7_6	SMT	InterBay3	rn_InterBay3_7	rn_InterBay3_6	1	0
rl_InterBay3_80_259	SMT	InterBay3	rn_InterBay3_80	rn_InterBay3_259	1	1
rl_InterBay3_80_78	SMT	InterBay3	rn_InterBay3_80	rn_InterBay3_78	1	0
rl_InterBay3_81_80	SMT	InterBay3	rn_InterBay3_81	rn_InterBay3_80	1	0
rl_InterBay3_82_81	SMT	InterBay3	rn_InterBay3_82	rn_InterBay3_81	1	0
rl_InterBay3_83_82	SMT	InterBay3	rn_InterBay3_83	rn_InterBay3_82	1	0
rl_InterBay3_84_264	SMT	InterBay3	rn_InterBay3_84	rn_InterBay3_264	1	1
rl_InterBay3_84_83	SMT	InterBay3	rn_InterBay3_84	rn_InterBay3_83	1	0
rl_InterBay3_85_84	SMT	InterBay3	rn_InterBay3_85	rn_InterBay3_84	1	0
rl_InterBay3_86_85	SMT	InterBay3	rn_InterBay3_86	rn_InterBay3_85	1	0
rl_InterBay3_87_86	SMT	InterBay3	rn_InterBay3_87	rn_InterBay3_86	1	0
rl_InterBay3_88_268	SMT	InterBay3	rn_InterBay3_88	rn_InterBay3_268	1	1
rl_InterBay3_88_87	SMT	InterBay3	rn_InterBay3_88	rn_InterBay3_87	1	0
rl_InterBay3_89_88	SMT	InterBay3	rn_InterBay3_89	rn_InterBay3_88	1	0
rl_InterBay3_8_7	SMT	InterBay3	rn_InterBay3_8	rn_InterBay3_7	1	0
rl_InterBay3_90_168	SMT	InterBay3	rn_InterBay3_90	rn_InterBay3_168	1	1
rl_InterBay3_90_79	SMT	InterBay3	rn_InterBay3_90	rn_InterBay3_79	1	0
rl_InterBay3_91_89	SMT	InterBay3	rn_InterBay3_91	rn_InterBay3_89	1	0
rl_InterBay3_92_91	SMT	InterBay3	rn_InterBay3_92	rn_InterBay3_91	1	0
rl_InterBay3_93_273	SMT	InterBay3	rn_InterBay3_93	rn_InterBay3_273	1	1
rl_InterBay3_93_92	SMT	InterBay3	rn_InterBay3_93	rn_InterBay3_92	1	0
rl_InterBay3_94_93	SMT	InterBay3	rn_InterBay3_94	rn_InterBay3_93	1	0
rl_InterBay3_95_94	SMT	InterBay3	rn_InterBay3_95	rn_InterBay3_94	1	0
rl_InterBay3_96_95	SMT	InterBay3	rn_InterBay3_96	rn_InterBay3_95	1	0
rl_InterBay3_97_278	SMT	InterBay3	rn_InterBay3_97	rn_InterBay3_278	1	1
rl_InterBay3_97_96	SMT	InterBay3	rn_InterBay3_97	rn_InterBay3_96	1	0
rl_InterBay3_98_97	SMT	InterBay3	rn_InterBay3_98	rn_InterBay3_97	1	0
rl_InterBay3_99_98	SMT	InterBay3	rn_InterBay3_99	rn_InterBay3_98	1	0
rl_InterBay3_9_219	SMT	InterBay3	rn_InterBay3_9	rn_InterBay3_219	1	1
rl_InterBay3_9_8	SMT	InterBay3	rn_InterBay3_9	rn_InterBay3_8	1	0