FROM	TO	TRANSPORT_TIME
Diffusion_FE_101	TF_FE_104	67.96754020151602
Diffusion_FE_101	Implant_88	37.80028758954636
Diffusion_FE_101	DefMet_BE_42	34.72045247860636
Diffusion_FE_101	DE_FE_86	56.63942338505265
Diffusion_FE_101	TF_FE_103	60.527450575306354
Diffusion_FE_101	TF_BE_40	70.30222334316245
Diffusion_FE_101	LithoMet_BE_18	100.9551449187778
Diffusion_FE_101	Dielectric_BE_27	37.90865596227713
Diffusion_FE_101	Dielectric_FE_130	31.88172060214252
Diffusion_FE_101	STOCKER	65.36397919540214
Diffusion_FE_101	DE_BE_12	83.90059877947283
Diffusion_FE_101	Dielectric_FE_30	30.746883371132792
Diffusion_FE_101	Diffusion_FE_127	29.757022811931176
Diffusion_FE_101	DE_FE_56	66.49994505482951
Diffusion_FE_101	TF_Met_FE_61	73.90117304310894
Diffusion_FE_101	DefMet_FE_118	40.30378581860636
Diffusion_FE_101	TF_BE_23	71.97015054094432
Diffusion_FE_101	Diffusion_FE_126	26.78827281693118
Diffusion_FE_101	DE_FE_1	80.53481220806754
Diffusion_FE_101	Litho_FE_92	99.12576673019979
Diffusion_FE_101	DefMet_FE_34	40.30378581860636
Diffusion_FE_101	DE_BE_13	92.76991878207014
Diffusion_FE_101	Diffusion_FE_120	9.729952984250767
Diffusion_FE_101	Planar_FE_80	86.53057711961989
Diffusion_FE_101	WE_FE_108	55.10923759586017
Diffusion_FE_101	Implant_128	46.41597908587175
Diffusion_FE_101	Implant_132	55.20949887193821
Diffusion_FE_101	WE_FE_41	62.60736898452526
Diffusion_FE_101	WE_BE_17	54.62352676519697
Diffusion_FE_101	WE_BE_7	57.123526761944504
Diffusion_FE_101	WE_BE_82	64.02297602848604
Diffusion_FE_101	TF_BE_24	82.7188677155601
Diffusion_FE_101	DE_FE_70	67.491951289826
Diffusion_FE_101	Diffusion_FE_100	19.304481798895104
Diffusion_FE_101	COMPLETE	106.16993165064457
Diffusion_FE_101	LithoTrack_BE_117	90.58044799254941
Diffusion_FE_101	WE_BE_81	65.32315041428011
Diffusion_FE_101	LithoTrack_FE_115	90.58429748556163
Diffusion_FE_101	DefMet_FE_43	46.368405252600546
Diffusion_FE_101	Diffusion_FE_44	43.53227069975796
Diffusion_FE_101	LithoTrack_FE_95	83.93616444756728
Diffusion_FE_101	Litho_FE_35	85.33876951354723
Diffusion_FE_101	DE_BE_48	88.49622711488314
Diffusion_FE_101	Diffusion_BE_123	26.72809756451926
Diffusion_FE_101	Implant_74	44.62466749667402
Diffusion_FE_101	Planar_FE_79	74.18947821637802
Diffusion_FE_101	DE_FE_59	77.21390348823755
Diffusion_FE_101	Diffusion_FE_94	42.09156872276146
Diffusion_FE_101	WE_FE_84	53.82230208403958
Diffusion_FE_101	TF_FE_131	57.63138766111464
Diffusion_FE_101	Dielectric_BE_20	52.201343295558914
Diffusion_FE_101	DE_BE_66	81.59196430484847
Diffusion_FE_101	TF_BE_2	85.7437495338553
Diffusion_FE_101	WE_BE_9	48.63198461521568
Diffusion_FE_101	TF_FE_3	58.27340864316418
Diffusion_FE_101	DE_FE_72	70.28226236046498
Diffusion_FE_101	Dielectric_BE_21	52.439024694995055
Diffusion_FE_101	Diffusion_FE_125	24.321606144931184
Diffusion_FE_101	TF_Met_FE_45	71.40617425007761
Diffusion_FE_101	WE_FE_8	55.9587533759885
Diffusion_FE_101	Dielectric_FE_29	34.365053938142516
Diffusion_FE_101	Litho_FE_98	97.0043141030792
Diffusion_FE_101	DE_BE_65	86.84097313997015
Diffusion_FE_101	DefMet_FE_106	37.220452478606354
Diffusion_FE_101	DE_BE_67	76.72825353377209
Diffusion_FE_101	Planar_BE_75	76.88092131940408
Diffusion_FE_101	Dielectric_BE_28	43.57454940003299
Diffusion_FE_101	Litho_FE_111	100.54705446219073
Diffusion_FE_101	WE_FE_47	59.07808779902686
Diffusion_FE_101	Litho_BE_99	89.19698473719662
Diffusion_FE_101	WE_FE_85	51.89220474523578
Diffusion_FE_101	DE_FE_62	70.08035915330964
Diffusion_FE_101	Litho_BE_110	105.73537259523017
Diffusion_FE_101	Dielectric_FE_112	38.42663698651679
Diffusion_FE_101	Planar_FE_78	69.68947821407178
Diffusion_FE_101	Planar_FE_77	75.0555247927091
Diffusion_FE_101	TF_FE_113	72.34771946156658
Diffusion_FE_101	DE_FE_58	68.36105616816282
Diffusion_FE_101	Dielectric_FE_31	25.18919056895441
Diffusion_FE_101	DE_BE_50	84.31490225555333
Diffusion_FE_101	Litho_REG_FE_64	86.80158272960476
Diffusion_FE_101	DefMet_FE_10	36.387119145273026
Diffusion_FE_101	Litho_REG_BE_63	95.23188299123363
Diffusion_FE_101	WE_BE_16	55.616811692779834
Diffusion_FE_101	Litho_BE_93	103.05407788628604
Diffusion_FE_101	LithoTrack_FE_96	80.83823803446765
Diffusion_FE_101	DE_FE_53	80.27699496621791
Diffusion_FE_101	DefMet_BE_33	50.452545612861755
Diffusion_FE_101	DE_FE_54	63.19438949482949
Diffusion_FE_101	DE_BE_11	98.11131532513873
Diffusion_FE_101	DE_FE_51	77.68306579847976
Diffusion_FE_101	DE_FE_71	64.65860819782647
Diffusion_FE_101	WE_BE_14	70.6496184503451
Diffusion_FE_101	Planar_FE_76	82.22712691921518
Diffusion_FE_101	TF_BE_26	68.14773497505116
Diffusion_FE_101	COMMIT	106.16993165064457
Diffusion_FE_101	EPI_36	38.45177826136347
Diffusion_FE_101	EPI_38	37.20177826136347
Diffusion_FE_101	Diffusion_FE_122	17.718601725141003
Diffusion_FE_101	Implant_119	39.70177826136348
Diffusion_FE_101	DE_BE_69	75.24415332755504
Diffusion_FE_101	TF_FE_5	61.53729753467238
Diffusion_FE_101	WE_FE_83	42.40721578901675
Diffusion_FE_101	LithoMet_FE_19	84.80090497559311
Diffusion_FE_101	Dielectric_BE_60	50.19340090336762
Diffusion_FE_101	Implant_91	34.993764826418705
Diffusion_FE_101	Implant_90	31.184241016418703
TF_FE_104	Diffusion_FE_101	81.10487101178538
TF_FE_104	Implant_88	50.852438136077495
TF_FE_104	DefMet_BE_42	70.72610274283365
TF_FE_104	DE_FE_86	62.11452724859343
TF_FE_104	TF_FE_103	30.404007836777605
TF_FE_104	TF_BE_40	30.467091747147883
TF_FE_104	LithoMet_BE_18	73.29905954724596
TF_FE_104	Dielectric_BE_27	73.90967580427123
TF_FE_104	Dielectric_FE_130	81.5603086288486
TF_FE_104	STOCKER	53.3680535657722
TF_FE_104	DE_BE_12	97.21515935081877
TF_FE_104	Dielectric_FE_30	65.25559431753766
TF_FE_104	Diffusion_FE_127	70.47895396109932
TF_FE_104	DE_FE_56	82.868025300071
TF_FE_104	TF_Met_FE_61	23.576431913804825
TF_FE_104	DefMet_FE_118	76.74387826492712
TF_FE_104	TF_BE_23	44.26396366664065
TF_FE_104	Diffusion_FE_126	67.51020396609935
TF_FE_104	DE_FE_1	80.28870751689142
TF_FE_104	Litho_FE_92	71.46968135686745
TF_FE_104	DefMet_FE_34	76.74387826492712
TF_FE_104	DE_BE_13	86.06995893883993
TF_FE_104	Diffusion_FE_120	79.1846361372708
TF_FE_104	Planar_FE_80	58.874491740537735
TF_FE_104	WE_FE_108	40.90835685701126
TF_FE_104	Implant_128	49.685692655493455
TF_FE_104	Implant_132	40.97938945374228
TF_FE_104	WE_FE_41	34.32527199527249
TF_FE_104	WE_BE_17	46.82037525451711
TF_FE_104	WE_BE_7	33.69741394644325
TF_FE_104	WE_BE_82	32.244737790392065
TF_FE_104	TF_BE_24	53.92142893938826
TF_FE_104	DE_FE_70	77.23138855603857
TF_FE_104	Diffusion_FE_100	68.02698865788959
TF_FE_104	COMPLETE	104.58257593841545
TF_FE_104	LithoTrack_BE_117	62.92436261639444
TF_FE_104	WE_BE_81	28.402379188058767
TF_FE_104	LithoTrack_FE_115	62.92821210987334
TF_FE_104	DefMet_FE_43	64.1705472075003
TF_FE_104	Diffusion_FE_44	84.2542018489261
TF_FE_104	LithoTrack_FE_95	56.28007906993836
TF_FE_104	Litho_FE_35	57.682684142596166
TF_FE_104	DE_BE_48	92.46242443042179
TF_FE_104	Diffusion_BE_123	64.6982849601118
TF_FE_104	Implant_74	44.687722786599416
TF_FE_104	Planar_FE_79	46.533392845427024
TF_FE_104	DE_FE_59	71.68520489503882
TF_FE_104	Diffusion_FE_94	79.17412165221432
TF_FE_104	WE_FE_84	42.65366829328777
TF_FE_104	TF_FE_131	28.876291913150368
TF_FE_104	Dielectric_BE_20	56.2200934811124
TF_FE_104	DE_BE_66	85.64826786532946
TF_FE_104	TF_BE_2	58.08766415477311
TF_FE_104	WE_BE_9	47.32617532773109
TF_FE_104	TF_FE_3	33.31599672106639
TF_FE_104	DE_FE_72	62.22292977199961
TF_FE_104	Dielectric_BE_21	58.987641630468154
TF_FE_104	Diffusion_FE_125	65.04353729409932
TF_FE_104	TF_Met_FE_45	21.493483733090546
TF_FE_104	WE_FE_8	39.67962567259942
TF_FE_104	Dielectric_FE_29	76.15975430401718
TF_FE_104	Litho_FE_98	69.34822873212816
TF_FE_104	DE_BE_65	86.49830425362677
TF_FE_104	DefMet_FE_106	73.66054492492712
TF_FE_104	DE_BE_67	91.17284803394392
TF_FE_104	Planar_BE_75	49.2248359425473
TF_FE_104	Dielectric_BE_28	61.70987913678737
TF_FE_104	Litho_FE_111	72.89096908946557
TF_FE_104	WE_FE_47	36.596292340599426
TF_FE_104	Litho_BE_99	61.54089937275049
TF_FE_104	WE_FE_85	41.66284081838966
TF_FE_104	DE_FE_62	72.93437184720646
TF_FE_104	Litho_BE_110	78.07928721848968
TF_FE_104	Dielectric_FE_112	69.49503924660793
TF_FE_104	Planar_FE_78	42.033392844747034
TF_FE_104	Planar_FE_77	47.39943941606626
TF_FE_104	TF_FE_113	16.712654430087365
TF_FE_104	DE_FE_58	83.50640895495947
TF_FE_104	Dielectric_FE_31	60.401988657889596
TF_FE_104	DE_BE_50	96.05750321655094
TF_FE_104	Litho_REG_FE_64	59.14549735149831
TF_FE_104	DefMet_FE_10	72.68239753089598
TF_FE_104	Litho_REG_BE_63	67.57579762304721
TF_FE_104	WE_BE_16	37.70857284048153
TF_FE_104	Litho_BE_93	75.39799251858744
TF_FE_104	LithoTrack_FE_96	53.182152655385494
TF_FE_104	DE_FE_53	86.8893289036154
TF_FE_104	DefMet_BE_33	59.99400960857827
TF_FE_104	DE_FE_54	80.14692586105237
TF_FE_104	DE_BE_11	76.35461902502146
TF_FE_104	DE_FE_51	78.44577655078743
TF_FE_104	DE_FE_71	66.85203234637864
TF_FE_104	WE_BE_14	26.631987469804816
TF_FE_104	Planar_FE_76	54.571041543385476
TF_FE_104	TF_BE_26	39.71487049012789
TF_FE_104	COMMIT	104.58257593841545
TF_FE_104	EPI_36	54.90382162377089
TF_FE_104	EPI_38	53.43660063426194
TF_FE_104	Diffusion_FE_122	68.28047621793058
TF_FE_104	Implant_119	56.37104261327983
TF_FE_104	DE_BE_69	89.16671335828438
TF_FE_104	TF_FE_5	24.91696987854563
TF_FE_104	WE_FE_83	52.88190234697839
TF_FE_104	LithoMet_FE_19	57.144819602202716
TF_FE_104	Dielectric_BE_60	59.698535412253854
TF_FE_104	Implant_91	58.913962407741174
TF_FE_104	Implant_90	57.225486819555584
Implant_88	Diffusion_FE_101	57.744178878194646
Implant_88	TF_FE_104	52.001176309755515
Implant_88	DefMet_BE_42	63.94723292666848
Implant_88	DE_FE_86	72.08097024403048
Implant_88	TF_FE_103	44.561087769353016
Implant_88	TF_BE_40	54.335860538254565
Implant_88	LithoMet_BE_18	84.9887821195617
Implant_88	Dielectric_BE_27	65.877820521049
Implant_88	Dielectric_FE_130	62.24746923887824
Implant_88	STOCKER	56.26218082724654
Implant_88	DE_BE_12	108.90488192403578
Implant_88	Dielectric_FE_30	50.82360631628272
Implant_88	Diffusion_FE_127	43.947373098805215
Implant_88	DE_FE_56	94.55774787689315
Implant_88	TF_Met_FE_61	57.93480369602173
Implant_88	DefMet_FE_118	69.53056626666847
Implant_88	TF_BE_23	56.00378773523014
Implant_88	Diffusion_FE_126	40.97862310380521
Implant_88	DE_FE_1	91.97843008920711
Implant_88	Litho_FE_92	83.15940392918317
Implant_88	DefMet_FE_34	69.53056626666847
Implant_88	DE_BE_13	97.75968150912774
Implant_88	Diffusion_FE_120	58.70285170414597
Implant_88	Planar_FE_80	70.56421431285345
Implant_88	WE_FE_108	39.14286174007437
Implant_88	Implant_128	28.174799205093006
Implant_88	Implant_132	29.345019300277897
Implant_88	WE_FE_41	46.59747546595201
Implant_88	WE_BE_17	38.65715741106276
Implant_88	WE_BE_7	41.15715741106276
Implant_88	WE_BE_82	48.05660277791431
Implant_88	TF_BE_24	66.75250491529859
Implant_88	DE_FE_70	88.92111112371911
Implant_88	Diffusion_FE_100	68.3940360743579
Implant_88	COMPLETE	103.82099241632719
Implant_88	LithoTrack_BE_117	74.61408518871016
Implant_88	WE_BE_81	49.35677889672325
Implant_88	LithoTrack_FE_115	74.61793468218906
Implant_88	DefMet_FE_43	61.837956393915
Implant_88	Diffusion_FE_44	57.722620986631966
Implant_88	LithoTrack_FE_95	67.96980164225407
Implant_88	Litho_FE_35	69.3724067149119
Implant_88	DE_BE_48	104.15214700408943
Implant_88	Diffusion_BE_123	53.55497149402824
Implant_88	Implant_74	15.98689356793911
Implant_88	Planar_FE_79	58.22311541774276
Implant_88	DE_FE_59	83.37492746519146
Implant_88	Diffusion_FE_94	54.06746751365234
Implant_88	WE_FE_84	37.230168820293756
Implant_88	TF_FE_131	41.66501830721274
Implant_88	Dielectric_BE_20	53.887502688324616
Implant_88	DE_BE_66	97.33799043867522
Implant_88	TF_BE_2	69.77738672708882
Implant_88	WE_BE_9	32.66560875942987
Implant_88	TF_FE_3	42.30703929106276
Implant_88	DE_FE_72	73.91265234431535
Implant_88	Dielectric_BE_21	62.204762502141975
Implant_88	Diffusion_FE_125	38.5119564318052
Implant_88	TF_Met_FE_45	55.43980490326146
Implant_88	WE_FE_8	39.73127154347803
Implant_88	Dielectric_FE_29	59.28734060569902
Implant_88	Litho_FE_98	81.03795130444388
Implant_88	DE_BE_65	98.18802682511054
Implant_88	DefMet_FE_106	66.44723292666848
Implant_88	DE_BE_67	102.86257060548712
Implant_88	Planar_BE_75	60.914558514863025
Implant_88	Dielectric_BE_28	53.32758973642987
Implant_88	Litho_FE_111	84.58069166178133
Implant_88	WE_FE_47	42.95504835720625
Implant_88	Litho_BE_99	73.23062194506623
Implant_88	WE_FE_85	35.08023408834569
Implant_88	DE_FE_62	84.62409441591703
Implant_88	Litho_BE_110	88.62704156758201
Implant_88	Dielectric_FE_112	53.36718564261767
Implant_88	Planar_FE_78	53.72311541706274
Implant_88	Planar_FE_77	59.089161988381974
Implant_88	TF_FE_113	56.38135339006054
Implant_88	DE_FE_58	95.19613153088034
Implant_88	Dielectric_FE_31	45.97000065717867
Implant_88	DE_BE_50	107.7472257870641
Implant_88	Litho_REG_FE_64	70.83521992381404
Implant_88	DefMet_FE_10	65.61389959333513
Implant_88	Litho_REG_BE_63	79.26552019536294
Implant_88	WE_BE_16	39.65044233905216
Implant_88	Litho_BE_93	87.08771509090317
Implant_88	LithoTrack_FE_96	64.8718752277012
Implant_88	DE_FE_53	98.57905147863498
Implant_88	DefMet_BE_33	57.66141879499297
Implant_88	DE_FE_54	91.83664843472
Implant_88	DE_BE_11	88.04434159733722
Implant_88	DE_FE_51	90.13549912526622
Implant_88	DE_FE_71	78.54171235890523
Implant_88	WE_BE_14	54.68324910629351
Implant_88	Planar_FE_76	66.26076411570119
Implant_88	TF_BE_26	52.181372169802515
Implant_88	COMMIT	103.82099241632719
Implant_88	EPI_36	21.932052016663203
Implant_88	EPI_38	20.974296428853002
Implant_88	Diffusion_FE_122	47.79869178480576
Implant_88	Implant_119	22.8898076044734
Implant_88	DE_BE_69	100.85643592519237
Implant_88	TF_FE_5	45.570928179996095
Implant_88	WE_FE_83	26.179733956506286
Implant_88	LithoMet_FE_19	68.83454217451842
Implant_88	Dielectric_BE_60	45.26654740364353
Implant_88	Implant_91	13.102145866033796
Implant_88	Implant_90	8.601991879121648
DefMet_BE_42	Diffusion_FE_101	51.52756258775223
DefMet_BE_42	TF_FE_104	80.49700867680428
DefMet_BE_42	Implant_88	47.77593265958131
DefMet_BE_42	DE_FE_86	46.65390364314985
DefMet_BE_42	TF_FE_103	73.05692014588814
DefMet_BE_42	TF_BE_40	82.8316929103369
DefMet_BE_42	LithoMet_BE_18	113.4846144885465
DefMet_BE_42	Dielectric_BE_27	42.90272461375545
DefMet_BE_42	Dielectric_FE_130	51.98300020481545
DefMet_BE_42	STOCKER	66.5347288650775
DefMet_BE_42	DE_BE_12	74.78128205203365
DefMet_BE_42	Dielectric_FE_30	35.67828590028052
DefMet_BE_42	Diffusion_FE_127	40.90164553706621
DefMet_BE_42	DE_FE_56	57.594953635640856
DefMet_BE_42	TF_Met_FE_61	86.43063606036013
DefMet_BE_42	DefMet_FE_118	9.380952374285714
DefMet_BE_42	TF_BE_23	84.49962011200445
DefMet_BE_42	Diffusion_FE_126	37.932895542066206
DefMet_BE_42	DE_FE_1	72.68050606701834
DefMet_BE_42	Litho_FE_92	111.6552363062992
DefMet_BE_42	DefMet_FE_34	9.380952374285714
DefMet_BE_42	DE_BE_13	84.94505663196239
DefMet_BE_42	Diffusion_FE_120	49.60732771323768
DefMet_BE_42	Planar_FE_80	99.06004669345424
DefMet_BE_42	WE_FE_108	52.83965829924082
DefMet_BE_42	Implant_128	56.391624155906705
DefMet_BE_42	Implant_132	65.18514394197317
DefMet_BE_42	WE_FE_41	60.561508634738054
DefMet_BE_42	WE_BE_17	67.15298977540114
DefMet_BE_42	WE_BE_7	69.65298977540114
DefMet_BE_42	WE_BE_82	67.67301366035318
DefMet_BE_42	TF_BE_24	95.24833729589935
DefMet_BE_42	DE_FE_70	58.86544234552423
DefMet_BE_42	Diffusion_FE_100	38.44968023385645
DefMet_BE_42	COMPLETE	106.70525847931236
DefMet_BE_42	LithoTrack_BE_117	103.10991756931098
DefMet_BE_42	WE_BE_81	72.91959932757429
DefMet_BE_42	LithoTrack_FE_115	103.11376705925457
DefMet_BE_42	DefMet_FE_43	12.575396818952383
DefMet_BE_42	Diffusion_FE_44	54.67689342489296
DefMet_BE_42	LithoTrack_FE_95	96.46563402008677
DefMet_BE_42	Litho_FE_35	97.86823909551276
DefMet_BE_42	DE_BE_48	79.37852536416491
DefMet_BE_42	Diffusion_BE_123	35.12097653607867
DefMet_BE_42	Implant_74	54.60031256670898
DefMet_BE_42	Planar_FE_79	86.71894778858608
DefMet_BE_42	DE_FE_59	69.80594579782755
DefMet_BE_42	Diffusion_FE_94	53.15269304396075
DefMet_BE_42	WE_FE_84	66.56323085736643
DefMet_BE_42	TF_FE_131	70.1608506785207
DefMet_BE_42	Dielectric_BE_20	22.388655966025354
DefMet_BE_42	DE_BE_66	72.3046196098039
DefMet_BE_42	TF_BE_2	98.27321909549283
DefMet_BE_42	WE_BE_9	46.36240530708311
DefMet_BE_42	TF_FE_3	70.80287165946675
DefMet_BE_42	DE_FE_72	61.46688624493611
DefMet_BE_42	Dielectric_BE_21	28.241355673744685
DefMet_BE_42	Diffusion_FE_125	35.466228870066196
DefMet_BE_42	TF_Met_FE_45	83.93563726759984
DefMet_BE_42	WE_FE_8	65.93439844602345
DefMet_BE_42	Dielectric_FE_29	46.58244588676003
DefMet_BE_42	Litho_FE_98	109.53378368504471
DefMet_BE_42	DE_BE_65	79.08755215917664
DefMet_BE_42	DefMet_FE_106	6.297619034285714
DefMet_BE_42	DE_BE_67	67.91609053790177
DefMet_BE_42	Planar_BE_75	89.41039089289605
DefMet_BE_42	Dielectric_BE_28	31.548081950474668
DefMet_BE_42	Litho_FE_111	113.07652403720776
DefMet_BE_42	WE_FE_47	64.15564312428407
DefMet_BE_42	Litho_BE_99	101.72645430940469
DefMet_BE_42	WE_FE_85	61.86784981527071
DefMet_BE_42	DE_FE_62	60.79313952114468
DefMet_BE_42	Litho_BE_110	118.26484217140623
DefMet_BE_42	Dielectric_FE_112	39.91773082922759
DefMet_BE_42	Planar_FE_78	82.21894778140114
DefMet_BE_42	Planar_FE_77	87.58499436085157
DefMet_BE_42	TF_FE_113	84.87718575439892
DefMet_BE_42	DE_FE_58	59.45606474897419
DefMet_BE_42	Dielectric_FE_31	30.82468023385644
DefMet_BE_42	DE_BE_50	75.61210147919746
DefMet_BE_42	Litho_REG_FE_64	99.33105228923662
DefMet_BE_42	DefMet_FE_10	4.543445467940322
DefMet_BE_42	Litho_REG_BE_63	107.7613525597014
DefMet_BE_42	WE_BE_16	68.14627470339055
DefMet_BE_42	Litho_BE_93	115.583547471504
DefMet_BE_42	LithoTrack_FE_96	93.36770760830196
DefMet_BE_42	DE_FE_53	71.8051941559546
DefMet_BE_42	DefMet_BE_33	19.52971216854109
DefMet_BE_42	DE_FE_54	54.28939807564086
DefMet_BE_42	DE_BE_11	92.03883817009064
DefMet_BE_42	DE_FE_51	68.81001405337561
DefMet_BE_42	DE_FE_71	56.38504735667529
DefMet_BE_42	WE_BE_14	83.1790814706319
DefMet_BE_42	Planar_FE_76	94.75659648546038
DefMet_BE_42	TF_BE_26	80.6772045471508
DefMet_BE_42	COMMIT	106.70525847931236
DefMet_BE_42	EPI_36	48.42742333139843
DefMet_BE_42	EPI_38	47.17742333139842
DefMet_BE_42	Diffusion_FE_122	38.70316779389746
DefMet_BE_42	Implant_119	49.67742333139843
DefMet_BE_42	DE_BE_69	66.3391619083664
DefMet_BE_42	TF_FE_5	74.06676054975527
DefMet_BE_42	WE_FE_83	52.38286085905171
DefMet_BE_42	LithoMet_FE_19	97.33037455060193
DefMet_BE_42	Dielectric_BE_60	30.12122699635191
DefMet_BE_42	Implant_91	44.96940989645365
DefMet_BE_42	Implant_90	41.15988608645364
DE_FE_86	Diffusion_FE_101	64.17894051007978
DE_FE_86	TF_FE_104	58.02937346043547
DE_FE_86	Implant_88	60.42731058190886
DE_FE_86	DefMet_BE_42	51.682409898225636
DE_FE_86	TF_FE_103	50.416681272753955
DE_FE_86	TF_BE_40	60.70620006135952
DE_FE_86	LithoMet_BE_18	87.57792471058178
DE_FE_86	Dielectric_BE_27	56.87989673539707
DE_FE_86	Dielectric_FE_130	64.63437812714302
DE_FE_86	STOCKER	54.43622765632971
DE_FE_86	DE_BE_12	62.32764817580699
DE_FE_86	Dielectric_FE_30	48.32966382260809
DE_FE_86	Diffusion_FE_127	53.55302345939376
DE_FE_86	DE_FE_56	44.93645988808559
DE_FE_86	TF_Met_FE_61	68.95471782678189
DE_FE_86	DefMet_FE_118	57.62146097762596
DE_FE_86	TF_BE_23	58.869049966304736
DE_FE_86	Diffusion_FE_126	50.58427346439376
DE_FE_86	DE_FE_1	59.12401258464601
DE_FE_86	Litho_FE_92	85.74854652404669
DE_FE_86	DefMet_FE_34	57.62146097762596
DE_FE_86	DE_BE_13	71.39963559918266
DE_FE_86	Diffusion_FE_120	62.25870563556524
DE_FE_86	Planar_FE_80	73.29021186977685
DE_FE_86	WE_FE_108	65.828149887262
DE_FE_86	Implant_128	69.04300208365848
DE_FE_86	Implant_132	77.83652187116017
DE_FE_86	WE_FE_41	73.21286822884642
DE_FE_86	WE_BE_17	53.149355262469236
DE_FE_86	WE_BE_7	55.64935525920283
DE_FE_86	WE_BE_82	69.66238664705742
DE_FE_86	TF_BE_24	69.61534733172306
DE_FE_86	DE_FE_70	45.96247753632372
DE_FE_86	Diffusion_FE_100	51.10105815618402
DE_FE_86	COMPLETE	106.70170056422145
DE_FE_86	LithoTrack_BE_117	77.2032277817494
DE_FE_86	WE_BE_81	64.37267323011301
DE_FE_86	LithoTrack_FE_115	77.20707727553437
DE_FE_86	DefMet_FE_43	45.74430402678491
DE_FE_86	Diffusion_FE_44	67.32827134722052
DE_FE_86	LithoTrack_FE_95	70.5589487504821
DE_FE_86	Litho_FE_35	71.96154930631403
DE_FE_86	DE_BE_48	66.96121056844103
DE_FE_86	Diffusion_BE_123	47.77235445840623
DE_FE_86	Implant_74	67.25169048903653
DE_FE_86	Planar_FE_79	60.81226811409547
DE_FE_86	DE_FE_59	55.843003618618766
DE_FE_86	Diffusion_FE_94	65.80407096683271
DE_FE_86	WE_FE_84	79.21456591376524
DE_FE_86	TF_FE_131	56.15721616493551
DE_FE_86	Dielectric_BE_20	39.00005902531137
DE_FE_86	DE_BE_66	60.03061517694061
DE_FE_86	TF_BE_2	72.64022914264015
DE_FE_86	WE_BE_9	59.013783306889856
DE_FE_86	TF_FE_3	59.43128033665557
DE_FE_86	DE_FE_72	45.14465850436874
DE_FE_86	Dielectric_BE_21	41.97360744148749
DE_FE_86	Diffusion_FE_125	48.11760679239377
DE_FE_86	TF_Met_FE_45	66.61425210399717
DE_FE_86	WE_FE_8	78.58577637891239
DE_FE_86	Dielectric_FE_29	59.233823809087596
DE_FE_86	Litho_FE_98	83.62709389699198
DE_FE_86	DE_BE_65	65.42562561129698
DE_FE_86	DefMet_FE_106	54.53812763762597
DE_FE_86	DE_BE_67	55.176105435992966
DE_FE_86	Planar_BE_75	63.7197820426005
DE_FE_86	Dielectric_BE_28	44.73989679550986
DE_FE_86	Litho_FE_111	87.16983425511329
DE_FE_86	WE_FE_47	76.80702107553891
DE_FE_86	Litho_BE_99	75.8197645361409
DE_FE_86	WE_FE_85	74.51922774434885
DE_FE_86	DE_FE_62	48.51796023623018
DE_FE_86	Litho_BE_110	92.35815238931494
DE_FE_86	Dielectric_FE_112	52.569108751555156
DE_FE_86	Planar_FE_78	56.31226811252049
DE_FE_86	Planar_FE_77	61.678314687496005
DE_FE_86	TF_FE_113	66.5552490664036
DE_FE_86	DE_FE_58	46.797571001418916
DE_FE_86	Dielectric_FE_31	43.47605815618402
DE_FE_86	DE_BE_50	62.778934002259724
DE_FE_86	Litho_REG_FE_64	73.42436251486689
DE_FE_86	DefMet_FE_10	53.58622172449251
DE_FE_86	Litho_REG_BE_63	81.85466278707065
DE_FE_86	WE_BE_16	54.14264018851241
DE_FE_86	Litho_BE_93	89.67685768039529
DE_FE_86	LithoTrack_FE_96	67.46102792948923
DE_FE_86	DE_FE_53	58.766416763583614
DE_FE_86	DefMet_BE_33	40.95031676397024
DE_FE_86	DE_FE_54	41.63090432808558
DE_FE_86	DE_BE_11	76.68773312900981
DE_FE_86	DE_FE_51	56.164832081512266
DE_FE_86	DE_FE_71	42.95543857280397
DE_FE_86	WE_BE_14	67.09207672400564
DE_FE_86	Planar_FE_76	68.84991681348733
DE_FE_86	TF_BE_26	57.63793219661358
DE_FE_86	COMMIT	106.70170056422145
DE_FE_86	EPI_36	61.078801258353394
DE_FE_86	EPI_38	59.828801256883516
DE_FE_86	Diffusion_FE_122	51.354545716225026
DE_FE_86	Implant_119	62.32880125982327
DE_FE_86	DE_BE_69	53.68066816081113
DE_FE_86	TF_FE_5	70.59129881645308
DE_FE_86	WE_FE_83	65.03423878602482
DE_FE_86	LithoMet_FE_19	71.42368476513836
DE_FE_86	Dielectric_BE_60	42.772604918679484
DE_FE_86	Implant_91	57.620787818781196
DE_FE_86	Implant_90	53.811264008781194
TF_FE_103	Diffusion_FE_101	87.68530913848566
TF_FE_103	TF_FE_104	12.21327748941742
TF_FE_103	Implant_88	52.227754448823234
TF_FE_103	DefMet_BE_42	77.30654090262215
TF_FE_103	DE_FE_86	68.07593561006665
TF_FE_103	TF_BE_40	30.774036247897893
TF_FE_103	LithoMet_BE_18	78.77732020991571
TF_FE_103	Dielectric_BE_27	80.49011393313984
TF_FE_103	Dielectric_FE_130	88.14074675554892
TF_FE_103	STOCKER	58.431883803541645
TF_FE_103	DE_BE_12	102.6934200143898
TF_FE_103	Dielectric_FE_30	71.83603245101396
TF_FE_103	Diffusion_FE_127	77.05939208779962
TF_FE_103	DE_FE_56	88.34628596589523
TF_FE_103	TF_Met_FE_61	25.098409531472424
TF_FE_103	DefMet_FE_118	83.32431639975859
TF_FE_103	TF_BE_23	49.704395876467785
TF_FE_103	Diffusion_FE_126	74.09064209279965
TF_FE_103	DE_FE_1	85.76696818361695
TF_FE_103	Litho_FE_92	76.94794201953721
TF_FE_103	DefMet_FE_34	83.32431639975859
TF_FE_103	DE_BE_13	91.54821960455152
TF_FE_103	Diffusion_FE_120	85.76507426397112
TF_FE_103	Planar_FE_80	64.35275240320746
TF_FE_103	WE_FE_108	42.04067528010742
TF_FE_103	Implant_128	50.8180110785896
TF_FE_103	Implant_132	42.11170787683843
TF_FE_103	WE_FE_41	35.457590418368646
TF_FE_103	WE_BE_17	48.48716686022164
TF_FE_103	WE_BE_7	35.21939156411085
TF_FE_103	WE_BE_82	33.37705621348822
TF_FE_103	TF_BE_24	58.61179192026332
TF_FE_103	DE_FE_70	82.70964921870832
TF_FE_103	Diffusion_FE_100	74.60742678458989
TF_FE_103	COMPLETE	107.88786548062242
TF_FE_103	LithoTrack_BE_117	68.40262327906416
TF_FE_103	WE_BE_81	29.6645840093454
TF_FE_103	LithoTrack_FE_115	68.40647277254308
TF_FE_103	DefMet_FE_43	70.7509853672888
TF_FE_103	Diffusion_FE_44	90.8346399756264
TF_FE_103	LithoTrack_FE_95	61.7583397326081
TF_FE_103	Litho_FE_35	63.16094480526592
TF_FE_103	DE_BE_48	97.94068509473318
TF_FE_103	Diffusion_BE_123	71.27872308681211
TF_FE_103	Implant_74	45.820041209695574
TF_FE_103	Planar_FE_79	52.011653508096764
TF_FE_103	DE_FE_59	77.16346556122357
TF_FE_103	Diffusion_FE_94	85.36540837151433
TF_FE_103	WE_FE_84	43.78598671638393
TF_FE_103	TF_FE_131	36.28064832026961
TF_FE_103	Dielectric_BE_20	62.800531618070586
TF_FE_103	DE_BE_66	91.12652852767731
TF_FE_103	TF_BE_2	63.56592481744285
TF_FE_103	WE_BE_9	48.45849375082724
TF_FE_103	TF_FE_3	40.650532099991025
TF_FE_103	DE_FE_72	67.70119043640757
TF_FE_103	Dielectric_BE_21	65.56807976275863
TF_FE_103	Diffusion_FE_125	71.62397542079965
TF_FE_103	TF_Met_FE_45	22.820631753472426
TF_FE_103	WE_FE_8	40.81194409569557
TF_FE_103	Dielectric_FE_29	82.74019243749348
TF_FE_103	Litho_FE_98	74.8264893947979
TF_FE_103	DE_BE_65	91.97656492264021
TF_FE_103	DefMet_FE_106	80.24098305975859
TF_FE_103	DE_BE_67	96.65110870018661
TF_FE_103	Planar_BE_75	54.70309660521705
TF_FE_103	Dielectric_BE_28	68.29031727161885
TF_FE_103	Litho_FE_111	78.36922975213533
TF_FE_103	WE_FE_47	37.72861076369558
TF_FE_103	Litho_BE_99	67.01916003542023
TF_FE_103	WE_FE_85	42.79515924148583
TF_FE_103	DE_FE_62	78.41263250820238
TF_FE_103	Litho_BE_110	83.55754788115941
TF_FE_103	Dielectric_FE_112	76.07547737885223
TF_FE_103	Planar_FE_78	47.51165350741677
TF_FE_103	Planar_FE_77	52.87770007873599
TF_FE_103	TF_FE_113	24.210105541466096
TF_FE_103	DE_FE_58	88.98466962123435
TF_FE_103	Dielectric_FE_31	66.98242678458989
TF_FE_103	DE_BE_50	101.53576388079794
TF_FE_103	Litho_REG_FE_64	64.62375801416805
TF_FE_103	DefMet_FE_10	79.26283567404643
TF_FE_103	Litho_REG_BE_63	73.05405828571695
TF_FE_103	WE_BE_16	39.284855703662984
TF_FE_103	Litho_BE_93	80.8762531812572
TF_FE_103	LithoTrack_FE_96	58.66041331805522
TF_FE_103	DE_FE_53	92.36758956763704
TF_FE_103	DefMet_BE_33	66.57444776836675
TF_FE_103	DE_FE_54	85.62518652304614
TF_FE_103	DE_BE_11	81.83287968769122
TF_FE_103	DE_FE_51	83.92403721253784
TF_FE_103	DE_FE_71	72.33028591317054
TF_FE_103	WE_BE_14	28.15396508747242
TF_FE_103	Planar_FE_76	60.04930220605522
TF_FE_103	TF_BE_26	44.6164834164538
TF_FE_103	COMMIT	107.88786548062242
TF_FE_103	EPI_36	56.03614004686705
TF_FE_103	EPI_38	54.56891905735811
TF_FE_103	Diffusion_FE_122	74.8609143446309
TF_FE_103	Implant_119	57.503361036375985
TF_FE_103	DE_BE_69	94.64497401825024
TF_FE_103	TF_FE_5	32.414420989924366
TF_FE_103	WE_FE_83	54.01422077007454
TF_FE_103	LithoMet_FE_19	62.62308026487247
TF_FE_103	Dielectric_BE_60	66.27897354708534
TF_FE_103	Implant_91	60.4628486416652
TF_FE_103	Implant_90	58.84380102195091
TF_BE_40	Diffusion_FE_101	85.32764926369455
TF_BE_40	TF_FE_104	25.9541976240935
TF_BE_40	Implant_88	59.72086512319158
TF_BE_40	DefMet_BE_42	74.9488810089235
TF_BE_40	DE_FE_86	59.55238946510854
TF_BE_40	TF_FE_103	25.14939077731924
TF_BE_40	LithoMet_BE_18	66.37045784048794
TF_BE_40	Dielectric_BE_27	78.13245405966519
TF_BE_40	Dielectric_FE_130	85.78308688075778
TF_BE_40	STOCKER	51.406065792066045
TF_BE_40	DE_BE_12	90.28655764843842
TF_BE_40	Dielectric_FE_30	69.47837257389965
TF_BE_40	Diffusion_FE_127	74.70173221300853
TF_BE_40	DE_FE_56	75.93942359472928
TF_BE_40	TF_Met_FE_61	34.85890932448821
TF_BE_40	DefMet_FE_118	80.96665652032111
TF_BE_40	TF_BE_23	36.35247272950729
TF_BE_40	Diffusion_FE_126	71.73298221800854
TF_BE_40	DE_FE_1	73.36010581096109
TF_BE_40	Litho_FE_92	64.54107965010941
TF_BE_40	DefMet_FE_34	80.96665652032111
TF_BE_40	DE_BE_13	79.14135723447188
TF_BE_40	Diffusion_FE_120	83.40741438917999
TF_BE_40	Planar_FE_80	51.9458900337797
TF_BE_40	WE_FE_108	51.03928012943797
TF_BE_40	Implant_128	59.65855115547626
TF_BE_40	Implant_132	51.8722076698542
TF_BE_40	WE_FE_41	45.21809021138442
TF_BE_40	WE_BE_17	55.54340552419651
TF_BE_40	WE_BE_7	44.97989135712664
TF_BE_40	WE_BE_82	43.14502721459192
TF_BE_40	TF_BE_24	36.2629460128011
TF_BE_40	DE_FE_70	70.30278684475569
TF_BE_40	Diffusion_FE_100	72.24976690979877
TF_BE_40	COMPLETE	106.56468419512032
TF_BE_40	LithoTrack_BE_117	55.9957609096364
TF_BE_40	WE_BE_81	39.425083802361186
TF_BE_40	LithoTrack_FE_115	55.99961040311531
TF_BE_40	DefMet_FE_43	68.39332547359015
TF_BE_40	Diffusion_FE_44	88.47698010083528
TF_BE_40	LithoTrack_FE_95	49.35147736318031
TF_BE_40	Litho_FE_35	50.754082435838136
TF_BE_40	DE_BE_48	85.53382272402243
TF_BE_40	Diffusion_BE_123	68.921063212021
TF_BE_40	Implant_74	55.58054100271133
TF_BE_40	Planar_FE_79	39.604791138668986
TF_BE_40	DE_FE_59	64.7566031858473
TF_BE_40	Diffusion_FE_94	83.87333133013797
TF_BE_40	WE_FE_84	53.58185847460902
TF_BE_40	TF_FE_131	46.28352471732958
TF_BE_40	Dielectric_BE_20	60.4428717371274
TF_BE_40	DE_BE_66	78.71966615893928
TF_BE_40	TF_BE_2	50.61819176572253
TF_BE_40	WE_BE_9	58.37272688596264
TF_BE_40	TF_FE_3	50.693306227447906
TF_BE_40	DE_FE_72	55.29432806388963
TF_BE_40	Dielectric_BE_21	63.21041988441012
TF_BE_40	Diffusion_FE_125	69.26631554600853
TF_BE_40	TF_Met_FE_45	32.58113154648821
TF_BE_40	WE_FE_8	50.57244388871135
TF_BE_40	Dielectric_FE_29	80.38253256037918
TF_BE_40	Litho_FE_98	62.41962702537012
TF_BE_40	DE_BE_65	79.5697025514148
TF_BE_40	DefMet_FE_106	77.88332318032109
TF_BE_40	DE_BE_67	84.24424632773768
TF_BE_40	Planar_BE_75	42.25236640340691
TF_BE_40	Dielectric_BE_28	65.93265739218135
TF_BE_40	Litho_FE_111	65.96236738270755
TF_BE_40	WE_FE_47	47.48911055671135
TF_BE_40	Litho_BE_99	54.61229766599244
TF_BE_40	WE_FE_85	52.5556590345016
TF_BE_40	DE_FE_62	66.00577013583161
TF_BE_40	Litho_BE_110	71.15068551173165
TF_BE_40	Dielectric_FE_112	73.71781749693311
TF_BE_40	Planar_FE_78	35.10479113798899
TF_BE_40	Planar_FE_77	40.470837709308206
TF_BE_40	TF_FE_113	34.15978496466348
TF_BE_40	DE_FE_58	76.57780724691389
TF_BE_40	Dielectric_FE_31	64.62476690979877
TF_BE_40	DE_BE_50	89.1289015129152
TF_BE_40	Litho_REG_FE_64	52.216895644740276
TF_BE_40	DefMet_FE_10	76.90517578985522
TF_BE_40	Litho_REG_BE_63	60.647195916289185
TF_BE_40	WE_BE_16	47.40173964432579
TF_BE_40	Litho_BE_93	68.46939081182941
TF_BE_40	LithoTrack_FE_96	46.25355094862744
TF_BE_40	DE_FE_53	79.96072719363846
TF_BE_40	DefMet_BE_33	64.2167878746681
TF_BE_40	DE_FE_54	73.21832415255611
TF_BE_40	DE_BE_11	69.42601731826345
TF_BE_40	DE_FE_51	71.51717484093923
TF_BE_40	DE_FE_71	59.923444833223655
TF_BE_40	WE_BE_14	37.91446488048821
TF_BE_40	Planar_FE_76	47.642439836627446
TF_BE_40	TF_BE_26	29.045646551816816
TF_BE_40	COMMIT	106.56468419512032
TF_BE_40	EPI_36	63.35984533031732
TF_BE_40	EPI_38	61.98571905059792
TF_BE_40	Diffusion_FE_122	72.50325446983983
TF_BE_40	Implant_119	64.7339716100367
TF_BE_40	DE_BE_69	82.23811165474521
TF_BE_40	TF_FE_5	42.364100413121754
TF_BE_40	WE_FE_83	63.99922712747999
TF_BE_40	LithoMet_FE_19	50.21621789544469
TF_BE_40	Dielectric_BE_60	63.92131366764783
TF_BE_40	Implant_91	66.33639565985678
TF_BE_40	Implant_90	64.06952257767182
LithoMet_BE_18	Diffusion_FE_101	106.1407200546025
LithoMet_BE_18	TF_FE_104	68.45072146089197
LithoMet_BE_18	Implant_88	89.29680123723024
LithoMet_BE_18	DefMet_BE_42	95.76195182129443
LithoMet_BE_18	DE_FE_86	78.85260634985622
LithoMet_BE_18	TF_FE_103	75.78809206535641
LithoMet_BE_18	TF_BE_40	66.5913753755995
LithoMet_BE_18	Dielectric_BE_27	98.94552485676829
LithoMet_BE_18	Dielectric_FE_130	106.59615767491819
LithoMet_BE_18	STOCKER	60.33464643408129
LithoMet_BE_18	DE_BE_12	60.504892693254064
LithoMet_BE_18	Dielectric_FE_30	90.29144337084787
LithoMet_BE_18	Diffusion_FE_127	95.51480300342276
LithoMet_BE_18	DE_FE_56	73.52801232175055
LithoMet_BE_18	TF_Met_FE_61	66.46246255619383
LithoMet_BE_18	DefMet_FE_118	101.77972731843091
LithoMet_BE_18	TF_BE_23	63.91832574735181
LithoMet_BE_18	Diffusion_FE_126	92.54605301147195
LithoMet_BE_18	DE_FE_1	50.12300979837562
LithoMet_BE_18	Litho_FE_92	34.03383284294348
LithoMet_BE_18	DefMet_FE_34	101.77972731843091
LithoMet_BE_18	DE_BE_13	49.3596923054592
LithoMet_BE_18	Diffusion_FE_120	104.22048518380504
LithoMet_BE_18	Planar_FE_80	49.060275249984116
LithoMet_BE_18	WE_FE_108	81.9155924555026
LithoMet_BE_18	Implant_128	90.3950158844894
LithoMet_BE_18	Implant_132	83.47576090155982
LithoMet_BE_18	WE_FE_41	76.82164344309004
LithoMet_BE_18	WE_BE_17	84.61715544875952
LithoMet_BE_18	WE_BE_7	76.58344458883225
LithoMet_BE_18	WE_BE_82	74.72718121640995
LithoMet_BE_18	TF_BE_24	57.13087244791696
LithoMet_BE_18	DE_FE_70	67.75530301668545
LithoMet_BE_18	Diffusion_FE_100	93.06283769629263
LithoMet_BE_18	COMPLETE	107.47562833925788
LithoMet_BE_18	LithoTrack_BE_117	27.597323856695482
LithoMet_BE_18	WE_BE_81	71.0286370340668
LithoMet_BE_18	LithoTrack_FE_115	46.884635813441626
LithoMet_BE_18	DefMet_FE_43	89.2063962898331
LithoMet_BE_18	Diffusion_FE_44	109.29005089761758
LithoMet_BE_18	LithoTrack_FE_95	53.59163005764819
LithoMet_BE_18	Litho_FE_35	20.972417489703876
LithoMet_BE_18	DE_BE_48	55.75215783461511
LithoMet_BE_18	Diffusion_BE_123	89.73413399890204
LithoMet_BE_18	Implant_74	87.18409423441697
LithoMet_BE_18	Planar_FE_79	63.67104643146864
LithoMet_BE_18	DE_FE_59	57.50535479242529
LithoMet_BE_18	Diffusion_FE_94	105.45715086919016
LithoMet_BE_18	WE_FE_84	85.17656716150448
LithoMet_BE_18	TF_FE_131	79.0158176632504
LithoMet_BE_18	Dielectric_BE_20	81.25594254361566
LithoMet_BE_18	DE_BE_66	50.755972939913015
LithoMet_BE_18	TF_BE_2	54.105990567916976
LithoMet_BE_18	WE_BE_9	89.89877646956944
LithoMet_BE_18	TF_FE_3	83.60697114882149
LithoMet_BE_18	DE_FE_72	64.98250967780059
LithoMet_BE_18	Dielectric_BE_21	84.02349068295554
LithoMet_BE_18	Diffusion_FE_125	90.07938633389631
LithoMet_BE_18	TF_Met_FE_45	64.18468477819383
LithoMet_BE_18	WE_FE_8	82.175997120417
LithoMet_BE_18	Dielectric_FE_29	101.19560335906979
LithoMet_BE_18	Litho_FE_98	31.552482878149167
LithoMet_BE_18	DE_BE_65	49.78803759066845
LithoMet_BE_18	DefMet_FE_106	98.69639398423892
LithoMet_BE_18	DE_BE_67	57.22115459971359
LithoMet_BE_18	Planar_BE_75	61.50610832430151
LithoMet_BE_18	Dielectric_BE_28	86.74572819174317
LithoMet_BE_18	Litho_FE_111	36.18070243657328
LithoMet_BE_18	WE_FE_47	79.09266378841698
LithoMet_BE_18	Litho_BE_99	24.83063271985818
LithoMet_BE_18	WE_FE_85	84.15921226620723
LithoMet_BE_18	DE_FE_62	65.17993397871057
LithoMet_BE_18	Litho_BE_110	41.369020565597374
LithoMet_BE_18	Dielectric_FE_112	94.53088829166376
LithoMet_BE_18	Planar_FE_78	63.38453077475953
LithoMet_BE_18	Planar_FE_77	57.8717480861791
LithoMet_BE_18	TF_FE_113	66.74313622841696
LithoMet_BE_18	DE_FE_58	70.13319837298636
LithoMet_BE_18	Dielectric_FE_31	85.43783769977742
LithoMet_BE_18	DE_BE_50	59.34723658027836
LithoMet_BE_18	Litho_REG_FE_64	21.566847337736665
LithoMet_BE_18	DefMet_FE_10	97.71824659659076
LithoMet_BE_18	Litho_REG_BE_63	28.76150416313163
LithoMet_BE_18	WE_BE_16	77.46295527014857
LithoMet_BE_18	Litho_BE_93	38.687725865695135
LithoMet_BE_18	LithoTrack_FE_96	52.868726772193845
LithoMet_BE_18	DE_FE_53	55.5836994988608
LithoMet_BE_18	DefMet_BE_33	85.029858692847
LithoMet_BE_18	DE_FE_54	70.00523582860426
LithoMet_BE_18	DE_BE_11	39.64435237212916
LithoMet_BE_18	DE_FE_51	58.53330878747504
LithoMet_BE_18	DE_FE_71	71.16980386966219
LithoMet_BE_18	WE_BE_14	69.51801811219379
LithoMet_BE_18	Planar_FE_76	54.25761566019384
LithoMet_BE_18	TF_BE_26	70.5466092096659
LithoMet_BE_18	COMMIT	107.47562833925788
LithoMet_BE_18	EPI_36	92.6564841044432
LithoMet_BE_18	EPI_38	91.35993674954842
LithoMet_BE_18	Diffusion_FE_122	93.31632525633367
LithoMet_BE_18	Implant_119	93.95303145933795
LithoMet_BE_18	DE_BE_69	57.54666698654806
LithoMet_BE_18	TF_FE_5	74.94745167687522
LithoMet_BE_18	WE_FE_83	95.54450031081353
LithoMet_BE_18	LithoMet_FE_19	21.228533455553006
LithoMet_BE_18	Dielectric_BE_60	84.73438446277068
LithoMet_BE_18	Implant_91	94.46403382872212
LithoMet_BE_18	Implant_90	91.61784157404347
Dielectric_BE_27	Diffusion_FE_101	47.606237526222166
Dielectric_BE_27	TF_FE_104	61.335772543434004
Dielectric_BE_27	Implant_88	43.85460759805126
Dielectric_BE_27	DefMet_BE_42	29.40659009618794
Dielectric_BE_27	DE_FE_86	50.80382302396924
Dielectric_BE_27	TF_FE_103	53.89568182545428
Dielectric_BE_27	TF_BE_40	63.670454596704865
Dielectric_BE_27	LithoMet_BE_18	94.32337617210075
Dielectric_BE_27	Dielectric_FE_130	46.45825556236644
Dielectric_BE_27	STOCKER	58.94982825996084
Dielectric_BE_27	DE_BE_12	78.78298158198113
Dielectric_BE_27	Dielectric_FE_30	31.172472042346406
Dielectric_BE_27	Diffusion_FE_127	36.98032047553614
Dielectric_BE_27	DE_FE_56	61.18608267241107
Dielectric_BE_27	TF_Met_FE_61	67.26941083872738
Dielectric_BE_27	DefMet_FE_118	33.880964596136295
Dielectric_BE_27	TF_BE_23	65.33838179391427
Dielectric_BE_27	Diffusion_FE_126	34.01157048053614
Dielectric_BE_27	DE_FE_1	74.1005269289752
Dielectric_BE_27	Litho_FE_92	92.4939979835421
Dielectric_BE_27	DefMet_FE_34	33.880964596136295
Dielectric_BE_27	DE_BE_13	86.28439650624426
Dielectric_BE_27	Diffusion_FE_120	45.686002651707604
Dielectric_BE_27	Planar_FE_80	79.89880837383345
Dielectric_BE_27	WE_FE_108	48.91833324242069
Dielectric_BE_27	Implant_128	52.47029909437665
Dielectric_BE_27	Implant_132	61.26381888044313
Dielectric_BE_27	WE_FE_41	56.640183573208006
Dielectric_BE_27	WE_BE_17	47.99176455376841
Dielectric_BE_27	WE_BE_7	50.49176455376842
Dielectric_BE_27	WE_BE_82	57.65572853640435
Dielectric_BE_27	TF_BE_24	76.08709897627857
Dielectric_BE_27	DE_FE_70	61.864737623253504
Dielectric_BE_27	Diffusion_FE_100	34.52835517232639
Dielectric_BE_27	COMPLETE	106.5401604655805
Dielectric_BE_27	LithoTrack_BE_117	83.94867924340203
Dielectric_BE_27	WE_BE_81	58.83834082597578
Dielectric_BE_27	LithoTrack_FE_115	83.95252873862032
Dielectric_BE_27	DefMet_FE_43	37.075409040802974
Dielectric_BE_27	Diffusion_FE_44	50.75556836336291
Dielectric_BE_27	LithoTrack_FE_95	77.3043957007428
Dielectric_BE_27	Litho_FE_35	78.70700075962962
Dielectric_BE_27	DE_BE_48	83.30209157261496
Dielectric_BE_27	Diffusion_BE_123	31.199651474548617
Dielectric_BE_27	Implant_74	50.678987505178924
Dielectric_BE_27	Planar_FE_79	67.55770947135045
Dielectric_BE_27	DE_FE_59	70.30537471109218
Dielectric_BE_27	Diffusion_FE_94	49.23136798243071
Dielectric_BE_27	WE_FE_84	62.641905795836365
Dielectric_BE_27	TF_FE_131	50.99962545688796
Dielectric_BE_27	Dielectric_BE_20	27.31701450240568
Dielectric_BE_27	DE_BE_66	76.59071757975148
Dielectric_BE_27	TF_BE_2	79.11198078806882
Dielectric_BE_27	WE_BE_9	42.44108026177619
Dielectric_BE_27	TF_FE_3	51.64164643783399
Dielectric_BE_27	DE_FE_72	64.71606356447298
Dielectric_BE_27	Dielectric_BE_21	26.264125410953394
Dielectric_BE_27	Diffusion_FE_125	31.544903808536148
Dielectric_BE_27	TF_Met_FE_45	64.7744120459671
Dielectric_BE_27	WE_FE_8	62.0130733844934
Dielectric_BE_27	Dielectric_FE_29	41.27492223836643
Dielectric_BE_27	Litho_FE_98	90.37254535729271
Dielectric_BE_27	DE_BE_65	80.30043826842711
Dielectric_BE_27	DefMet_FE_106	30.797631256136295
Dielectric_BE_27	DE_BE_67	71.30993979161298
Dielectric_BE_27	Planar_BE_75	70.24915257481591
Dielectric_BE_27	Dielectric_BE_28	17.202324584152596
Dielectric_BE_27	Litho_FE_111	93.91528571344746
Dielectric_BE_27	WE_FE_47	60.23431806275401
Dielectric_BE_27	Litho_BE_99	82.56521599412052
Dielectric_BE_27	WE_FE_85	57.946524753740654
Dielectric_BE_27	DE_FE_62	65.07123874105146
Dielectric_BE_27	Litho_BE_110	99.1036038494437
Dielectric_BE_27	Dielectric_FE_112	34.74843872250562
Dielectric_BE_27	Planar_FE_78	63.05770946828533
Dielectric_BE_27	Planar_FE_77	68.42375604123079
Dielectric_BE_27	TF_FE_113	65.71595398865088
Dielectric_BE_27	DE_FE_58	63.04719378574438
Dielectric_BE_27	Dielectric_FE_31	26.903355172326386
Dielectric_BE_27	DE_BE_50	78.77172904531652
Dielectric_BE_27	Litho_REG_FE_64	80.16981397171192
Dielectric_BE_27	DefMet_FE_10	30.33395086948686
Dielectric_BE_27	Litho_REG_BE_63	88.60011424495931
Dielectric_BE_27	WE_BE_16	48.985049481757805
Dielectric_BE_27	Litho_BE_93	96.42230913833127
Dielectric_BE_27	LithoTrack_FE_96	74.20646928868119
Dielectric_BE_27	DE_FE_53	74.4757016049029
Dielectric_BE_27	DefMet_BE_33	44.02972439039169
Dielectric_BE_27	DE_FE_54	57.88052711241106
Dielectric_BE_27	DE_BE_11	90.39491827392274
Dielectric_BE_27	DE_FE_51	72.25264876482169
Dielectric_BE_27	DE_FE_71	58.656716590444006
Dielectric_BE_27	WE_BE_14	64.01785624899915
Dielectric_BE_27	Planar_FE_76	75.59535816583966
Dielectric_BE_27	TF_BE_26	61.51596622948152
Dielectric_BE_27	COMMIT	106.5401604655805
Dielectric_BE_27	EPI_36	44.50609826986837
Dielectric_BE_27	EPI_38	43.25609826986838
Dielectric_BE_27	Diffusion_FE_122	34.78184273236741
Dielectric_BE_27	Implant_119	45.75609826986837
Dielectric_BE_27	DE_BE_69	69.93029094513662
Dielectric_BE_27	TF_FE_5	54.90553532812252
Dielectric_BE_27	WE_FE_83	48.461535797521655
Dielectric_BE_27	LithoMet_FE_19	78.16913622628314
Dielectric_BE_27	Dielectric_BE_60	25.030924342013734
Dielectric_BE_27	Implant_91	41.04808483492359
Dielectric_BE_27	Implant_90	37.238561024923584
Dielectric_FE_130	Diffusion_FE_101	40.464822833329784
Dielectric_FE_130	TF_FE_104	74.32812539690866
Dielectric_FE_130	Implant_88	38.142835631567934
Dielectric_FE_130	DefMet_BE_42	37.742556762387764
Dielectric_FE_130	DE_FE_86	59.40666053439632
Dielectric_FE_130	TF_FE_103	66.88803685786134
Dielectric_FE_130	TF_BE_40	76.66280962246498
Dielectric_FE_130	LithoMet_BE_18	107.31573120586303
Dielectric_FE_130	Dielectric_BE_27	39.69173649479938
Dielectric_FE_130	STOCKER	68.55848773862749
Dielectric_FE_130	DE_BE_12	86.70837775500374
Dielectric_FE_130	Dielectric_FE_30	15.036267797064387
Dielectric_FE_130	Diffusion_FE_127	31.268548509052813
Dielectric_FE_130	DE_FE_56	69.52204933861091
Dielectric_FE_130	TF_Met_FE_61	80.26175277883823
Dielectric_FE_130	DefMet_FE_118	43.32589010238777
Dielectric_FE_130	TF_BE_23	78.33073682110779
Dielectric_FE_130	Diffusion_FE_126	28.299798514052817
Dielectric_FE_130	DE_FE_1	83.01119948149162
Dielectric_FE_130	Litho_FE_92	105.48635301908548
Dielectric_FE_130	DefMet_FE_34	43.32589010238777
Dielectric_FE_130	DE_BE_13	95.08501970692541
Dielectric_FE_130	Diffusion_FE_120	38.588032159117006
Dielectric_FE_130	Planar_FE_80	92.89116340542739
Dielectric_FE_130	WE_FE_108	61.469810806177726
Dielectric_FE_130	Implant_128	46.75852712789331
Dielectric_FE_130	Implant_132	55.55204691395978
Dielectric_FE_130	WE_FE_41	67.9649380001268
Dielectric_FE_130	WE_BE_17	60.984106497131734
Dielectric_FE_130	WE_BE_7	63.48410648737432
Dielectric_FE_130	WE_BE_82	70.38355185200392
Dielectric_FE_130	TF_BE_24	89.07945400136757
Dielectric_FE_130	DE_FE_70	70.79253804849427
Dielectric_FE_130	Diffusion_FE_100	27.647605681244734
Dielectric_FE_130	COMPLETE	107.85225781516837
Dielectric_FE_130	LithoTrack_BE_117	96.94103428128412
Dielectric_FE_130	WE_BE_81	71.68372797288454
Dielectric_FE_130	LithoTrack_FE_115	96.94488377179334
Dielectric_FE_130	DefMet_FE_43	46.520334547054425
Dielectric_FE_130	Diffusion_FE_44	45.043796396879586
Dielectric_FE_130	LithoTrack_FE_95	90.29675073309797
Dielectric_FE_130	Litho_FE_35	91.69935579122355
Dielectric_FE_130	DE_BE_48	91.30562106713498
Dielectric_FE_130	Diffusion_BE_123	24.318901983466947
Dielectric_FE_130	Implant_74	44.9672155386956
Dielectric_FE_130	Planar_FE_79	80.5500644973068
Dielectric_FE_130	DE_FE_59	79.41985527875173
Dielectric_FE_130	Diffusion_FE_94	43.51959601594737
Dielectric_FE_130	WE_FE_84	54.1648501260612
Dielectric_FE_130	TF_FE_131	63.991967393281705
Dielectric_FE_130	Dielectric_BE_20	54.39053055549926
Dielectric_FE_130	DE_BE_66	84.04566464148544
Dielectric_FE_130	TF_BE_2	92.10433580990534
Dielectric_FE_130	WE_BE_9	54.99255782553323
Dielectric_FE_130	TF_FE_3	64.63398837875796
Dielectric_FE_130	DE_FE_72	73.39220973525266
Dielectric_FE_130	Dielectric_BE_21	54.572208646321556
Dielectric_FE_130	Diffusion_FE_125	25.83313184205281
Dielectric_FE_130	TF_Met_FE_45	77.76675398933044
Dielectric_FE_130	WE_FE_8	56.30130141801006
Dielectric_FE_130	Dielectric_FE_29	7.047619054285716
Dielectric_FE_130	Litho_FE_98	103.36490039213916
Dielectric_FE_130	DE_BE_65	89.23525575026132
Dielectric_FE_130	DefMet_FE_106	40.242556762387764
Dielectric_FE_130	DE_BE_67	79.84318624087183
Dielectric_FE_130	Planar_BE_75	83.24150760076081
Dielectric_FE_130	Dielectric_BE_28	31.76303885030361
Dielectric_FE_130	Litho_FE_111	106.90764074548493
Dielectric_FE_130	WE_FE_47	61.82784590836683
Dielectric_FE_130	Litho_BE_99	95.55757102788284
Dielectric_FE_130	WE_FE_85	52.234752787257335
Dielectric_FE_130	DE_FE_62	72.71945130434266
Dielectric_FE_130	Litho_BE_110	112.09595888181825
Dielectric_FE_130	Dielectric_FE_112	26.14871389139902
Dielectric_FE_130	Planar_FE_78	76.05006449337434
Dielectric_FE_130	Planar_FE_77	81.4161110760772
Dielectric_FE_130	TF_FE_113	78.7083024761295
Dielectric_FE_130	DE_FE_58	71.38316045194422
Dielectric_FE_130	Dielectric_FE_31	20.490196691084062
Dielectric_FE_130	DE_BE_50	87.53919718216753
Dielectric_FE_130	Litho_REG_FE_64	93.1621690066306
Dielectric_FE_130	DefMet_FE_10	39.409223429054435
Dielectric_FE_130	Litho_REG_BE_63	101.59246927915525
Dielectric_FE_130	WE_BE_16	61.97739142512113
Dielectric_FE_130	Litho_BE_93	109.41466417371976
Dielectric_FE_130	LithoTrack_FE_96	87.19882432027514
Dielectric_FE_130	DE_FE_53	83.73228985892463
Dielectric_FE_130	DefMet_BE_33	53.47464989664316
Dielectric_FE_130	DE_FE_54	66.2164937786109
Dielectric_FE_130	DE_BE_11	99.65802041022513
Dielectric_FE_130	DE_FE_51	80.11298760155897
Dielectric_FE_130	DE_FE_71	67.14822015371539
Dielectric_FE_130	WE_BE_14	77.01019818650803
Dielectric_FE_130	Planar_FE_76	88.58771320177017
Dielectric_FE_130	TF_BE_26	74.50832125825663
Dielectric_FE_130	COMMIT	107.85225781516837
Dielectric_FE_130	EPI_36	38.79432630338505
Dielectric_FE_130	EPI_38	37.54432630338505
Dielectric_FE_130	Diffusion_FE_122	28.48558200358491
Dielectric_FE_130	Implant_119	40.04432630338505
Dielectric_FE_130	DE_BE_69	78.26625761133646
Dielectric_FE_130	TF_FE_5	67.89787726172842
Dielectric_FE_130	WE_FE_83	42.74976383103833
Dielectric_FE_130	LithoMet_FE_19	91.16149126600824
Dielectric_FE_130	Dielectric_BE_60	24.93447410720984
Dielectric_FE_130	Implant_91	35.33631286844025
Dielectric_FE_130	Implant_90	31.52678905844026
STOCKER	Diffusion_FE_101	82.60166769290619
STOCKER	TF_FE_104	60.85401876884702
STOCKER	Implant_88	67.60830670555112
STOCKER	DefMet_BE_42	72.37186401313791
STOCKER	DE_FE_86	63.54210251311327
STOCKER	TF_FE_103	60.58861734029341
STOCKER	TF_BE_40	63.01555202895491
STOCKER	LithoMet_BE_18	73.64840262024703
STOCKER	Dielectric_BE_27	75.93380704581983
STOCKER	Dielectric_FE_130	82.70189346727861
STOCKER	DE_BE_12	70.28105257911226
STOCKER	Dielectric_FE_30	67.62808591919634
STOCKER	Diffusion_FE_127	72.38221592770154
STOCKER	DE_FE_56	66.25521196000832
STOCKER	TF_Met_FE_61	65.92807801267517
STOCKER	DefMet_FE_118	78.26266558861019
STOCKER	TF_BE_23	60.43609951720937
STOCKER	Diffusion_FE_126	69.41346593270154
STOCKER	DE_FE_1	64.28230420838332
STOCKER	Litho_FE_92	71.80418858523953
STOCKER	DefMet_FE_34	78.26266558861019
STOCKER	DE_BE_13	70.73279075690516
STOCKER	Diffusion_FE_120	80.87227270391884
STOCKER	Planar_FE_80	64.70406501642904
STOCKER	WE_FE_108	66.9576492954463
STOCKER	Implant_128	71.17796091419598
STOCKER	Implant_132	70.72720341713739
STOCKER	WE_FE_41	67.58994016043829
STOCKER	WE_BE_17	65.51354542994056
STOCKER	WE_BE_7	60.17295052239645
STOCKER	WE_BE_82	66.50396377271538
STOCKER	TF_BE_24	65.1912315619819
STOCKER	DE_FE_70	63.36691609716299
STOCKER	Diffusion_FE_100	70.72473599033343
STOCKER	COMPLETE	106.61891277624736
STOCKER	LithoTrack_BE_117	65.18529421577868
STOCKER	WE_BE_81	63.41758226219922
STOCKER	LithoTrack_FE_115	66.70812252840543
STOCKER	DefMet_FE_43	67.65388503276769
STOCKER	Diffusion_FE_44	85.84780545904614
STOCKER	LithoTrack_FE_95	63.187895822586135
STOCKER	Litho_FE_35	59.40987686639969
STOCKER	DE_BE_48	70.20348163361851
STOCKER	Diffusion_BE_123	67.40642141976089
STOCKER	Implant_74	67.09135347117822
STOCKER	Planar_FE_79	59.47872967910971
STOCKER	DE_FE_59	61.91639279108533
STOCKER	Diffusion_FE_94	82.79754269994845
STOCKER	WE_FE_84	72.11580741815307
STOCKER	TF_FE_131	61.133813092414236
STOCKER	Dielectric_BE_20	61.08277023838094
STOCKER	DE_BE_66	65.77903685523043
STOCKER	TF_BE_2	66.12669109686331
STOCKER	WE_BE_9	64.35108662746839
STOCKER	TF_FE_3	64.24308617091819
STOCKER	DE_FE_72	58.32512731428243
STOCKER	Dielectric_BE_21	64.12764303171241
STOCKER	Diffusion_FE_125	66.94679926070152
STOCKER	TF_Met_FE_45	63.60517667507454
STOCKER	WE_FE_8	71.12870631005764
STOCKER	Dielectric_FE_29	77.76740522297816
STOCKER	Litho_FE_98	70.63380147217399
STOCKER	DE_BE_65	68.8991277575765
STOCKER	DefMet_FE_106	75.17933224982987
STOCKER	DE_BE_67	67.53092809496282
STOCKER	Planar_BE_75	62.5205016086163
STOCKER	Dielectric_BE_28	65.05521396905192
STOCKER	Litho_FE_111	73.15824130882767
STOCKER	WE_FE_47	69.53719632125544
STOCKER	Litho_BE_99	62.354370432220186
STOCKER	WE_FE_85	69.50628005711526
STOCKER	DE_FE_62	61.3773676335242
STOCKER	Litho_BE_110	77.91279789350735
STOCKER	Dielectric_FE_112	71.68493307131317
STOCKER	Planar_FE_78	56.75057895445732
STOCKER	Planar_FE_77	58.75251777443159
STOCKER	TF_FE_113	65.12289361220233
STOCKER	DE_FE_58	65.88660357613246
STOCKER	Dielectric_FE_31	63.09715800818185
STOCKER	DE_BE_50	70.77357471617474
STOCKER	Litho_REG_FE_64	62.28740532594464
STOCKER	DefMet_FE_10	74.24350950426587
STOCKER	Litho_REG_BE_63	69.41116347973517
STOCKER	WE_BE_16	62.07943159975808
STOCKER	Litho_BE_93	75.57641797160622
STOCKER	LithoTrack_FE_96	61.243544988632905
STOCKER	DE_FE_53	65.91805605783709
STOCKER	DefMet_BE_33	64.59043272883223
STOCKER	DE_FE_54	63.08905221394495
STOCKER	DE_BE_11	69.06935835747791
STOCKER	DE_FE_51	63.51194553901169
STOCKER	DE_FE_71	62.130436488258006
STOCKER	WE_BE_14	65.52721152833446
STOCKER	Planar_FE_76	62.63243387581978
STOCKER	TF_BE_26	61.20014711424255
STOCKER	COMMIT	106.61891277624736
STOCKER	EPI_36	71.2174936064137
STOCKER	EPI_38	69.904130120073
STOCKER	Diffusion_FE_122	70.23693797467837
STOCKER	Implant_119	72.53085709275439
STOCKER	DE_BE_69	66.34283197370937
STOCKER	TF_FE_5	67.278990484807
STOCKER	WE_FE_83	68.92701955824744
STOCKER	LithoMet_FE_19	61.29491154756634
STOCKER	Dielectric_BE_60	63.272410910032676
STOCKER	Implant_91	70.86009808086338
STOCKER	Implant_90	68.36812478256633
DE_BE_12	Diffusion_FE_101	99.3581341624634
DE_BE_12	TF_FE_104	84.06517829579974
DE_BE_12	Implant_88	90.07508697272945
DE_BE_12	DefMet_BE_42	83.44794866503685
DE_BE_12	DE_FE_86	66.53860319163405
DE_BE_12	TF_FE_103	76.35785318331182
DE_BE_12	TF_BE_40	88.05001139115888
DE_BE_12	LithoMet_BE_18	65.24983563285478
DE_BE_12	Dielectric_BE_27	86.6315217015174
DE_BE_12	Dielectric_FE_130	94.2821545179636
DE_BE_12	STOCKER	55.88083783602217
DE_BE_12	Dielectric_FE_30	77.97744021342868
DE_BE_12	Diffusion_FE_127	83.20079985021432
DE_BE_12	DE_FE_56	61.214009159685006
DE_BE_12	TF_Met_FE_61	96.95031033635269
DE_BE_12	DefMet_FE_118	89.46572416217332
DE_BE_12	TF_BE_23	75.22124161451728
DE_BE_12	Diffusion_FE_126	80.23204985521433
DE_BE_12	DE_FE_1	39.62115741967762
DE_BE_12	Litho_FE_92	55.494641378189215
DE_BE_12	DefMet_FE_34	89.46572416217332
DE_BE_12	DE_BE_13	26.54077621732094
DE_BE_12	Diffusion_FE_120	94.93926550475254
DE_BE_12	Planar_FE_80	78.96366699510928
DE_BE_12	WE_FE_108	95.482849214067
DE_BE_12	Implant_128	98.69077847069359
DE_BE_12	Implant_132	107.48429825640889
DE_BE_12	WE_FE_41	102.86064124562209
DE_BE_12	WE_BE_17	82.55351568092782
DE_BE_12	WE_BE_7	85.05351568092782
DE_BE_12	WE_BE_82	99.21271664887324
DE_BE_12	TF_BE_24	86.44987316809552
DE_BE_12	DE_FE_70	55.44129985461991
DE_BE_12	Diffusion_FE_100	80.74883454700458
DE_BE_12	COMPLETE	106.5387912237599
DE_BE_12	LithoTrack_BE_117	58.33352867960376
DE_BE_12	WE_BE_81	93.78758856211633
DE_BE_12	LithoTrack_FE_115	68.54823416366051
DE_BE_12	DefMet_FE_43	76.8923931297035
DE_BE_12	Diffusion_FE_44	96.84603001144367
DE_BE_12	LithoTrack_FE_95	69.19266445014836
DE_BE_12	Litho_FE_35	40.67159957117669
DE_BE_12	DE_BE_48	35.41696980720977
DE_BE_12	Diffusion_BE_123	77.42013084922682
DE_BE_12	Implant_74	96.89946687985712
DE_BE_12	Planar_FE_79	65.82089100580528
DE_BE_12	DE_FE_59	45.19135163760533
DE_BE_12	Diffusion_FE_94	95.39612547428146
DE_BE_12	WE_FE_84	108.86233444266875
DE_BE_12	TF_FE_131	85.56137658559243
DE_BE_12	Dielectric_BE_20	68.94193938251807
DE_BE_12	DE_BE_66	41.613233635155225
DE_BE_12	TF_BE_2	84.59383834206716
DE_BE_12	WE_BE_9	88.66155968817105
DE_BE_12	TF_FE_3	89.90315639611217
DE_BE_12	DE_FE_72	52.668506515735054
DE_BE_12	Dielectric_BE_21	71.70948752771434
DE_BE_12	Diffusion_FE_125	77.76538318321431
DE_BE_12	TF_Met_FE_45	94.67253255685056
DE_BE_12	WE_FE_8	108.23355276097423
DE_BE_12	Dielectric_FE_29	88.88160019990818
DE_BE_12	Litho_FE_98	64.43673698463869
DE_BE_12	DE_BE_65	36.78936046417404
DE_BE_12	DefMet_FE_106	86.3823908221733
DE_BE_12	DE_BE_67	46.71930222101562
DE_BE_12	Planar_BE_75	80.7121806117893
DE_BE_12	Dielectric_BE_28	74.43172503403355
DE_BE_12	Litho_FE_111	58.60459115383912
DE_BE_12	WE_FE_47	106.45479746280554
DE_BE_12	Litho_BE_99	44.529814801150756
DE_BE_12	WE_FE_85	104.16700413202403
DE_BE_12	DE_FE_62	52.865930816645026
DE_BE_12	Litho_BE_110	49.03274662018086
DE_BE_12	Dielectric_FE_112	82.21688514237574
DE_BE_12	Planar_FE_78	61.320891021348416
DE_BE_12	Planar_FE_77	66.6869375764445
DE_BE_12	TF_FE_113	94.22791524121067
DE_BE_12	DE_FE_58	57.81919521695881
DE_BE_12	Dielectric_FE_31	73.12383454700458
DE_BE_12	DE_BE_50	38.882418258817886
DE_BE_12	Litho_REG_FE_64	55.220607967224474
DE_BE_12	DefMet_FE_10	85.40424343646113
DE_BE_12	Litho_REG_BE_63	69.72169305425298
DE_BE_12	WE_BE_16	83.54680060891724
DE_BE_12	Litho_BE_93	58.386907946266675
DE_BE_12	LithoTrack_FE_96	72.46965081576373
DE_BE_12	DE_FE_53	43.26969635490923
DE_BE_12	DefMet_BE_33	72.71585553078147
DE_BE_12	DE_FE_54	57.69123267559571
DE_BE_12	DE_BE_11	23.845298623898262
DE_BE_12	DE_FE_51	46.219305643523484
DE_BE_12	DE_FE_71	58.85580070759664
DE_BE_12	WE_BE_14	95.65109639483298
DE_BE_12	Planar_FE_76	73.85853970376373
DE_BE_12	TF_BE_26	82.36488462722733
DE_BE_12	COMMIT	106.5387912237599
DE_BE_12	EPI_36	90.7265776463492
DE_BE_12	EPI_38	89.4765776463492
DE_BE_12	Diffusion_FE_122	81.0023221070456
DE_BE_12	Implant_119	91.9765776463492
DE_BE_12	DE_BE_69	47.346839735392344
DE_BE_12	TF_FE_5	104.26632179420366
DE_BE_12	WE_FE_83	94.6820151815132
DE_BE_12	LithoMet_FE_19	52.23332785471326
DE_BE_12	Dielectric_BE_60	72.42038130950007
DE_BE_12	Implant_91	87.26856420960178
DE_BE_12	Implant_90	83.45904039960178
Dielectric_FE_30	Diffusion_FE_101	30.52548421005481
Dielectric_FE_30	TF_FE_104	68.34147843287518
Dielectric_FE_30	Implant_88	37.913107881510754
Dielectric_FE_30	DefMet_BE_42	32.05724235338384
Dielectric_FE_30	DE_FE_86	55.46532325320907
Dielectric_FE_30	TF_FE_103	60.90138988976227
Dielectric_FE_30	TF_BE_40	70.67616265692145
Dielectric_FE_30	LithoMet_BE_18	101.32908424345575
Dielectric_FE_30	Dielectric_BE_27	34.73888887527186
Dielectric_FE_30	Dielectric_FE_130	31.111254428023397
Dielectric_FE_30	STOCKER	65.7416753143224
Dielectric_FE_30	DE_BE_12	81.02306334599979
Dielectric_FE_30	Diffusion_FE_127	30.454331931445612
Dielectric_FE_30	DE_FE_56	63.83673492960696
Dielectric_FE_30	TF_Met_FE_61	74.27510580423424
Dielectric_FE_30	DefMet_FE_118	37.64057569338384
Dielectric_FE_30	TF_BE_23	72.34408985731348
Dielectric_FE_30	Diffusion_FE_126	27.485581936445612
Dielectric_FE_30	DE_FE_1	81.3027726467338
Dielectric_FE_30	Litho_FE_92	99.49970604755971
Dielectric_FE_30	DefMet_FE_34	37.64057569338384
Dielectric_FE_30	DE_BE_13	94.08963194025694
Dielectric_FE_30	Diffusion_FE_120	28.626971435691146
Dielectric_FE_30	Planar_FE_80	86.9045164373283
Dielectric_FE_30	WE_FE_108	55.483163864549255
Dielectric_FE_30	Implant_128	46.52879937783616
Dielectric_FE_30	Implant_132	55.32231916390263
Dielectric_FE_30	WE_FE_41	62.93777759042687
Dielectric_FE_30	WE_BE_17	54.997459535537615
Dielectric_FE_30	WE_BE_7	57.49745952740645
Dielectric_FE_30	WE_BE_82	64.39690490238917
Dielectric_FE_30	TF_BE_24	83.09280703977343
Dielectric_FE_30	DE_FE_70	65.34597740522436
Dielectric_FE_30	Diffusion_FE_100	17.577934457064387
Dielectric_FE_30	COMPLETE	104.89473673726013
Dielectric_FE_30	LithoTrack_BE_117	90.95438730830634
Dielectric_FE_30	WE_BE_81	65.69708102119812
Dielectric_FE_30	LithoTrack_FE_115	90.95823680383567
Dielectric_FE_30	DefMet_FE_43	40.83502013805051
Dielectric_FE_30	Diffusion_FE_44	44.22957981927239
Dielectric_FE_30	LithoTrack_FE_95	84.31010376499889
Dielectric_FE_30	Litho_FE_35	85.71270883125564
Dielectric_FE_30	DE_BE_48	85.8413792004051
Dielectric_FE_30	Diffusion_BE_123	14.249230759286611
Dielectric_FE_30	Implant_74	44.737487788638425
Dielectric_FE_30	Planar_FE_79	74.56341752920773
Dielectric_FE_30	DE_FE_59	79.25003479492543
Dielectric_FE_30	Diffusion_FE_94	42.74712864030804
Dielectric_FE_30	WE_FE_84	53.935122376004
Dielectric_FE_30	TF_FE_131	58.00532042936442
Dielectric_FE_30	Dielectric_BE_20	49.518121626404174
Dielectric_FE_30	DE_BE_66	78.96660962015218
Dielectric_FE_30	TF_BE_2	86.11768885156368
Dielectric_FE_30	WE_BE_9	49.00591088390475
Dielectric_FE_30	TF_FE_3	58.647341409439235
Dielectric_FE_30	DE_FE_72	68.55103748756117
Dielectric_FE_30	Dielectric_BE_21	49.86781133770964
Dielectric_FE_30	Diffusion_FE_125	25.018915264445614
Dielectric_FE_30	TF_Met_FE_45	71.78010701960515
Dielectric_FE_30	WE_FE_8	56.071573667952904
Dielectric_FE_30	Dielectric_FE_29	30.203708189667992
Dielectric_FE_30	Litho_FE_98	97.3782534207876
Dielectric_FE_30	DE_BE_65	87.79261691272467
Dielectric_FE_30	DefMet_FE_106	34.55724235338384
Dielectric_FE_30	DE_BE_67	74.2374540912225
Dielectric_FE_30	Planar_BE_75	77.2548606359142
Dielectric_FE_30	Dielectric_BE_28	32.60951684792458
Dielectric_FE_30	Litho_FE_111	100.92099377738587
Dielectric_FE_30	WE_FE_47	59.29535048168113
Dielectric_FE_30	Litho_BE_99	89.57092405327877
Dielectric_FE_30	WE_FE_85	52.00502503720016
Dielectric_FE_30	DE_FE_62	67.32089049267181
Dielectric_FE_30	Litho_BE_110	106.10931191332885
Dielectric_FE_30	Dielectric_FE_112	29.349116110180685
Dielectric_FE_30	Planar_FE_78	70.06341752527527
Dielectric_FE_30	Planar_FE_77	75.42946410879124
Dielectric_FE_30	TF_FE_113	72.7216555064042
Dielectric_FE_30	DE_FE_58	65.6978460429403
Dielectric_FE_30	Dielectric_FE_31	9.400430315247588
Dielectric_FE_30	DE_BE_50	81.85388277316359
Dielectric_FE_30	Litho_REG_FE_64	87.17552204069983
Dielectric_FE_30	DefMet_FE_10	33.723909020050506
Dielectric_FE_30	Litho_REG_BE_63	95.6058223125198
Dielectric_FE_30	WE_BE_16	55.990744458445036
Dielectric_FE_30	Litho_BE_93	103.42801719911574
Dielectric_FE_30	LithoTrack_FE_96	81.21217734404487
Dielectric_FE_30	DE_FE_53	78.41838107664253
Dielectric_FE_30	DefMet_BE_33	47.78933548763922
Dielectric_FE_30	DE_FE_54	60.53117936960696
Dielectric_FE_30	DE_BE_11	98.94256155178438
Dielectric_FE_30	DE_FE_51	76.0811329171503
Dielectric_FE_30	DE_FE_71	64.26690833731303
Dielectric_FE_30	WE_BE_14	71.0235512177585
Dielectric_FE_30	Planar_FE_76	82.60106623204487
Dielectric_FE_30	TF_BE_26	68.52167429265114
Dielectric_FE_30	COMMIT	104.89473673726013
Dielectric_FE_30	EPI_36	38.564598553327876
Dielectric_FE_30	EPI_38	37.314598553327876
Dielectric_FE_30	Diffusion_FE_122	23.335882516466157
Dielectric_FE_30	Implant_119	39.81459855332788
Dielectric_FE_30	DE_BE_69	72.58094320233249
Dielectric_FE_30	TF_FE_5	61.91123029905017
Dielectric_FE_30	WE_FE_83	42.520036080981164
Dielectric_FE_30	LithoMet_FE_19	85.17484429537949
Dielectric_FE_30	Dielectric_BE_60	31.467590523598307
Dielectric_FE_30	Implant_91	35.10658511838308
Dielectric_FE_30	Implant_90	31.297061308383093
Diffusion_FE_127	Diffusion_FE_101	18.234614793606717
Diffusion_FE_127	TF_FE_104	75.6514219450837
Diffusion_FE_127	Implant_88	46.82343203248011
Diffusion_FE_127	DefMet_BE_42	24.130812204648976
Diffusion_FE_127	DE_FE_86	46.46665178982717
Diffusion_FE_127	TF_FE_103	68.21133341128775
Diffusion_FE_127	TF_BE_40	77.98610617837433
Diffusion_FE_127	LithoMet_BE_18	108.63902775982672
Diffusion_FE_127	Dielectric_BE_27	27.31901568831974
Diffusion_FE_127	Dielectric_FE_130	22.431048516858727
Diffusion_FE_127	STOCKER	65.94436125223868
Diffusion_FE_127	DE_BE_12	73.09663319726491
Diffusion_FE_127	Dielectric_FE_30	31.73601525604969
Diffusion_FE_127	DE_FE_56	55.91030478087212
Diffusion_FE_127	TF_Met_FE_61	81.58504932830073
Diffusion_FE_127	DefMet_FE_118	29.71414554464897
Diffusion_FE_127	TF_BE_23	79.65403337552074
Diffusion_FE_127	Diffusion_FE_126	33.64012871387868
Diffusion_FE_127	DE_FE_1	70.99585721224959
Diffusion_FE_127	Litho_FE_92	106.8096495688674
Diffusion_FE_127	DefMet_FE_34	29.71414554464897
Diffusion_FE_127	DE_BE_13	83.26040777719365
Diffusion_FE_127	Diffusion_FE_120	21.15888883936837
Diffusion_FE_127	Planar_FE_80	94.21445995021446
Diffusion_FE_127	WE_FE_108	62.79310738251735
Diffusion_FE_127	Implant_128	53.984232044258924
Diffusion_FE_127	Implant_132	63.08951429129964
Diffusion_FE_127	WE_FE_41	70.24772110839497
Diffusion_FE_127	WE_BE_17	62.30740305350573
Diffusion_FE_127	WE_BE_7	64.80740305350571
Diffusion_FE_127	WE_BE_82	71.70684842035726
Diffusion_FE_127	TF_BE_24	90.40275054757758
Diffusion_FE_127	DE_FE_70	57.180793490755484
Diffusion_FE_127	Diffusion_FE_100	29.015981977240656
Diffusion_FE_127	COMPLETE	105.38668373787041
Diffusion_FE_127	LithoTrack_BE_117	98.26433083115319
Diffusion_FE_127	WE_BE_81	73.00702453848861
Diffusion_FE_127	LithoTrack_FE_115	98.2681803233063
Diffusion_FE_127	DefMet_FE_43	32.90858998931564
Diffusion_FE_127	Diffusion_FE_44	17.065417595279307
Diffusion_FE_127	LithoTrack_FE_95	91.62004728275075
Diffusion_FE_127	Litho_FE_35	93.02265234719096
Diffusion_FE_127	DE_BE_48	77.69387650939613
Diffusion_FE_127	Diffusion_BE_123	37.739916499775944
Diffusion_FE_127	Implant_74	53.64781193960778
Diffusion_FE_127	Planar_FE_79	81.87336105205455
Diffusion_FE_127	DE_FE_59	68.12129694305882
Diffusion_FE_127	Diffusion_FE_94	25.712069200740768
Diffusion_FE_127	WE_FE_84	61.24506589397211
Diffusion_FE_127	TF_FE_131	65.31526394907489
Diffusion_FE_127	Dielectric_BE_20	42.187375969411185
Diffusion_FE_127	DE_BE_66	70.61997075503518
Diffusion_FE_127	TF_BE_2	93.42763236953182
Diffusion_FE_127	WE_BE_9	56.31585440187284
Diffusion_FE_127	TF_FE_3	65.95728493350572
Diffusion_FE_127	DE_FE_72	59.78223739016737
Diffusion_FE_127	Dielectric_BE_21	42.6616331035664
Diffusion_FE_127	Diffusion_FE_125	34.83512600841476
Diffusion_FE_127	TF_Met_FE_45	79.09005053960605
Diffusion_FE_127	WE_FE_8	63.38151718592101
Diffusion_FE_127	Dielectric_FE_29	24.914381852858725
Diffusion_FE_127	Litho_FE_98	104.6881969468869
Diffusion_FE_127	DE_BE_65	77.4029033044079
Diffusion_FE_127	DefMet_FE_106	26.630812204648976
Diffusion_FE_127	DE_BE_67	66.23144168313301
Diffusion_FE_127	Planar_BE_75	84.56480415056568
Diffusion_FE_127	Dielectric_BE_28	34.60536936567793
Diffusion_FE_127	Litho_FE_111	108.23093730422434
Diffusion_FE_127	WE_FE_47	66.60529399964923
Diffusion_FE_127	Litho_BE_99	96.88086758073327
Diffusion_FE_127	WE_FE_85	59.31496855516828
Diffusion_FE_127	DE_FE_62	59.10849066637594
Diffusion_FE_127	Litho_BE_110	113.41925543324844
Diffusion_FE_127	Dielectric_FE_112	28.99551160474867
Diffusion_FE_127	Planar_FE_78	77.37336104934174
Diffusion_FE_127	Planar_FE_77	82.73940763082496
Diffusion_FE_127	TF_FE_113	80.03159902233953
Diffusion_FE_127	DE_FE_58	57.771415894205454
Diffusion_FE_127	Dielectric_FE_31	36.82206480068216
Diffusion_FE_127	DE_BE_50	73.92745262442872
Diffusion_FE_127	Litho_REG_FE_64	94.48546556625706
Diffusion_FE_127	DefMet_FE_10	25.797478871315644
Diffusion_FE_127	Litho_REG_BE_63	102.91576583678957
Diffusion_FE_127	WE_BE_16	63.30068798149513
Diffusion_FE_127	Litho_BE_93	110.73796073232981
Diffusion_FE_127	LithoTrack_FE_96	88.52212086811139
Diffusion_FE_127	DE_FE_53	70.12054530118586
Diffusion_FE_127	DefMet_BE_33	39.86290533890436
Diffusion_FE_127	DE_FE_54	52.60474922087212
Diffusion_FE_127	DE_BE_11	90.35418931532189
Diffusion_FE_127	DE_FE_51	67.12536519860689
Diffusion_FE_127	DE_FE_71	54.700398501906555
Diffusion_FE_127	WE_BE_14	78.33349474263811
Diffusion_FE_127	Planar_FE_76	89.91100975746657
Diffusion_FE_127	TF_BE_26	75.8316178088575
Diffusion_FE_127	COMMIT	105.38668373787041
Diffusion_FE_127	EPI_36	45.87454207129599
Diffusion_FE_127	EPI_38	44.62454207129599
Diffusion_FE_127	Diffusion_FE_122	29.26019461365024
Diffusion_FE_127	Implant_119	47.12454207129599
Diffusion_FE_127	DE_BE_69	64.65451305359767
Diffusion_FE_127	TF_FE_5	69.22117382243907
Diffusion_FE_127	WE_FE_83	49.82997959894927
Diffusion_FE_127	LithoMet_FE_19	92.48478781526745
Diffusion_FE_127	Dielectric_BE_60	43.235678934103404
Diffusion_FE_127	Implant_91	44.016909269352446
Diffusion_FE_127	Implant_90	40.20738545935245
DE_FE_56	Diffusion_FE_101	75.00149960108557
DE_FE_56	TF_FE_104	65.23996100109217
DE_FE_56	Implant_88	71.24986967291461
DE_FE_56	DefMet_BE_42	64.62273136522204
DE_FE_56	DE_FE_86	47.71338589181924
DE_FE_56	TF_FE_103	57.53263589250982
DE_FE_56	TF_BE_40	69.22479409889762
DE_FE_56	LithoMet_BE_18	61.66174755055115
DE_FE_56	Dielectric_BE_27	67.8063044017026
DE_FE_56	Dielectric_FE_130	75.4569372181488
DE_FE_56	STOCKER	47.36424682096585
DE_FE_56	DE_BE_12	55.00346975023387
DE_FE_56	Dielectric_FE_30	59.152222913613855
DE_FE_56	Diffusion_FE_127	64.37558255039953
DE_FE_56	TF_Met_FE_61	78.12509304134466
DE_FE_56	DefMet_FE_118	70.64050686235852
DE_FE_56	TF_BE_23	56.396024324033384
DE_FE_56	Diffusion_FE_126	61.40683255539952
DE_FE_56	DE_FE_1	48.412183892885665
DE_FE_56	Litho_FE_92	59.83236936017265
DE_FE_56	DefMet_FE_34	70.64050686235852
DE_FE_56	DE_BE_13	60.7299390273048
DE_FE_56	Diffusion_FE_120	73.081264726571
DE_FE_56	Planar_FE_80	60.138449700702125
DE_FE_56	WE_FE_108	76.6576319162873
DE_FE_56	Implant_128	79.86556118005547
DE_FE_56	Implant_132	88.65908096303178
DE_FE_56	WE_FE_41	84.0354239503137
DE_FE_56	WE_BE_17	63.728298390125815
DE_FE_56	WE_BE_7	66.22829839012581
DE_FE_56	WE_BE_82	80.38749935013996
DE_FE_56	TF_BE_24	67.62465587323773
DE_FE_56	DE_FE_70	36.61608255480508
DE_FE_56	Diffusion_FE_100	61.92361724718978
DE_FE_56	COMPLETE	108.21118357894073
DE_FE_56	LithoTrack_BE_117	51.28705061969961
DE_FE_56	WE_BE_81	74.96237126470491
DE_FE_56	LithoTrack_FE_115	51.29090011317853
DE_FE_56	DefMet_FE_43	58.06717582988871
DE_FE_56	Diffusion_FE_44	78.15083043822631
DE_FE_56	LithoTrack_FE_95	50.47129366779041
DE_FE_56	Litho_FE_35	46.04537214590135
DE_FE_56	DE_BE_48	59.470450874203586
DE_FE_56	Diffusion_BE_123	58.594913549412006
DE_FE_56	Implant_74	78.07424958004229
DE_FE_56	Planar_FE_79	46.99567371680583
DE_FE_56	DE_FE_59	16.974508710716314
DE_FE_56	Diffusion_FE_94	76.6266300580666
DE_FE_56	WE_FE_84	90.03711715196685
DE_FE_56	TF_FE_131	66.7361592932454
DE_FE_56	Dielectric_BE_20	50.11672208270329
DE_FE_56	DE_BE_66	53.00077713168308
DE_FE_56	TF_BE_2	65.7686210422523
DE_FE_56	WE_BE_9	69.83634239736904
DE_FE_56	TF_FE_3	71.07793910531018
DE_FE_56	DE_FE_72	33.84328921592024
DE_FE_56	Dielectric_BE_21	52.88427022789954
DE_FE_56	Diffusion_FE_125	58.94016588339953
DE_FE_56	TF_Met_FE_45	75.84731526334464
DE_FE_56	WE_FE_8	89.40833547017222
DE_FE_56	Dielectric_FE_29	70.05638290009337
DE_FE_56	Litho_FE_98	57.71091673543334
DE_FE_56	DE_BE_65	54.661687049532354
DE_FE_56	DefMet_FE_106	67.5571735223585
DE_FE_56	DE_BE_67	47.12519788941506
DE_FE_56	Planar_BE_75	61.88696331852061
DE_FE_56	Dielectric_BE_28	55.60650773421875
DE_FE_56	Litho_FE_111	61.25365709277076
DE_FE_56	WE_FE_47	87.62958016839843
DE_FE_56	Litho_BE_99	49.90358737605566
DE_FE_56	WE_FE_85	85.34178683941947
DE_FE_56	DE_FE_62	33.04662532570178
DE_FE_56	Litho_BE_110	66.44197522179485
DE_FE_56	Dielectric_FE_112	63.39166784256093
DE_FE_56	Planar_FE_78	42.49567371612584
DE_FE_56	Planar_FE_77	47.8617202901489
DE_FE_56	TF_FE_113	75.40269794049452
DE_FE_56	DE_FE_58	6.464285720952382
DE_FE_56	Dielectric_FE_31	54.29861724718976
DE_FE_56	DE_BE_50	54.43083107849412
DE_FE_56	Litho_REG_FE_64	47.508185354803494
DE_FE_56	DefMet_FE_10	66.57902613664635
DE_FE_56	Litho_REG_BE_63	55.93848562635238
DE_FE_56	WE_BE_16	64.72158331405946
DE_FE_56	Litho_BE_93	63.76068052189262
DE_FE_56	LithoTrack_FE_96	53.644433526764296
DE_FE_56	DE_FE_53	25.483415954882908
DE_FE_56	DefMet_BE_33	53.890638230966665
DE_FE_56	DE_FE_54	30.509069090420653
DE_FE_56	DE_BE_11	63.175681693893225
DE_FE_56	DE_FE_51	40.748545137732485
DE_FE_56	DE_FE_71	40.03058340778184
DE_FE_56	WE_BE_14	76.82587910078632
DE_FE_56	Planar_FE_76	55.03332241476429
DE_FE_56	TF_BE_26	63.539667336425325
DE_FE_56	COMMIT	108.21118357894073
DE_FE_56	EPI_36	71.90136035013948
DE_FE_56	EPI_38	70.65136035554718
DE_FE_56	Diffusion_FE_122	62.177104807230776
DE_FE_56	Implant_119	73.15136034473177
DE_FE_56	DE_BE_69	45.877075102983696
DE_FE_56	TF_FE_5	85.44110449979652
DE_FE_56	WE_FE_83	75.85679788320046
DE_FE_56	LithoMet_FE_19	45.5075076055079
DE_FE_56	Dielectric_BE_60	53.59516400968524
DE_FE_56	Implant_91	68.44334690978694
DE_FE_56	Implant_90	64.63382309978694
TF_Met_FE_61	Diffusion_FE_101	84.99744055121066
TF_Met_FE_61	TF_FE_104	35.798654139040096
TF_Met_FE_61	Implant_88	56.94917586583318
TF_Met_FE_61	DefMet_BE_42	74.61867227122951
TF_Met_FE_61	DE_FE_86	58.30595974346219
TF_Met_FE_61	TF_FE_103	28.820631756892
TF_Met_FE_61	TF_BE_40	38.59540452579357
TF_Met_FE_61	LithoMet_BE_18	69.24832610710067
TF_Met_FE_61	Dielectric_BE_27	77.80224534098609
TF_Met_FE_61	Dielectric_FE_130	85.45287816827388
TF_Met_FE_61	STOCKER	50.87386624234721
TF_Met_FE_61	DE_BE_12	93.16442590887092
TF_Met_FE_61	Dielectric_FE_30	69.14816385831814
TF_Met_FE_61	Diffusion_FE_127	74.37152350052462
TF_Met_FE_61	DE_FE_56	78.81729185361672
TF_Met_FE_61	DefMet_FE_118	80.636447801642
TF_Met_FE_61	TF_BE_23	40.26333172276914
TF_Met_FE_61	Diffusion_FE_126	71.40277350552462
TF_Met_FE_61	DE_FE_1	76.23797408022253
TF_Met_FE_61	Litho_FE_92	67.41894791672219
TF_Met_FE_61	DefMet_FE_34	80.636447801642
TF_Met_FE_61	DE_BE_13	82.01922550055355
TF_Met_FE_61	Diffusion_FE_120	83.0772056766961
TF_Met_FE_61	Planar_FE_80	54.823758300392456
TF_Met_FE_61	WE_FE_108	47.72597621415628
TF_Met_FE_61	Implant_128	56.614471761047106
TF_Met_FE_61	Implant_132	48.695795767070315
TF_Met_FE_61	WE_FE_41	42.04167830860053
TF_Met_FE_61	WE_BE_17	27.363045523590802
TF_Met_FE_61	WE_BE_7	19.640823302257477
TF_Met_FE_61	WE_BE_82	38.64735257744198
TF_Met_FE_61	TF_BE_24	51.01204890283759
TF_Met_FE_61	DE_FE_70	73.18065511705211
TF_Met_FE_61	Diffusion_FE_100	71.91955819731486
TF_Met_FE_61	COMPLETE	106.41541237433086
TF_Met_FE_61	LithoTrack_BE_117	58.873629176249175
TF_Met_FE_61	WE_BE_81	28.423189340122832
TF_Met_FE_61	LithoTrack_FE_115	58.87747866972806
TF_Met_FE_61	DefMet_FE_43	68.06311673589619
TF_Met_FE_61	Diffusion_FE_44	88.14677138835138
TF_Met_FE_61	LithoTrack_FE_95	52.22934562979307
TF_Met_FE_61	Litho_FE_35	53.631950702450894
TF_Met_FE_61	DE_BE_48	88.41169098931087
TF_Met_FE_61	Diffusion_BE_123	68.59085449953707
TF_Met_FE_61	Implant_74	52.404129099927445
TF_Met_FE_61	Planar_FE_79	42.48265940528175
TF_Met_FE_61	DE_FE_59	67.63447145732701
TF_Met_FE_61	Diffusion_FE_94	83.33982238977549
TF_Met_FE_61	WE_FE_84	50.370074606615816
TF_Met_FE_61	TF_FE_131	25.08957829283002
TF_Met_FE_61	Dielectric_BE_20	60.11266301644079
TF_Met_FE_61	DE_BE_66	81.5975344223516
TF_Met_FE_61	TF_BE_2	54.036930714627836
TF_Met_FE_61	WE_BE_9	53.381236408271825
TF_Met_FE_61	TF_FE_3	25.39760567591136
TF_Met_FE_61	DE_FE_72	58.17219633359253
TF_Met_FE_61	Dielectric_BE_21	62.880211167183035
TF_Met_FE_61	Diffusion_FE_125	68.93610683352459
TF_Met_FE_61	TF_Met_FE_45	23.35272404823637
TF_Met_FE_61	WE_FE_8	47.39603198592746
TF_Met_FE_61	Dielectric_FE_29	80.05232384479767
TF_Met_FE_61	Litho_FE_98	65.29749529198288
TF_Met_FE_61	DE_BE_65	82.4475708157694
TF_Met_FE_61	DefMet_FE_106	77.553114461642
TF_Met_FE_61	DE_BE_67	87.12211459688876
TF_Met_FE_61	Planar_BE_75	45.174102502402015
TF_Met_FE_61	Dielectric_BE_28	65.60244867350227
TF_Met_FE_61	Litho_FE_111	68.84023564932032
TF_Met_FE_61	WE_FE_47	44.31269865392745
TF_Met_FE_61	Litho_BE_99	57.49016593260521
TF_Met_FE_61	WE_FE_85	49.379247131717705
TF_Met_FE_61	DE_FE_62	68.88363840718995
TF_Met_FE_61	Litho_BE_110	74.02855377834439
TF_Met_FE_61	Dielectric_FE_112	73.38760878135164
TF_Met_FE_61	Planar_FE_78	37.982659404601755
TF_Met_FE_61	Planar_FE_77	43.34870597592097
TF_Met_FE_61	TF_FE_113	39.25469890283629
TF_Met_FE_61	DE_FE_58	79.45567550940649
TF_Met_FE_61	Dielectric_FE_31	64.29455819731487
TF_Met_FE_61	DE_BE_50	92.00676977437776
TF_Met_FE_61	Litho_REG_FE_64	55.09476391135302
TF_Met_FE_61	DefMet_FE_10	76.57496706483784
TF_Met_FE_61	Litho_REG_BE_63	63.525064182901936
TF_Met_FE_61	WE_BE_16	18.4322605946014
TF_Met_FE_61	Litho_BE_93	71.34725907844216
TF_Met_FE_61	LithoTrack_FE_96	49.13141921524021
TF_Met_FE_61	DE_FE_53	82.8385954643714
TF_Met_FE_61	DefMet_BE_33	63.88657913697413
TF_Met_FE_61	DE_FE_54	76.09619241685131
TF_Met_FE_61	DE_BE_11	72.3038855848762
TF_Met_FE_61	DE_FE_51	74.39504311194
TF_Met_FE_61	DE_FE_71	62.801284713066934
TF_Met_FE_61	WE_BE_14	7.464285714952379
TF_Met_FE_61	Planar_FE_76	50.5203081032402
TF_Met_FE_61	TF_BE_26	36.44091615734153
TF_Met_FE_61	COMMIT	106.41541237433086
TF_Met_FE_61	EPI_36	60.526660112222366
TF_Met_FE_61	EPI_38	59.1318461192164
TF_Met_FE_61	Diffusion_FE_122	72.17304575735588
TF_Met_FE_61	Implant_119	61.92147410522832
TF_Met_FE_61	DE_BE_69	85.11597991543525
TF_Met_FE_61	TF_FE_5	28.661494564844688
TF_Met_FE_61	WE_FE_83	60.59678436096087
TF_Met_FE_61	LithoMet_FE_19	53.09408616205745
TF_Met_FE_61	Dielectric_BE_60	63.59110494896874
TF_Met_FE_61	Implant_91	63.85379400637379
TF_Met_FE_61	Implant_90	61.70255596573893
DefMet_FE_118	Diffusion_FE_101	46.94422926775222
DefMet_FE_118	TF_FE_104	61.11463960896669
DefMet_FE_118	Implant_88	43.19259933958131
DefMet_FE_118	DefMet_BE_42	36.999903184107936
DefMet_FE_118	DE_FE_86	56.22138752332132
DefMet_FE_118	TF_FE_103	53.67455107534016
DefMet_FE_118	TF_BE_40	63.44932384598412
DefMet_FE_118	LithoMet_BE_18	94.10224541335211
DefMet_FE_118	Dielectric_BE_27	38.319391293755444
DefMet_FE_118	Dielectric_FE_130	47.399666884815446
DefMet_FE_118	STOCKER	60.850629321969244
DefMet_FE_118	DE_BE_12	85.96572417672392
DefMet_FE_118	Dielectric_FE_30	31.09495258028052
DefMet_FE_118	Diffusion_FE_127	36.3183122170662
DefMet_FE_118	DE_FE_56	68.77939576033106
DefMet_FE_118	TF_Met_FE_61	67.04826698981212
DefMet_FE_118	TF_BE_23	65.11725104336968
DefMet_FE_118	Diffusion_FE_126	33.3495622220662
DefMet_FE_118	DE_FE_1	81.02993362953814
DefMet_FE_118	Litho_FE_92	92.2728672316856
DefMet_FE_118	DefMet_FE_34	4.797619054285715
DefMet_FE_118	DE_BE_13	92.94754294840794
DefMet_FE_118	Diffusion_FE_120	45.02399439323767
DefMet_FE_118	Planar_FE_80	79.6776776229062
DefMet_FE_118	WE_FE_108	48.25632498395075
DefMet_FE_118	Implant_128	51.8082908359067
DefMet_FE_118	Implant_132	60.60181062197317
DefMet_FE_118	WE_FE_41	55.978175314738046
DefMet_FE_118	WE_BE_17	47.77062070485314
DefMet_FE_118	WE_BE_7	50.27062070485315
DefMet_FE_118	WE_BE_82	57.170066041756286
DefMet_FE_118	TF_BE_24	75.86596822535134
DefMet_FE_118	DE_FE_70	70.04988447021444
DefMet_FE_118	Diffusion_FE_100	33.86634691385645
DefMet_FE_118	COMPLETE	110.00581288165745
DefMet_FE_118	LithoTrack_BE_117	83.72754849551045
DefMet_FE_118	WE_BE_81	58.470242173875626
DefMet_FE_118	LithoTrack_FE_115	83.73139798976709
DefMet_FE_118	DefMet_FE_43	7.992063498952383
DefMet_FE_118	Diffusion_FE_44	50.09356010489295
DefMet_FE_118	LithoTrack_FE_95	77.08326494746272
DefMet_FE_118	Litho_FE_35	78.48587000870236
DefMet_FE_118	DE_BE_48	90.56463657897733
DefMet_FE_118	Diffusion_BE_123	30.537643216078663
DefMet_FE_118	Implant_74	50.01697924670897
DefMet_FE_118	Planar_FE_79	67.33657871478563
DefMet_FE_118	DE_FE_59	76.89099583856179
DefMet_FE_118	Diffusion_FE_94	48.569359723960766
DefMet_FE_118	WE_FE_84	61.97989753736642
DefMet_FE_118	TF_FE_131	50.77848160797271
DefMet_FE_118	Dielectric_BE_20	17.805322646025356
DefMet_FE_118	DE_BE_66	83.14023415315935
DefMet_FE_118	TF_BE_2	78.89085003714156
DefMet_FE_118	WE_BE_9	41.77907200330624
DefMet_FE_118	TF_FE_3	51.420502588918744
DefMet_FE_118	DE_FE_72	72.5612026411993
DefMet_FE_118	Dielectric_BE_21	23.658022353744684
DefMet_FE_118	Diffusion_FE_125	30.882895550066202
DefMet_FE_118	TF_Met_FE_45	64.55326819705185
DefMet_FE_118	WE_FE_8	61.35106512602345
DefMet_FE_118	Dielectric_FE_29	41.99911256676002
DefMet_FE_118	Litho_FE_98	90.15141461449664
DefMet_FE_118	DE_BE_65	87.1185855995352
DefMet_FE_118	DefMet_FE_106	38.33092564820365
DefMet_FE_118	DE_BE_67	79.10053266259196
DefMet_FE_118	Planar_BE_75	70.02802182491577
DefMet_FE_118	Dielectric_BE_28	26.96474863047466
DefMet_FE_118	Litho_FE_111	93.69415496000694
DefMet_FE_118	WE_FE_47	59.57230980428405
DefMet_FE_118	Litho_BE_99	82.34408523885668
DefMet_FE_118	WE_FE_85	57.284516495270715
DefMet_FE_118	DE_FE_62	71.9375319836942
DefMet_FE_118	Litho_BE_110	98.88247309825626
DefMet_FE_118	Dielectric_FE_112	35.33439750922759
DefMet_FE_118	Planar_FE_78	62.83657871085317
DefMet_FE_118	Planar_FE_77	68.20262529030356
DefMet_FE_118	TF_FE_113	65.49481669198211
DefMet_FE_118	DE_FE_58	70.64050687366439
DefMet_FE_118	Dielectric_FE_31	26.24134691385644
DefMet_FE_118	DE_BE_50	86.79654360388771
DefMet_FE_118	Litho_REG_FE_64	79.94868322302524
DefMet_FE_118	DefMet_FE_10	37.88725149350508
DefMet_FE_118	Litho_REG_BE_63	88.37898349403206
DefMet_FE_118	WE_BE_16	48.76390563284255
DefMet_FE_118	Litho_BE_93	96.20117838469363
DefMet_FE_118	LithoTrack_FE_96	73.98533853775393
DefMet_FE_118	DE_FE_53	82.98963628064479
DefMet_FE_118	DefMet_BE_33	30.279712196541094
DefMet_FE_118	DE_FE_54	65.47384020033105
DefMet_FE_118	DE_BE_11	95.77222262585364
DefMet_FE_118	DE_FE_51	78.87289201546149
DefMet_FE_118	DE_FE_71	65.50580840647089
DefMet_FE_118	WE_BE_14	63.796712400083905
DefMet_FE_118	Planar_FE_76	75.3742274149124
DefMet_FE_118	TF_BE_26	61.294835476602806
DefMet_FE_118	COMMIT	110.00581288165745
DefMet_FE_118	EPI_36	43.844090011398436
DefMet_FE_118	EPI_38	42.59409001139843
DefMet_FE_118	Diffusion_FE_122	34.119834473897455
DefMet_FE_118	Implant_119	45.09409001139844
DefMet_FE_118	DE_BE_69	77.52360403305663
DefMet_FE_118	TF_FE_5	54.68439147920728
DefMet_FE_118	WE_FE_83	47.79952753905172
DefMet_FE_118	LithoMet_FE_19	77.94800548005387
DefMet_FE_118	Dielectric_BE_60	25.537893676351903
DefMet_FE_118	Implant_91	40.38607657645365
DefMet_FE_118	Implant_90	36.576552766453645
TF_BE_23	Diffusion_FE_101	88.51666713139282
TF_BE_23	TF_FE_104	41.247397809708616
TF_BE_23	Implant_88	64.2479345643182
TF_BE_23	DefMet_BE_42	78.13789888972333
TF_BE_23	DE_FE_86	61.905858696026094
TF_BE_23	TF_FE_103	50.57202928124144
TF_BE_23	TF_BE_40	39.03098340983774
TF_BE_23	LithoMet_BE_18	62.47876332122654
TF_BE_23	Dielectric_BE_27	81.32147193009664
TF_BE_23	Dielectric_FE_130	88.97210474845605
TF_BE_23	STOCKER	52.02061718011861
TF_BE_23	DE_BE_12	86.3948631293588
TF_BE_23	Dielectric_FE_30	72.66739044344278
TF_BE_23	Diffusion_FE_127	77.89075008070677
TF_BE_23	DE_FE_56	72.04772907474079
TF_BE_23	TF_Met_FE_61	39.30498116563817
TF_BE_23	DefMet_FE_118	84.15567438979593
TF_BE_23	Diffusion_FE_126	74.9220000857068
TF_BE_23	DE_FE_1	69.46841129189444
TF_BE_23	Litho_FE_92	60.649385130848046
TF_BE_23	DefMet_FE_34	84.15567438979593
TF_BE_23	DE_BE_13	75.24966271541498
TF_BE_23	Diffusion_FE_120	86.59643225687827
TF_BE_23	Planar_FE_80	46.81039855651577
TF_BE_23	WE_FE_108	55.538601360918676
TF_BE_23	Implant_128	64.16612562216453
TF_BE_23	Implant_132	56.31827951100412
TF_BE_23	WE_FE_41	49.66416205253437
TF_BE_23	WE_BE_17	60.165447699682154
TF_BE_23	WE_BE_7	49.42596319827659
TF_BE_23	WE_BE_82	47.59779815501889
TF_BE_23	TF_BE_24	27.518995991411114
TF_BE_23	DE_FE_70	66.41109233029178
TF_BE_23	Diffusion_FE_100	75.43878477749703
TF_BE_23	COMPLETE	106.84187285550789
TF_BE_23	LithoTrack_BE_117	52.10406639037503
TF_BE_23	WE_BE_81	43.871155643511145
TF_BE_23	LithoTrack_FE_115	52.10791588385392
TF_BE_23	DefMet_FE_43	71.58234335438998
TF_BE_23	Diffusion_FE_44	91.66599796853353
TF_BE_23	LithoTrack_FE_95	45.45978284391894
TF_BE_23	Litho_FE_35	46.86238791657676
TF_BE_23	DE_BE_48	81.64212820657225
TF_BE_23	Diffusion_BE_123	72.11008107971925
TF_BE_23	Implant_74	60.026612843861294
TF_BE_23	Planar_FE_79	35.7130966194076
TF_BE_23	DE_FE_59	60.86490866900347
TF_BE_23	Diffusion_FE_94	87.1521387673685
TF_BE_23	WE_FE_84	58.03625057237534
TF_BE_23	TF_FE_131	51.97470302993928
TF_BE_23	Dielectric_BE_20	63.631889609491914
TF_BE_23	DE_BE_66	74.82797164043095
TF_BE_23	TF_BE_2	29.253743291078052
TF_BE_23	WE_BE_9	62.86484133223441
TF_BE_23	TF_FE_3	56.51262775038695
TF_BE_23	DE_FE_72	51.40263354771836
TF_BE_23	Dielectric_BE_21	66.3994377536629
TF_BE_23	Diffusion_FE_125	72.45533341370681
TF_BE_23	TF_Met_FE_45	37.02720338763817
TF_BE_23	WE_FE_8	55.018515729861306
TF_BE_23	Dielectric_FE_29	83.5715504289657
TF_BE_23	Litho_FE_98	58.52793250610873
TF_BE_23	DE_BE_65	75.67800803283158
TF_BE_23	DefMet_FE_106	81.07234104979591
TF_BE_23	DE_BE_67	80.35255180871975
TF_BE_23	Planar_BE_75	35.753485386310366
TF_BE_23	Dielectric_BE_28	69.12167526356941
TF_BE_23	Litho_FE_111	62.07067286344618
TF_BE_23	WE_FE_47	51.935182397861276
TF_BE_23	Litho_BE_99	50.72060314673106
TF_BE_23	WE_FE_85	57.00173087565155
TF_BE_23	DE_FE_62	62.114075618422575
TF_BE_23	Litho_BE_110	67.25899099247026
TF_BE_23	Dielectric_FE_112	76.90683537138977
TF_BE_23	Planar_FE_78	31.213096618727597
TF_BE_23	Planar_FE_77	36.57914319004683
TF_BE_23	TF_FE_113	39.58565483786129
TF_BE_23	DE_FE_58	72.68611272809177
TF_BE_23	Dielectric_FE_31	67.81378477749702
TF_BE_23	DE_BE_50	85.23720699465358
TF_BE_23	Litho_REG_FE_64	48.32520112547889
TF_BE_23	DefMet_FE_10	80.09419366310506
TF_BE_23	Litho_REG_BE_63	56.75550139702781
TF_BE_23	WE_BE_16	51.955967558031716
TF_BE_23	Litho_BE_93	64.57769629256802
TF_BE_23	LithoTrack_FE_96	42.36185642936606
TF_BE_23	DE_FE_53	76.06903267234729
TF_BE_23	DefMet_BE_33	67.40580575738119
TF_BE_23	DE_FE_54	69.32662963447626
TF_BE_23	DE_BE_11	65.53432279900206
TF_BE_23	DE_FE_51	67.62548032357192
TF_BE_23	DE_FE_71	57.50298325487423
TF_BE_23	WE_BE_14	42.36053672163817
TF_BE_23	Planar_FE_76	43.750745317366054
TF_BE_23	TF_BE_26	40.737723425742765
TF_BE_23	COMMIT	106.84187285550789
TF_BE_23	EPI_36	67.97139861876472
TF_BE_23	EPI_38	66.59362156611239
TF_BE_23	Diffusion_FE_122	75.69227233753806
TF_BE_23	Implant_119	69.34917567141702
TF_BE_23	DE_BE_69	78.34641713369639
TF_BE_23	TF_FE_5	47.78997028631959
TF_BE_23	WE_FE_83	68.49863131909362
TF_BE_23	LithoMet_FE_19	46.32452337618331
TF_BE_23	Dielectric_BE_60	67.11033153425285
TF_BE_23	Implant_91	70.92132052953816
TF_BE_23	Implant_90	68.67758961877507
Diffusion_FE_126	Diffusion_FE_101	21.56317482867515
Diffusion_FE_126	TF_FE_104	82.85464403142936
Diffusion_FE_126	Implant_88	52.42627349226171
Diffusion_FE_126	DefMet_BE_42	27.76622887714898
Diffusion_FE_126	DE_FE_86	50.10206846232716
Diffusion_FE_126	TF_FE_103	75.41455550051322
Diffusion_FE_126	TF_BE_40	85.18932826418764
Diffusion_FE_126	LithoMet_BE_18	115.84224985130277
Diffusion_FE_126	Dielectric_BE_27	30.954432360819748
Diffusion_FE_126	Dielectric_FE_130	26.066465189358723
Diffusion_FE_126	STOCKER	71.29611993502235
Diffusion_FE_126	DE_BE_12	76.73204986976491
Diffusion_FE_126	Dielectric_FE_30	35.15224861609857
Diffusion_FE_126	Diffusion_FE_127	7.766369049285714
Diffusion_FE_126	DE_FE_56	59.54572145337212
Diffusion_FE_126	TF_Met_FE_61	88.7882714149852
Diffusion_FE_126	DefMet_FE_118	33.34956221714898
Diffusion_FE_126	TF_BE_23	86.85725546471632
Diffusion_FE_126	DE_FE_1	74.63127388474959
Diffusion_FE_126	Litho_FE_92	114.01287165860109
Diffusion_FE_126	DefMet_FE_34	33.34956221714898
Diffusion_FE_126	DE_BE_13	86.89582444969365
Diffusion_FE_126	Diffusion_FE_120	24.35593888696613
Diffusion_FE_126	Planar_FE_80	101.41768203994815
Diffusion_FE_126	WE_FE_108	69.9963294753002
Diffusion_FE_126	Implant_128	61.04196498858712
Diffusion_FE_126	Implant_132	69.83548477465357
Diffusion_FE_126	WE_FE_41	77.45094320117782
Diffusion_FE_126	WE_BE_17	69.51062514628858
Diffusion_FE_126	WE_BE_7	72.01062514628858
Diffusion_FE_126	WE_BE_82	78.91007051314011
Diffusion_FE_126	TF_BE_24	97.60597263426209
Diffusion_FE_126	DE_FE_70	60.81621016325547
Diffusion_FE_126	Diffusion_FE_100	32.21303202483842
Diffusion_FE_126	COMPLETE	110.0058128004624
Diffusion_FE_126	LithoTrack_BE_117	105.46755292393604
Diffusion_FE_126	WE_BE_81	80.21024662652827
Diffusion_FE_126	LithoTrack_FE_115	105.47140241529374
Diffusion_FE_126	DefMet_FE_43	36.544006661815644
Diffusion_FE_126	Diffusion_FE_44	21.541616937112476
Diffusion_FE_126	LithoTrack_FE_95	98.82326937436585
Diffusion_FE_126	Litho_FE_35	100.22587443387546
Diffusion_FE_126	DE_BE_48	81.32929318189615
Diffusion_FE_126	Diffusion_BE_123	40.81025426439398
Diffusion_FE_126	Implant_74	59.25065339938938
Diffusion_FE_126	Planar_FE_79	89.07658313995871
Diffusion_FE_126	DE_FE_59	71.75671361555882
Diffusion_FE_126	Diffusion_FE_94	30.383055881927476
Diffusion_FE_126	WE_FE_84	68.44828798675498
Diffusion_FE_126	TF_FE_131	72.51848603779216
Diffusion_FE_126	Dielectric_BE_20	45.822792641911185
Diffusion_FE_126	DE_BE_66	74.25538742753517
Diffusion_FE_126	TF_BE_2	100.63085446231469
Diffusion_FE_126	WE_BE_9	63.5190764946557
Diffusion_FE_126	TF_FE_3	73.16050702628857
Diffusion_FE_126	DE_FE_72	63.41765406266735
Diffusion_FE_126	Dielectric_BE_21	46.2970497760664
Diffusion_FE_126	Diffusion_FE_125	31.624264114574366
Diffusion_FE_126	TF_Met_FE_45	86.29327262222492
Diffusion_FE_126	WE_FE_8	70.58473927870386
Diffusion_FE_126	Dielectric_FE_29	28.549798525358725
Diffusion_FE_126	Litho_FE_98	111.8914190396698
Diffusion_FE_126	DE_BE_65	81.0383199769079
Diffusion_FE_126	DefMet_FE_106	30.26622887714898
Diffusion_FE_126	DE_BE_67	69.86685835563301
Diffusion_FE_126	Planar_BE_75	91.76802624067382
Diffusion_FE_126	Dielectric_BE_28	38.24078603817793
Diffusion_FE_126	Litho_FE_111	115.43415939700722
Diffusion_FE_126	WE_FE_47	73.80851609243209
Diffusion_FE_126	Litho_BE_99	104.08408966945056
Diffusion_FE_126	WE_FE_85	66.51819064795112
Diffusion_FE_126	DE_FE_62	62.74390733887593
Diffusion_FE_126	Litho_BE_110	120.62247752603135
Diffusion_FE_126	Dielectric_FE_112	32.63092827724866
Diffusion_FE_126	Planar_FE_78	84.57658313602623
Diffusion_FE_126	Planar_FE_77	89.94262972360782
Diffusion_FE_126	TF_FE_113	87.23482110902398
Diffusion_FE_126	DE_FE_58	61.40683256670545
Diffusion_FE_126	Dielectric_FE_31	39.921365372838416
Diffusion_FE_126	DE_BE_50	77.56286929692872
Diffusion_FE_126	Litho_REG_FE_64	101.68868765903993
Diffusion_FE_126	DefMet_FE_10	29.432895543815647
Diffusion_FE_126	Litho_REG_BE_63	110.11898792896258
Diffusion_FE_126	WE_BE_16	70.50391007427798
Diffusion_FE_126	Litho_BE_93	117.94118281799788
Diffusion_FE_126	LithoTrack_FE_96	95.7253429466647
Diffusion_FE_126	DE_FE_53	73.75596197368584
Diffusion_FE_126	DefMet_BE_33	43.49832201140437
Diffusion_FE_126	DE_FE_54	56.24016589337212
Diffusion_FE_126	DE_BE_11	93.9896059878219
Diffusion_FE_126	DE_FE_51	70.76078187110687
Diffusion_FE_126	DE_FE_71	58.33581517440656
Diffusion_FE_126	WE_BE_14	85.53671683176192
Diffusion_FE_126	Planar_FE_76	97.11423184550625
Diffusion_FE_126	TF_BE_26	83.03483989960756
Diffusion_FE_126	COMMIT	110.0058128004624
Diffusion_FE_126	EPI_36	53.07776416407884
Diffusion_FE_126	EPI_38	51.82776416407884
Diffusion_FE_126	Diffusion_FE_122	32.34458762785637
Diffusion_FE_126	Implant_119	54.32776416407884
Diffusion_FE_126	DE_BE_69	68.28992972609767
Diffusion_FE_126	TF_FE_5	76.4243959152219
Diffusion_FE_126	WE_FE_83	57.03320169173213
Diffusion_FE_126	LithoMet_FE_19	99.68800990703396
Diffusion_FE_126	Dielectric_BE_60	46.87109560660339
Diffusion_FE_126	Implant_91	49.619750729134026
Diffusion_FE_126	Implant_90	45.81022691913404
DE_FE_1	Diffusion_FE_101	80.14006824310228
DE_FE_1	TF_FE_104	70.37852964362393
DE_FE_1	Implant_88	76.38843831493138
DE_FE_1	DefMet_BE_42	69.76130000723877
DE_FE_1	DE_FE_86	52.85195453383598
DE_FE_1	TF_FE_103	62.67120453452656
DE_FE_1	TF_BE_40	74.36336274153975
DE_FE_1	LithoMet_BE_18	59.886375020243435
DE_FE_1	Dielectric_BE_27	72.94487304371935
DE_FE_1	Dielectric_FE_130	80.59550586016553
DE_FE_1	STOCKER	48.19434883731188
DE_FE_1	DE_BE_12	43.24583296967407
DE_FE_1	Dielectric_FE_30	64.29079155563058
DE_FE_1	Diffusion_FE_127	69.51415119241624
DE_FE_1	DE_FE_56	46.840180742810794
DE_FE_1	TF_Met_FE_61	83.2636616810438
DE_FE_1	DefMet_FE_118	75.77907550437523
DE_FE_1	TF_BE_23	61.534592967958744
DE_FE_1	Diffusion_FE_126	66.54540119741627
DE_FE_1	Litho_FE_92	58.05699682981515
DE_FE_1	DefMet_FE_34	75.77907550437523
DE_FE_1	DE_BE_13	50.12401758037475
DE_FE_1	Diffusion_FE_120	78.21983336858773
DE_FE_1	Planar_FE_80	65.27701834542273
DE_FE_1	WE_FE_108	81.79620056351239
DE_FE_1	Implant_128	85.00412981694542
DE_FE_1	Implant_132	93.79764960195844
DE_FE_1	WE_FE_41	89.17399259490556
DE_FE_1	WE_BE_17	68.86686703755025
DE_FE_1	WE_BE_7	71.36686703523269
DE_FE_1	WE_BE_82	85.52606799045714
DE_FE_1	TF_BE_24	72.7632245183446
DE_FE_1	DE_FE_70	41.754651196821825
DE_FE_1	Diffusion_FE_100	67.06218588920649
DE_FE_1	COMPLETE	104.88679523505785
DE_FE_1	LithoTrack_BE_117	49.694926041480166
DE_FE_1	WE_BE_81	80.10093991238686
DE_FE_1	LithoTrack_FE_115	55.53355006243837
DE_FE_1	DefMet_FE_43	63.20574447190544
DE_FE_1	Diffusion_FE_44	83.28939908024303
DE_FE_1	LithoTrack_FE_95	55.550523031560886
DE_FE_1	Litho_FE_35	44.269999615211965
DE_FE_1	DE_BE_48	48.2594800405027
DE_FE_1	Diffusion_BE_123	63.733482191428735
DE_FE_1	Implant_74	83.21281822205904
DE_FE_1	Planar_FE_79	52.134242358204574
DE_FE_1	DE_FE_59	31.30430682157884
DE_FE_1	Diffusion_FE_94	81.7651986996419
DE_FE_1	WE_FE_84	95.17568578677334
DE_FE_1	TF_FE_131	71.87472793835227
DE_FE_1	Dielectric_BE_20	55.25529072472002
DE_FE_1	DE_BE_66	36.06495386134452
DE_FE_1	TF_BE_2	70.90718968426906
DE_FE_1	WE_BE_9	74.97491103876774
DE_FE_1	TF_FE_3	76.21650775041702
DE_FE_1	DE_FE_72	38.98185785793698
DE_FE_1	Dielectric_BE_21	58.022838869916264
DE_FE_1	Diffusion_FE_125	64.07873452541625
DE_FE_1	TF_Met_FE_45	80.98588389918118
DE_FE_1	WE_FE_8	94.54690410600871
DE_FE_1	Dielectric_FE_29	75.19495154211009
DE_FE_1	Litho_FE_98	55.935544204743955
DE_FE_1	DE_BE_65	43.970053508275
DE_FE_1	DefMet_FE_106	72.69574216437523
DE_FE_1	DE_BE_67	29.853895532461287
DE_FE_1	Planar_BE_75	67.02553196354619
DE_FE_1	Dielectric_BE_28	60.74507637623549
DE_FE_1	Litho_FE_111	59.47828456277834
DE_FE_1	WE_FE_47	92.76814880794306
DE_FE_1	Litho_BE_99	48.128214845366294
DE_FE_1	WE_FE_85	90.48035547989116
DE_FE_1	DE_FE_62	39.179282158846924
DE_FE_1	Litho_BE_110	64.6666026918303
DE_FE_1	Dielectric_FE_112	68.53023648457764
DE_FE_1	Planar_FE_78	47.63424234964476
DE_FE_1	Planar_FE_77	53.00028892559916
DE_FE_1	TF_FE_113	80.54126658560139
DE_FE_1	DE_FE_58	43.507429921252964
DE_FE_1	Dielectric_FE_31	59.4371858892065
DE_FE_1	DE_BE_50	42.93741933789971
DE_FE_1	Litho_REG_FE_64	45.732812824919485
DE_FE_1	DefMet_FE_10	71.71759477866307
DE_FE_1	Litho_REG_BE_63	54.16311309596504
DE_FE_1	WE_BE_16	69.86015196409119
DE_FE_1	Litho_BE_93	61.985307991667874
DE_FE_1	LithoTrack_FE_96	58.78300217187117
DE_FE_1	DE_FE_53	29.08205730154012
DE_FE_1	DefMet_BE_33	59.02920687298339
DE_FE_1	DE_FE_54	43.41049894047404
DE_FE_1	DE_BE_11	54.01349624545256
DE_FE_1	DE_FE_51	24.34625705601494
DE_FE_1	DE_FE_71	45.16915204979857
DE_FE_1	WE_BE_14	81.96444775160992
DE_FE_1	Planar_FE_76	60.171891059871164
DE_FE_1	TF_BE_26	68.67823598292274
DE_FE_1	COMMIT	104.88679523505785
DE_FE_1	EPI_36	77.03992900065406
DE_FE_1	EPI_38	75.78992900065406
DE_FE_1	Diffusion_FE_122	67.31567344924753
DE_FE_1	Implant_119	78.28992900065406
DE_FE_1	DE_BE_69	27.206236499847996
DE_FE_1	TF_FE_5	90.57967314490341
DE_FE_1	WE_FE_83	80.99536651749192
DE_FE_1	LithoMet_FE_19	43.73213507574781
DE_FE_1	Dielectric_BE_60	58.73373265170197
DE_FE_1	Implant_91	73.58191555180369
DE_FE_1	Implant_90	69.7723917418037
Litho_FE_92	Diffusion_FE_101	108.93471095323021
Litho_FE_92	TF_FE_104	63.31466730669082
Litho_FE_92	Implant_88	87.13242973352924
Litho_FE_92	DefMet_BE_42	98.55594271678589
Litho_FE_92	DE_FE_86	81.64659724513324
Litho_FE_92	TF_FE_103	71.80162049004598
Litho_FE_92	TF_BE_40	62.50202942465921
Litho_FE_92	LithoMet_BE_18	32.76373313705522
Litho_FE_92	Dielectric_BE_27	101.73951575136918
Litho_FE_92	Dielectric_FE_130	109.39014857377825
Litho_FE_92	STOCKER	61.350252731191596
Litho_FE_92	DE_BE_12	64.71543623869458
Litho_FE_92	Dielectric_FE_30	93.0854342675009
Litho_FE_92	Diffusion_FE_127	98.30879390109219
Litho_FE_92	DE_FE_56	76.32200323722334
Litho_FE_92	TF_Met_FE_61	61.32640840199268
Litho_FE_92	DefMet_FE_118	104.57371821392235
Litho_FE_92	TF_BE_23	60.5596034918796
Litho_FE_92	Diffusion_FE_126	95.340043905221
Litho_FE_92	DE_FE_1	54.72915147910199
Litho_FE_92	DefMet_FE_34	104.57371821392235
Litho_FE_92	DE_BE_13	53.77207003285774
Litho_FE_92	Diffusion_FE_120	107.01447607958686
Litho_FE_92	Planar_FE_80	43.92422109578295
Litho_FE_92	WE_FE_108	77.71741750922554
Litho_FE_92	Implant_128	85.74234726098265
Litho_FE_92	Implant_132	79.0938584639163
Litho_FE_92	WE_FE_41	71.68558928888888
Litho_FE_92	WE_BE_17	81.01384539860155
Litho_FE_92	WE_BE_7	71.44739043463109
Litho_FE_92	WE_BE_82	69.42018793145577
Litho_FE_92	TF_BE_24	51.9948182937158
Litho_FE_92	DE_FE_70	70.54929392648162
Litho_FE_92	Diffusion_FE_100	95.85682859584965
Litho_FE_92	COMPLETE	107.01287303470374
Litho_FE_92	LithoTrack_BE_117	39.7235045148571
Litho_FE_92	WE_BE_81	65.89258287986563
Litho_FE_92	LithoTrack_FE_115	42.48344676070155
Litho_FE_92	DefMet_FE_43	92.00038718493734
Litho_FE_92	Diffusion_FE_44	112.08404179070284
Litho_FE_92	LithoTrack_FE_95	48.90358679943266
Litho_FE_92	Litho_FE_35	26.135749079252214
Litho_FE_92	DE_BE_48	60.45063514243571
Litho_FE_92	Diffusion_BE_123	92.52812489703935
Litho_FE_92	Implant_74	84.68757108816756
Litho_FE_92	Planar_FE_79	59.454638739693394
Litho_FE_92	DE_FE_59	60.29934570789809
Litho_FE_92	Diffusion_FE_94	107.97758497510796
Litho_FE_92	WE_FE_84	80.16014084260507
Litho_FE_92	TF_FE_131	72.49012432691399
Litho_FE_92	Dielectric_BE_20	84.04993343920393
Litho_FE_92	DE_BE_66	56.72122769457958
Litho_FE_92	TF_BE_2	48.969936413715814
Litho_FE_92	WE_BE_9	82.73852003681789
Litho_FE_92	TF_FE_3	76.89372778249871
Litho_FE_92	DE_FE_72	67.77650057060244
Litho_FE_92	Dielectric_BE_21	86.81748157786618
Litho_FE_92	Diffusion_FE_125	92.87337722950389
Litho_FE_92	TF_Met_FE_45	59.04863062399267
Litho_FE_92	WE_FE_8	77.0399429662158
Litho_FE_92	Dielectric_FE_29	103.98959425485161
Litho_FE_92	Litho_FE_98	16.93208660247818
Litho_FE_92	DE_BE_65	55.21338120397231
Litho_FE_92	DefMet_FE_106	101.49038488031113
Litho_FE_92	DE_BE_67	61.82729628043996
Litho_FE_92	Planar_BE_75	55.72669014830785
Litho_FE_92	Dielectric_BE_28	89.539719087525
Litho_FE_92	Litho_FE_111	32.99461860671684
Litho_FE_92	WE_FE_47	73.95660963421581
Litho_FE_92	Litho_BE_99	28.824059567571794
Litho_FE_92	WE_FE_85	83.12340808501699
Litho_FE_92	DE_FE_62	67.97392489418336
Litho_FE_92	Litho_BE_110	45.38289904854004
Litho_FE_92	Dielectric_FE_112	97.3248791904816
Litho_FE_92	Planar_FE_78	59.78122072460157
Litho_FE_92	Planar_FE_77	55.385456505385626
Litho_FE_92	TF_FE_113	61.60708207421582
Litho_FE_92	DE_FE_58	72.92718928845915
Litho_FE_92	Dielectric_FE_31	88.23182859701126
Litho_FE_92	DE_BE_50	63.38030106847059
Litho_FE_92	Litho_REG_FE_64	30.73013526688909
Litho_FE_92	DefMet_FE_10	100.51223749246938
Litho_FE_92	Litho_REG_BE_63	27.321967530822537
Litho_FE_92	WE_BE_16	74.72456169477093
Litho_FE_92	Litho_BE_93	42.2469193174914
Litho_FE_92	LithoTrack_FE_96	51.71667464282025
Litho_FE_92	DE_FE_53	58.377690414333586
Litho_FE_92	DefMet_BE_33	87.82384958369208
Litho_FE_92	DE_FE_54	72.79922674407705
Litho_FE_92	DE_BE_11	43.85489591780143
Litho_FE_92	DE_FE_51	61.32729970294783
Litho_FE_92	DE_FE_71	73.96379476165602
Litho_FE_92	WE_BE_14	65.9755647679237
Litho_FE_92	Planar_FE_76	53.10556353082025
Litho_FE_92	TF_BE_26	64.34147175379482
Litho_FE_92	COMMIT	107.01287303470374
Litho_FE_92	EPI_36	88.74112966489722
Litho_FE_92	EPI_38	87.33597181524802
Litho_FE_92	Diffusion_FE_122	96.11031615589066
Litho_FE_92	Implant_119	90.14628751454644
Litho_FE_92	DE_BE_69	62.45483379481669
Litho_FE_92	TF_FE_5	69.81139752267407
Litho_FE_92	WE_FE_83	88.42702661794638
Litho_FE_92	LithoMet_FE_19	45.57349299783722
Litho_FE_92	Dielectric_BE_60	87.52837535950671
Litho_FE_92	Implant_91	92.08259297092901
Litho_FE_92	Implant_90	89.78562171289093
DefMet_FE_34	Diffusion_FE_101	46.94422926775222
DefMet_FE_34	TF_FE_104	61.11463960896669
DefMet_FE_34	Implant_88	43.19259933958131
DefMet_FE_34	DefMet_BE_42	36.999903184107936
DefMet_FE_34	DE_FE_86	56.22138752332132
DefMet_FE_34	TF_FE_103	53.67455107534016
DefMet_FE_34	TF_BE_40	63.44932384598412
DefMet_FE_34	LithoMet_BE_18	94.10224541335211
DefMet_FE_34	Dielectric_BE_27	38.319391293755444
DefMet_FE_34	Dielectric_FE_130	47.399666884815446
DefMet_FE_34	STOCKER	60.850629321969244
DefMet_FE_34	DE_BE_12	85.96572417672392
DefMet_FE_34	Dielectric_FE_30	31.09495258028052
DefMet_FE_34	Diffusion_FE_127	36.3183122170662
DefMet_FE_34	DE_FE_56	68.77939576033106
DefMet_FE_34	TF_Met_FE_61	67.04826698981212
DefMet_FE_34	DefMet_FE_118	4.797619054285715
DefMet_FE_34	TF_BE_23	65.11725104336968
DefMet_FE_34	Diffusion_FE_126	33.3495622220662
DefMet_FE_34	DE_FE_1	81.02993362953814
DefMet_FE_34	Litho_FE_92	92.2728672316856
DefMet_FE_34	DE_BE_13	92.94754294840794
DefMet_FE_34	Diffusion_FE_120	45.02399439323767
DefMet_FE_34	Planar_FE_80	79.6776776229062
DefMet_FE_34	WE_FE_108	48.25632498395075
DefMet_FE_34	Implant_128	51.8082908359067
DefMet_FE_34	Implant_132	60.60181062197317
DefMet_FE_34	WE_FE_41	55.978175314738046
DefMet_FE_34	WE_BE_17	47.77062070485314
DefMet_FE_34	WE_BE_7	50.27062070485315
DefMet_FE_34	WE_BE_82	57.170066041756286
DefMet_FE_34	TF_BE_24	75.86596822535134
DefMet_FE_34	DE_FE_70	70.04988447021444
DefMet_FE_34	Diffusion_FE_100	33.86634691385645
DefMet_FE_34	COMPLETE	110.00581288165745
DefMet_FE_34	LithoTrack_BE_117	83.72754849551045
DefMet_FE_34	WE_BE_81	58.470242173875626
DefMet_FE_34	LithoTrack_FE_115	83.73139798976709
DefMet_FE_34	DefMet_FE_43	7.992063498952383
DefMet_FE_34	Diffusion_FE_44	50.09356010489295
DefMet_FE_34	LithoTrack_FE_95	77.08326494746272
DefMet_FE_34	Litho_FE_35	78.48587000870236
DefMet_FE_34	DE_BE_48	90.56463657897733
DefMet_FE_34	Diffusion_BE_123	30.537643216078663
DefMet_FE_34	Implant_74	50.01697924670897
DefMet_FE_34	Planar_FE_79	67.33657871478563
DefMet_FE_34	DE_FE_59	76.89099583856179
DefMet_FE_34	Diffusion_FE_94	48.569359723960766
DefMet_FE_34	WE_FE_84	61.97989753736642
DefMet_FE_34	TF_FE_131	50.77848160797271
DefMet_FE_34	Dielectric_BE_20	17.805322646025356
DefMet_FE_34	DE_BE_66	83.14023415315935
DefMet_FE_34	TF_BE_2	78.89085003714156
DefMet_FE_34	WE_BE_9	41.77907200330624
DefMet_FE_34	TF_FE_3	51.420502588918744
DefMet_FE_34	DE_FE_72	72.5612026411993
DefMet_FE_34	Dielectric_BE_21	23.658022353744684
DefMet_FE_34	Diffusion_FE_125	30.882895550066202
DefMet_FE_34	TF_Met_FE_45	64.55326819705185
DefMet_FE_34	WE_FE_8	61.35106512602345
DefMet_FE_34	Dielectric_FE_29	41.99911256676002
DefMet_FE_34	Litho_FE_98	90.15141461449664
DefMet_FE_34	DE_BE_65	87.1185855995352
DefMet_FE_34	DefMet_FE_106	38.33092564820365
DefMet_FE_34	DE_BE_67	79.10053266259196
DefMet_FE_34	Planar_BE_75	70.02802182491577
DefMet_FE_34	Dielectric_BE_28	26.96474863047466
DefMet_FE_34	Litho_FE_111	93.69415496000694
DefMet_FE_34	WE_FE_47	59.57230980428405
DefMet_FE_34	Litho_BE_99	82.34408523885668
DefMet_FE_34	WE_FE_85	57.284516495270715
DefMet_FE_34	DE_FE_62	71.9375319836942
DefMet_FE_34	Litho_BE_110	98.88247309825626
DefMet_FE_34	Dielectric_FE_112	35.33439750922759
DefMet_FE_34	Planar_FE_78	62.83657871085317
DefMet_FE_34	Planar_FE_77	68.20262529030356
DefMet_FE_34	TF_FE_113	65.49481669198211
DefMet_FE_34	DE_FE_58	70.64050687366439
DefMet_FE_34	Dielectric_FE_31	26.24134691385644
DefMet_FE_34	DE_BE_50	86.79654360388771
DefMet_FE_34	Litho_REG_FE_64	79.94868322302524
DefMet_FE_34	DefMet_FE_10	37.88725149350508
DefMet_FE_34	Litho_REG_BE_63	88.37898349403206
DefMet_FE_34	WE_BE_16	48.76390563284255
DefMet_FE_34	Litho_BE_93	96.20117838469363
DefMet_FE_34	LithoTrack_FE_96	73.98533853775393
DefMet_FE_34	DE_FE_53	82.98963628064479
DefMet_FE_34	DefMet_BE_33	30.279712196541094
DefMet_FE_34	DE_FE_54	65.47384020033105
DefMet_FE_34	DE_BE_11	95.77222262585364
DefMet_FE_34	DE_FE_51	78.87289201546149
DefMet_FE_34	DE_FE_71	65.50580840647089
DefMet_FE_34	WE_BE_14	63.796712400083905
DefMet_FE_34	Planar_FE_76	75.3742274149124
DefMet_FE_34	TF_BE_26	61.294835476602806
DefMet_FE_34	COMMIT	110.00581288165745
DefMet_FE_34	EPI_36	43.844090011398436
DefMet_FE_34	EPI_38	42.59409001139843
DefMet_FE_34	Diffusion_FE_122	34.119834473897455
DefMet_FE_34	Implant_119	45.09409001139844
DefMet_FE_34	DE_BE_69	77.52360403305663
DefMet_FE_34	TF_FE_5	54.68439147920728
DefMet_FE_34	WE_FE_83	47.79952753905172
DefMet_FE_34	LithoMet_FE_19	77.94800548005387
DefMet_FE_34	Dielectric_BE_60	25.537893676351903
DefMet_FE_34	Implant_91	40.38607657645365
DefMet_FE_34	Implant_90	36.576552766453645
DE_BE_13	Diffusion_FE_101	99.30103861995312
DE_BE_13	TF_FE_104	90.79653935927657
DE_BE_13	Implant_88	96.8064480345915
DE_BE_13	DefMet_BE_42	90.1793097268989
DE_BE_13	DE_FE_86	73.26996425349607
DE_BE_13	TF_FE_103	83.08921425089136
DE_BE_13	TF_BE_40	94.78137245833737
DE_BE_13	LithoMet_BE_18	71.98122291431051
DE_BE_13	Dielectric_BE_27	93.41325645286955
DE_BE_13	Dielectric_FE_130	98.66256956425363
DE_BE_13	STOCKER	63.080759176930464
DE_BE_13	DE_BE_12	24.00216571537105
DE_BE_13	Dielectric_FE_30	84.70880127529072
DE_BE_13	Diffusion_FE_127	93.92860251303294
DE_BE_13	DE_FE_56	67.94537022154702
DE_BE_13	TF_Met_FE_61	103.68167139558595
DE_BE_13	DefMet_FE_118	96.19708522403535
DE_BE_13	TF_BE_23	81.95260267747939
DE_BE_13	Diffusion_FE_126	86.96341091707639
DE_BE_13	DE_FE_1	46.352518481539654
DE_BE_13	Litho_FE_92	62.226006809894216
DE_BE_13	DefMet_FE_34	96.19708522403535
DE_BE_13	Diffusion_FE_120	97.51809840074513
DE_BE_13	Planar_FE_80	85.69502805798524
DE_BE_13	WE_FE_108	102.21421028109322
DE_BE_13	Implant_128	105.42213953718493
DE_BE_13	Implant_132	114.2156593220531
DE_BE_13	WE_FE_41	109.59200231108927
DE_BE_13	WE_BE_17	89.28487675112672
DE_BE_13	WE_BE_7	91.78487674808486
DE_BE_13	WE_BE_82	105.94407771046485
DE_BE_13	TF_BE_24	93.18123423119678
DE_BE_13	DE_FE_70	62.172660916481924
DE_BE_13	Diffusion_FE_100	94.25062780016415
DE_BE_13	COMPLETE	106.0843974613328
DE_BE_13	LithoTrack_BE_117	65.06489789867271
DE_BE_13	WE_BE_81	100.51894962750838
DE_BE_13	LithoTrack_FE_115	75.27960320539889
DE_BE_13	DefMet_FE_43	83.62375419156554
DE_BE_13	Diffusion_FE_44	98.27299938358411
DE_BE_13	LithoTrack_FE_95	75.92402637979833
DE_BE_13	Litho_FE_35	47.402960633455564
DE_BE_13	DE_BE_48	25.183421187196156
DE_BE_13	Diffusion_BE_123	85.65603239804386
DE_BE_13	Implant_74	103.63082794171918
DE_BE_13	Planar_FE_79	72.5522520676673
DE_BE_13	DE_FE_59	51.92271269946734
DE_BE_13	Diffusion_FE_94	99.70298264432215
DE_BE_13	WE_FE_84	115.59369550919367
DE_BE_13	TF_FE_131	92.29273765178384
DE_BE_13	Dielectric_BE_20	75.67330044438012
DE_BE_13	DE_BE_66	48.34459469701724
DE_BE_13	TF_BE_2	91.32519940392922
DE_BE_13	WE_BE_9	95.39292075816712
DE_BE_13	TF_FE_3	96.63451746326922
DE_BE_13	DE_FE_72	59.399867577597085
DE_BE_13	Dielectric_BE_21	78.44084858957639
DE_BE_13	Diffusion_FE_125	84.49674424507639
DE_BE_13	TF_Met_FE_45	101.40389361623403
DE_BE_13	WE_FE_8	114.9649138311731
DE_BE_13	Dielectric_FE_29	94.43748825398421
DE_BE_13	Litho_FE_98	71.16809804650072
DE_BE_13	DE_BE_65	42.76351956933281
DE_BE_13	DefMet_FE_106	93.11375188403534
DE_BE_13	DE_BE_67	53.45066328287761
DE_BE_13	Planar_BE_75	87.44354167238833
DE_BE_13	Dielectric_BE_28	81.16308609589561
DE_BE_13	Litho_FE_111	63.6330105681267
DE_BE_13	WE_FE_47	113.18615852899374
DE_BE_13	Litho_BE_99	51.261175862359345
DE_BE_13	WE_FE_85	110.89836519636458
DE_BE_13	DE_FE_62	59.59729187850704
DE_BE_13	Litho_BE_110	64.92635041971668
DE_BE_13	Dielectric_FE_112	88.12791462944767
DE_BE_13	Planar_FE_78	68.05225208321042
DE_BE_13	Planar_FE_77	73.41829863830652
DE_BE_13	TF_FE_113	100.95927630048146
DE_BE_13	DE_FE_58	64.55055627882082
DE_BE_13	Dielectric_FE_31	79.85519560886664
DE_BE_13	DE_BE_50	44.24633657948768
DE_BE_13	Litho_REG_FE_64	61.951969029086484
DE_BE_13	DefMet_FE_10	92.13560449832319
DE_BE_13	Litho_REG_BE_63	76.45307043052887
DE_BE_13	WE_BE_16	90.27816167734173
DE_BE_13	Litho_BE_93	65.11826900833148
DE_BE_13	LithoTrack_FE_96	79.20101187762575
DE_BE_13	DE_FE_53	50.00105741677125
DE_BE_13	DefMet_BE_33	79.4472165926435
DE_BE_13	DE_FE_54	64.42259373745772
DE_BE_13	DE_BE_11	38.93597967477711
DE_BE_13	DE_FE_51	52.9506667053855
DE_BE_13	DE_FE_71	65.58716176945867
DE_BE_13	WE_BE_14	102.38245746002974
DE_BE_13	Planar_FE_76	80.58990076562574
DE_BE_13	TF_BE_26	89.09624569546592
DE_BE_13	COMMIT	106.0843974613328
DE_BE_13	EPI_36	97.45793871705504
DE_BE_13	EPI_38	96.20793871857597
DE_BE_13	Diffusion_FE_122	87.73368316890765
DE_BE_13	Implant_119	98.70793871553414
DE_BE_13	DE_BE_69	54.07820079725436
DE_BE_13	TF_FE_5	110.99768285910751
DE_BE_13	WE_FE_83	101.41337624437035
DE_BE_13	LithoMet_FE_19	58.96468891668795
DE_BE_13	Dielectric_BE_60	79.15174237136209
DE_BE_13	Implant_91	93.99992527146382
DE_BE_13	Implant_90	90.19040146146382
Diffusion_FE_120	Diffusion_FE_101	32.53983339308339
Diffusion_FE_120	TF_FE_104	63.00465753959054
Diffusion_FE_120	Implant_88	32.576286989581305
Diffusion_FE_120	DefMet_BE_42	44.532882039829374
Diffusion_FE_120	DE_FE_86	64.78437823134809
Diffusion_FE_120	TF_FE_103	55.56456899783283
Diffusion_FE_120	TF_BE_40	65.33934176692799
Diffusion_FE_120	LithoMet_BE_18	95.99226334687994
Diffusion_FE_120	Dielectric_BE_27	47.72108552350016
Diffusion_FE_120	Dielectric_FE_130	41.22969884111701
Diffusion_FE_120	STOCKER	63.58656433960503
Diffusion_FE_120	DE_BE_12	94.57032957369783
Diffusion_FE_120	Dielectric_FE_30	32.80887219063751
Diffusion_FE_120	Diffusion_FE_127	24.533022211966127
Diffusion_FE_120	DE_FE_56	76.3123746160525
Diffusion_FE_120	TF_Met_FE_61	68.9382849123048
Diffusion_FE_120	DefMet_FE_118	50.11621537982937
Diffusion_FE_120	TF_BE_23	67.00726896586232
Diffusion_FE_120	Diffusion_FE_126	21.56427221696613
Diffusion_FE_120	DE_FE_1	86.14450065673294
Diffusion_FE_120	Litho_FE_92	94.16288515359747
Diffusion_FE_120	DefMet_FE_34	50.11621537982937
Diffusion_FE_120	DE_BE_13	98.26183126696951
Diffusion_FE_120	Planar_FE_80	81.56769554539886
Diffusion_FE_120	WE_FE_108	50.1463429726198
Diffusion_FE_120	Implant_128	41.191978485906695
Diffusion_FE_120	Implant_132	49.98549827197316
Diffusion_FE_120	WE_FE_41	57.60095669849742
Diffusion_FE_120	WE_BE_17	49.660638643608166
Diffusion_FE_120	WE_BE_7	52.16063862734582
Diffusion_FE_120	WE_BE_82	59.06008401045972
Diffusion_FE_120	TF_BE_24	77.755986147844
Diffusion_FE_120	DE_FE_70	76.19045095150163
Diffusion_FE_120	Diffusion_FE_100	27.696378870158
Diffusion_FE_120	COMPLETE	108.46414613451816
Diffusion_FE_120	LithoTrack_BE_117	85.61756641312442
Diffusion_FE_120	WE_BE_81	60.36026012926866
Diffusion_FE_120	LithoTrack_FE_115	85.62141591031535
Diffusion_FE_120	DefMet_FE_43	67.66153477113362
Diffusion_FE_120	Diffusion_FE_44	38.308270099792885
Diffusion_FE_120	LithoTrack_FE_95	78.97328287306944
Diffusion_FE_120	Litho_FE_35	80.37588793119502
Diffusion_FE_120	DE_BE_48	99.15949800222448
Diffusion_FE_120	Diffusion_BE_123	24.367675172380224
Diffusion_FE_120	Implant_74	39.40066689670897
Diffusion_FE_120	Planar_FE_79	69.22659664053074
Diffusion_FE_120	DE_FE_59	81.03819813434598
Diffusion_FE_120	Diffusion_FE_94	36.867568122796406
Diffusion_FE_120	WE_FE_84	48.598301484074554
Diffusion_FE_120	TF_FE_131	52.66849953511177
Diffusion_FE_120	Dielectric_BE_20	59.711081065543226
Diffusion_FE_120	DE_BE_66	92.93380696949522
Diffusion_FE_120	TF_BE_2	80.78086795963424
Diffusion_FE_120	WE_BE_9	43.6690899919753
Diffusion_FE_120	TF_FE_3	53.310520511411404
Diffusion_FE_120	DE_FE_72	79.73623070704902
Diffusion_FE_120	Dielectric_BE_21	59.002459526103145
Diffusion_FE_120	Diffusion_FE_125	19.09760554496613
Diffusion_FE_120	TF_Met_FE_45	66.44328612767569
Diffusion_FE_120	WE_FE_8	50.73475277602345
Diffusion_FE_120	Dielectric_FE_29	43.713032177117014
Diffusion_FE_120	Litho_FE_98	92.04143253292372
Diffusion_FE_120	DE_BE_65	92.04712094761257
Diffusion_FE_120	DefMet_FE_106	47.032882039829374
Diffusion_FE_120	DE_BE_67	86.16936940172191
Diffusion_FE_120	Planar_BE_75	71.9180397474084
Diffusion_FE_120	Dielectric_BE_28	48.95084871906958
Diffusion_FE_120	Litho_FE_111	95.58417288249962
Diffusion_FE_120	WE_FE_47	53.958529589751684
Diffusion_FE_120	Litho_BE_99	84.23410316134934
Diffusion_FE_120	WE_FE_85	46.66820414527072
Diffusion_FE_120	DE_FE_62	81.42170156643803
Diffusion_FE_120	Litho_BE_110	100.77249102074893
Diffusion_FE_120	Dielectric_FE_112	47.09076515999498
Diffusion_FE_120	Planar_FE_78	64.72659663334582
Diffusion_FE_120	Planar_FE_77	70.09264321279622
Diffusion_FE_120	TF_FE_113	67.38483460634359
Diffusion_FE_120	DE_FE_58	78.17348572938583
Diffusion_FE_120	Dielectric_FE_31	20.071378870158004
Diffusion_FE_120	DE_BE_50	93.3185692454453
Diffusion_FE_120	Litho_REG_FE_64	81.83870115581739
Diffusion_FE_120	DefMet_FE_10	46.199548706496046
Diffusion_FE_120	Litho_REG_BE_63	90.2690014148985
Diffusion_FE_120	WE_BE_16	50.65392356956479
Diffusion_FE_120	Litho_BE_93	98.09119630718628
Diffusion_FE_120	LithoTrack_FE_96	75.87535646024659
Diffusion_FE_120	DE_FE_53	88.3566620917397
Diffusion_FE_120	DefMet_BE_33	60.26497517408475
Diffusion_FE_120	DE_FE_54	73.00681905605249
Diffusion_FE_120	DE_BE_11	99.04782282310673
Diffusion_FE_120	DE_FE_51	87.36773666336485
Diffusion_FE_120	DE_FE_71	71.94531544689958
Diffusion_FE_120	WE_BE_14	65.68673032257657
Diffusion_FE_120	Planar_FE_76	77.26424533740506
Diffusion_FE_120	TF_BE_26	63.18485340234793
Diffusion_FE_120	COMMIT	108.46414613451816
Diffusion_FE_120	EPI_36	33.227777661398434
Diffusion_FE_120	EPI_38	31.977777661398427
Diffusion_FE_120	Diffusion_FE_122	12.494601125175953
Diffusion_FE_120	Implant_119	34.477777661398434
Diffusion_FE_120	DE_BE_69	85.05658288877805
Diffusion_FE_120	TF_FE_5	56.57440941254151
Diffusion_FE_120	WE_FE_83	37.183215189051715
Diffusion_FE_120	LithoMet_FE_19	79.83802339215673
Diffusion_FE_120	Dielectric_BE_60	51.09012577738575
Diffusion_FE_120	Implant_91	29.769764226453635
Diffusion_FE_120	Implant_90	25.960240416453637
Planar_FE_80	Diffusion_FE_101	86.08099715496776
Planar_FE_80	TF_FE_104	45.41424059662591
Planar_FE_80	Implant_88	69.82630034491002
Planar_FE_80	DefMet_BE_42	75.70222891910424
Planar_FE_80	DE_FE_86	58.79288343500539
Planar_FE_80	TF_FE_103	56.67719802957681
Planar_FE_80	TF_BE_40	44.26392093493108
Planar_FE_80	LithoMet_BE_18	55.99891659514742
Planar_FE_80	Dielectric_BE_27	78.88580195558482
Planar_FE_80	Dielectric_FE_130	86.53643477203103
Planar_FE_80	STOCKER	50.09665801297418
Planar_FE_80	DE_BE_12	79.91501639691764
Planar_FE_80	Dielectric_FE_30	70.23172046749606
Planar_FE_80	Diffusion_FE_127	75.45508010428172
Planar_FE_80	DE_FE_56	65.56788233625572
Planar_FE_80	TF_Met_FE_61	43.42598169192777
Planar_FE_80	DefMet_FE_118	81.72000439997835
Planar_FE_80	TF_BE_23	41.76887711908805
Planar_FE_80	Diffusion_FE_126	72.48633010928171
Planar_FE_80	DE_FE_1	62.98856455436368
Planar_FE_80	Litho_FE_92	54.16953840476891
Planar_FE_80	DefMet_FE_34	81.72000439997835
Planar_FE_80	DE_BE_13	68.76981596673605
Planar_FE_80	Diffusion_FE_120	84.16076228045321
Planar_FE_80	WE_FE_108	60.36824744056273
Planar_FE_80	Implant_128	69.1455832390449
Planar_FE_80	Implant_132	60.43928003729373
Planar_FE_80	WE_FE_41	53.78516257882395
Planar_FE_80	WE_BE_17	66.81473902067698
Planar_FE_80	WE_BE_7	53.54696372456618
Planar_FE_80	WE_BE_82	51.70462837394356
Planar_FE_80	TF_BE_24	34.0943915836509
Planar_FE_80	DE_FE_70	59.931245546358916
Planar_FE_80	Diffusion_FE_100	73.00311480107196
Planar_FE_80	COMPLETE	105.66244975752173
Planar_FE_80	LithoTrack_BE_117	45.62421966429588
Planar_FE_80	WE_BE_81	47.99215616980073
Planar_FE_80	LithoTrack_FE_115	45.62806915777477
Planar_FE_80	DefMet_FE_43	69.14667338377092
Planar_FE_80	Diffusion_FE_44	89.23032799210853
Planar_FE_80	LithoTrack_FE_95	38.78448770397115
Planar_FE_80	Litho_FE_35	40.38254119049762
Planar_FE_80	DE_BE_48	75.16228143974271
Planar_FE_80	Diffusion_BE_123	69.67441109064569
Planar_FE_80	Implant_74	64.14761337015088
Planar_FE_80	Planar_FE_79	28.06427234262468
Planar_FE_80	DE_FE_59	54.38506193023211
Planar_FE_80	Diffusion_FE_94	85.18480239828023
Planar_FE_80	WE_FE_84	62.11355887683923
Planar_FE_80	TF_FE_131	55.963387551473375
Planar_FE_80	Dielectric_BE_20	61.196219636585504
Planar_FE_80	DE_BE_66	68.34812487670534
Planar_FE_80	TF_BE_2	29.9005321557
Planar_FE_80	WE_BE_9	66.78606591128255
Planar_FE_80	TF_FE_3	60.472913387584
Planar_FE_80	DE_FE_72	44.92278673927893
Planar_FE_80	Dielectric_BE_21	63.963767781781755
Planar_FE_80	Diffusion_FE_125	70.01966343728176
Planar_FE_80	TF_Met_FE_45	41.14820391392776
Planar_FE_80	WE_FE_8	59.13951625615088
Planar_FE_80	Dielectric_FE_29	81.1358804539756
Planar_FE_80	Litho_FE_98	52.0480857800296
Planar_FE_80	DE_BE_65	69.19816129632851
Planar_FE_80	DefMet_FE_106	78.6366710762407
Planar_FE_80	DE_BE_67	73.8727050623543
Planar_FE_80	Planar_BE_75	18.628217965916434
Planar_FE_80	Dielectric_BE_28	66.68600528810097
Planar_FE_80	Litho_FE_111	55.590826137367024
Planar_FE_80	WE_FE_47	56.05618292415088
Planar_FE_80	Litho_BE_99	44.240756420651934
Planar_FE_80	WE_FE_85	61.12273140194113
Planar_FE_80	DE_FE_62	55.63422885748281
Planar_FE_80	Litho_BE_110	60.77914426639112
Planar_FE_80	Dielectric_FE_112	74.47116539644313
Planar_FE_80	Planar_FE_78	23.56427234194468
Planar_FE_80	Planar_FE_77	29.514807688615793
Planar_FE_80	TF_FE_113	43.7066553641509
Planar_FE_80	DE_FE_58	66.20626599024291
Planar_FE_80	Dielectric_FE_31	65.37811479131454
Planar_FE_80	DE_BE_50	78.7573602468952
Planar_FE_80	Litho_REG_FE_64	41.845354399399774
Planar_FE_80	DefMet_FE_10	77.65852369052855
Planar_FE_80	Litho_REG_BE_63	50.27565467094867
Planar_FE_80	WE_BE_16	57.612427864118324
Planar_FE_80	Litho_BE_93	58.09784956648888
Planar_FE_80	LithoTrack_FE_96	34.71303215258314
Planar_FE_80	DE_FE_53	69.58918593799753
Planar_FE_80	DefMet_BE_33	64.97013578484888
Planar_FE_80	DE_FE_54	62.846782861014006
Planar_FE_80	DE_BE_11	59.05447607292291
Planar_FE_80	DE_FE_51	61.145633563464905
Planar_FE_80	DE_FE_71	51.63615017322644
Planar_FE_80	WE_BE_14	46.48153724792776
Planar_FE_80	Planar_FE_76	36.101921040583136
Planar_FE_80	TF_BE_26	47.476673558009146
Planar_FE_80	COMMIT	105.66244975752173
Planar_FE_80	EPI_36	74.36371220732235
Planar_FE_80	EPI_38	72.89649121781342
Planar_FE_80	Diffusion_FE_122	73.256602361113
Planar_FE_80	Implant_119	75.83093319683128
Planar_FE_80	DE_BE_69	71.86657039807424
Planar_FE_80	TF_FE_5	51.91097081260917
Planar_FE_80	WE_FE_83	72.34179293052988
Planar_FE_80	LithoMet_FE_19	39.84467665010416
Planar_FE_80	Dielectric_BE_60	64.67466156356747
Planar_FE_80	Implant_91	77.54066149177444
Planar_FE_80	Implant_90	75.71332065366917
WE_FE_108	Diffusion_FE_101	73.81723537683642
WE_FE_108	TF_FE_104	49.57945056778337
WE_FE_108	Implant_88	44.935910458086575
WE_FE_108	DefMet_BE_42	64.96780245750298
WE_FE_108	DE_FE_86	69.65924451227795
WE_FE_108	TF_FE_103	42.13936202738085
WE_FE_108	TF_BE_40	51.91413479628241
WE_FE_108	LithoMet_BE_18	82.56705637758952
WE_FE_108	Dielectric_BE_27	67.93050921738123
WE_FE_108	Dielectric_FE_130	74.27268184627425
WE_FE_108	STOCKER	57.31255864450388
WE_FE_108	DE_BE_12	106.4831561826742
WE_FE_108	Dielectric_FE_30	57.96796753360811
WE_FE_108	Diffusion_FE_127	63.19131242686243
WE_FE_108	DE_FE_56	92.136022134921
WE_FE_108	TF_Met_FE_61	55.198404847834
WE_FE_108	DefMet_FE_118	70.88747815134855
WE_FE_108	TF_BE_23	53.58206199325798
WE_FE_108	Diffusion_FE_126	60.222562435075574
WE_FE_108	DE_FE_1	89.55670434712282
WE_FE_108	Litho_FE_92	80.73767818721103
WE_FE_108	DefMet_FE_34	70.88747815134855
WE_FE_108	DE_BE_13	95.33795576998484
WE_FE_108	Diffusion_FE_120	71.89700197758647
WE_FE_108	Planar_FE_80	68.14248857088131
WE_FE_108	Implant_128	44.43894700460237
WE_FE_108	Implant_132	36.35585608077495
WE_FE_108	WE_FE_41	25.8840388018175
WE_FE_108	WE_BE_17	35.99082985795901
WE_FE_108	WE_BE_7	38.490829857959
WE_FE_108	WE_BE_82	40.34801443208955
WE_FE_108	TF_BE_24	64.33077917332643
WE_FE_108	DE_FE_70	86.49938538440098
WE_FE_108	Diffusion_FE_100	60.73936187531522
WE_FE_108	COMPLETE	106.90480766642759
WE_FE_108	LithoTrack_BE_117	72.19235944673801
WE_FE_108	WE_BE_81	41.995678128724634
WE_FE_108	LithoTrack_FE_115	72.1962089402169
WE_FE_108	DefMet_FE_43	59.41623066550918
WE_FE_108	Diffusion_FE_44	76.96656031617867
WE_FE_108	LithoTrack_FE_95	65.54807590028192
WE_FE_108	Litho_FE_35	66.95068097293975
WE_FE_108	DE_BE_48	101.73042126293967
WE_FE_108	Diffusion_BE_123	57.41065817753744
WE_FE_108	Implant_74	40.06418941363209
WE_FE_108	Planar_FE_79	55.801389675770594
WE_FE_108	DE_FE_59	80.95320172408277
WE_FE_108	Diffusion_FE_94	72.07677356060205
WE_FE_108	WE_FE_84	37.472520533647476
WE_FE_108	TF_FE_131	39.24329256524058
WE_FE_108	Dielectric_BE_20	51.465776959918806
WE_FE_108	DE_BE_66	94.91626469630432
WE_FE_108	TF_BE_2	67.35566098511667
WE_FE_108	WE_BE_9	28.94600767933596
WE_FE_108	TF_FE_3	39.885313549090604
WE_FE_108	DE_FE_72	71.49092660378234
WE_FE_108	Dielectric_BE_21	55.48648581092162
WE_FE_108	Diffusion_FE_125	57.755895763075564
WE_FE_108	TF_Met_FE_45	52.73844170261574
WE_FE_108	WE_FE_8	34.05297758154056
WE_FE_108	Dielectric_FE_29	68.87212752008764
WE_FE_108	Litho_FE_98	78.61622556247174
WE_FE_108	DE_BE_65	95.76630108855284
WE_FE_108	DefMet_FE_106	67.80414481134854
WE_FE_108	DE_BE_67	100.44084486542134
WE_FE_108	Planar_BE_75	58.49283277289087
WE_FE_108	Dielectric_BE_28	55.68890748291754
WE_FE_108	Litho_FE_111	82.15896591980916
WE_FE_108	WE_FE_47	30.96964424954057
WE_FE_108	Litho_BE_99	70.80889620309404
WE_FE_108	WE_FE_85	37.03930744542233
WE_FE_108	DE_FE_62	82.20236867517843
WE_FE_108	Litho_BE_110	87.11710485985114
WE_FE_108	Dielectric_FE_112	62.207412457380805
WE_FE_108	Planar_FE_78	51.30138967509058
WE_FE_108	Planar_FE_77	56.667436246409814
WE_FE_108	TF_FE_113	53.959627648088386
WE_FE_108	DE_FE_58	92.77440578873379
WE_FE_108	Dielectric_FE_31	53.11436187531525
WE_FE_108	DE_BE_50	105.32550004916952
WE_FE_108	Litho_REG_FE_64	68.41349418184188
WE_FE_108	DefMet_FE_10	66.85869736006667
WE_FE_108	Litho_REG_BE_63	76.8437944533908
WE_FE_108	WE_BE_16	37.04526523873131
WE_FE_108	Litho_BE_93	84.665989348931
WE_FE_108	LithoTrack_FE_96	62.45014948572904
WE_FE_108	DE_FE_53	96.1573257345695
WE_FE_108	DefMet_BE_33	55.239693066587144
WE_FE_108	DE_FE_54	89.41492269274785
WE_FE_108	DE_BE_11	85.62261585536505
WE_FE_108	DE_FE_51	87.71377338164035
WE_FE_108	DE_FE_71	76.11998662238777
WE_FE_108	WE_BE_14	51.97487877613938
WE_FE_108	Planar_FE_76	63.83903837372906
WE_FE_108	TF_BE_26	49.75964642783037
WE_FE_108	COMMIT	106.90480766642759
WE_FE_108	EPI_36	48.62951864475778
WE_FE_108	EPI_38	47.22536181349333
WE_FE_108	Diffusion_FE_122	60.99284206060695
WE_FE_108	Implant_119	50.033675476022175
WE_FE_108	DE_BE_69	98.43471018505188
WE_FE_108	TF_FE_5	43.14920243802394
WE_FE_108	WE_FE_83	47.03102614541071
WE_FE_108	LithoMet_FE_19	66.4128164325463
WE_FE_108	Dielectric_BE_60	52.41090862154832
WE_FE_108	Implant_91	52.073867369019126
WE_FE_108	Implant_90	50.01596483654109
Implant_128	Diffusion_FE_101	69.10242854760354
Implant_128	TF_FE_104	62.9992346095391
Implant_128	Implant_88	28.72695353777544
Implant_128	DefMet_BE_42	74.94530309592047
Implant_128	DE_FE_86	83.07902854866418
Implant_128	TF_FE_103	55.559146069136574
Implant_128	TF_BE_40	65.33391883803814
Implant_128	LithoMet_BE_18	95.98684041934527
Implant_128	Dielectric_BE_27	76.87588040362502
Implant_128	Dielectric_FE_130	74.13295506339178
Implant_128	STOCKER	67.70876886187439
Implant_128	DE_BE_12	119.9029402245568
Implant_128	Dielectric_FE_30	61.82166461790984
Implant_128	Diffusion_FE_127	55.6446144440396
Implant_128	DE_FE_56	105.55580616635291
Implant_128	TF_Met_FE_61	68.93286199580531
Implant_128	DefMet_FE_118	80.52863643592048
Implant_128	TF_BE_23	67.00184603501371
Implant_128	Diffusion_FE_126	52.675864449039594
Implant_128	DE_FE_1	102.97648839036017
Implant_128	Litho_FE_92	94.21819748261238
Implant_128	DefMet_FE_34	80.52863643592048
Implant_128	DE_BE_13	108.75773981126184
Implant_128	Diffusion_FE_120	70.05050153181685
Implant_128	Planar_FE_80	81.56227261263702
Implant_128	WE_FE_108	50.14092003985796
Implant_128	Implant_132	18.610906965790623
Implant_128	WE_FE_41	56.33114936097524
Implant_128	WE_BE_17	49.65521571084634
Implant_128	WE_BE_7	52.15521571084634
Implant_128	WE_BE_82	59.05466107769789
Implant_128	TF_BE_24	77.75056321508214
Implant_128	DE_FE_70	99.91916942034233
Implant_128	Diffusion_FE_100	76.70136066133715
Implant_128	COMPLETE	106.92077598558454
Implant_128	LithoTrack_BE_117	85.61214348849371
Implant_128	WE_BE_81	60.35483719650683
Implant_128	LithoTrack_FE_115	85.61599298197262
Implant_128	DefMet_FE_43	72.83601469369862
Implant_128	Diffusion_FE_44	69.41986233186634
Implant_128	LithoTrack_FE_95	78.96785994203762
Implant_128	Litho_FE_35	80.3704650146955
Implant_128	DE_BE_48	115.15020530113404
Implant_128	Diffusion_BE_123	63.95508896939966
Implant_128	Implant_74	22.319240298647767
Implant_128	Planar_FE_79	69.22117371752633
Implant_128	DE_FE_59	94.37298576091924
Implant_128	Diffusion_FE_94	64.43483052437249
Implant_128	WE_FE_84	33.701025787889876
Implant_128	TF_FE_131	52.663076606996306
Implant_128	Dielectric_BE_20	64.8855609881082
Implant_128	DE_BE_66	108.3360487381076
Implant_128	TF_BE_2	80.77544502687239
Implant_128	WE_BE_9	43.66366705921344
Implant_128	TF_FE_3	53.305097590846344
Implant_128	DE_FE_72	84.91071063983242
Implant_128	Dielectric_BE_21	73.20282080708746
Implant_128	Diffusion_FE_125	50.20919777703958
Implant_128	TF_Met_FE_45	66.43786320304504
Implant_128	WE_FE_8	49.49643061323537
Implant_128	Dielectric_FE_29	70.729112668585
Implant_128	Litho_FE_98	92.03600960422747
Implant_128	DE_BE_65	109.18608513130395
Implant_128	DefMet_FE_106	77.44530309592045
Implant_128	DE_BE_67	113.8606289067455
Implant_128	Planar_BE_75	71.91261681464658
Implant_128	Dielectric_BE_28	64.32564804285019
Implant_128	Litho_FE_111	97.8157013695728
Implant_128	WE_FE_47	52.57802639912051
Implant_128	Litho_BE_99	84.22868024484983
Implant_128	WE_FE_85	28.15917875038076
Implant_128	DE_FE_62	95.62215271271582
Implant_128	Litho_BE_110	97.24120287959948
Implant_128	Dielectric_FE_112	64.67358314314208
Implant_128	Planar_FE_78	64.72117371684634
Implant_128	Planar_FE_77	70.08722028816554
Implant_128	TF_FE_113	67.3794116898441
Implant_128	DE_FE_58	106.19418982378137
Implant_128	Dielectric_FE_31	56.968058961386724
Implant_128	DE_BE_50	118.74528408961294
Implant_128	Litho_REG_FE_64	81.83327822359762
Implant_128	DefMet_FE_10	76.61196976258714
Implant_128	Litho_REG_BE_63	90.26357849514655
Implant_128	WE_BE_16	50.64850063883575
Implant_128	Litho_BE_93	98.08577339068675
Implant_128	LithoTrack_FE_96	75.86993352748473
Implant_128	DE_FE_53	109.57710977841852
Implant_128	DefMet_BE_33	68.6594770962514
Implant_128	DE_FE_54	102.83470672934169
Implant_128	DE_BE_11	99.04239989712082
Implant_128	DE_FE_51	101.13355742504979
Implant_128	DE_FE_71	89.53977065666892
Implant_128	WE_BE_14	65.68130740607711
Implant_128	Planar_FE_76	77.25882241548477
Implant_128	TF_BE_26	63.1794304695861
Implant_128	COMMIT	106.92077598558454
Implant_128	EPI_36	33.39167054447504
Implant_128	EPI_38	32.780780963621915
Implant_128	Diffusion_FE_122	59.14634161247665
Implant_128	Implant_119	34.002560125328166
Implant_128	DE_BE_69	111.85449422964625
Implant_128	TF_FE_5	56.568986479779674
Implant_128	WE_FE_83	36.355859436272375
Implant_128	LithoMet_FE_19	79.83260047430204
Implant_128	Dielectric_BE_60	56.264605710274544
Implant_128	Implant_91	36.9620477306174
Implant_128	Implant_90	35.343000110903105
Implant_132	Diffusion_FE_101	55.29479897220983
Implant_132	TF_FE_104	49.55179640377072
Implant_132	Implant_88	14.580332286556239
Implant_132	DefMet_BE_42	61.49785302068364
Implant_132	DE_FE_86	69.63159033815457
Implant_132	TF_FE_103	42.11170786336822
Implant_132	TF_BE_40	51.88648063226977
Implant_132	LithoMet_BE_18	82.53940221357688
Implant_132	Dielectric_BE_27	63.428440615064176
Implant_132	Dielectric_FE_130	59.79808933289341
Implant_132	STOCKER	54.20616084813791
Implant_132	DE_BE_12	106.45550201534714
Implant_132	Dielectric_FE_30	48.374226408559714
Implant_132	Diffusion_FE_127	41.497993192820395
Implant_132	DE_FE_56	92.10836797090833
Implant_132	TF_Met_FE_61	55.48542379003693
Implant_132	DefMet_FE_118	67.08118636068365
Implant_132	TF_BE_23	53.55440782924535
Implant_132	Diffusion_FE_126	38.5292431978204
Implant_132	DE_FE_1	89.52905018537436
Implant_132	Litho_FE_92	80.71002402319836
Implant_132	DefMet_FE_34	67.08118636068365
Implant_132	DE_BE_13	95.31030160582263
Implant_132	Diffusion_FE_120	56.25347179816116
Implant_132	Planar_FE_80	68.11483440686865
Implant_132	WE_FE_108	36.69348183408957
Implant_132	Implant_128	25.856456362049908
Implant_132	WE_FE_41	44.148095559967196
Implant_132	WE_BE_17	36.20777750507796
Implant_132	WE_BE_7	38.70777750507796
Implant_132	WE_BE_82	45.6072228719295
Implant_132	TF_BE_24	64.3031250093138
Implant_132	DE_FE_70	86.47173121061597
Implant_132	Diffusion_FE_100	65.9446561683731
Implant_132	COMPLETE	107.27900695627041
Implant_132	LithoTrack_BE_117	72.16470528272535
Implant_132	WE_BE_81	46.90739899073844
Implant_132	LithoTrack_FE_115	72.16855477620426
Implant_132	DefMet_FE_43	59.38857648793022
Implant_132	Diffusion_FE_44	55.27324108064717
Implant_132	LithoTrack_FE_95	65.52042173626926
Implant_132	Litho_FE_35	66.92302680892706
Implant_132	DE_BE_48	101.70276709661474
Implant_132	Diffusion_BE_123	51.105591588043424
Implant_132	Implant_74	8.17261904742857
Implant_132	Planar_FE_79	55.77373551175794
Implant_132	DE_FE_59	80.92554755862726
Implant_132	Diffusion_FE_94	51.57633840592613
Implant_132	WE_FE_84	34.4161374830736
Implant_132	TF_FE_131	39.215638401227935
Implant_132	Dielectric_BE_20	51.4381227823398
Implant_132	DE_BE_66	94.88861053114533
Implant_132	TF_BE_2	67.32800682110403
Implant_132	WE_BE_9	30.21622885344507
Implant_132	TF_FE_3	39.857659385077966
Implant_132	DE_FE_72	71.4632724387444
Implant_132	Dielectric_BE_21	59.75538259615717
Implant_132	Diffusion_FE_125	36.0625765258204
Implant_132	TF_Met_FE_45	52.990424997276655
Implant_132	WE_FE_8	37.28189163749322
Implant_132	Dielectric_FE_29	56.8379607020318
Implant_132	Litho_FE_98	78.58857139845907
Implant_132	DE_BE_65	95.73864692331527
Implant_132	DefMet_FE_106	63.99785302068364
Implant_132	DE_BE_67	100.41319069701915
Implant_132	Planar_BE_75	58.46517860887822
Implant_132	Dielectric_BE_28	50.87820983276264
Implant_132	Litho_FE_111	82.13131175579649
Implant_132	WE_FE_47	40.50566845122144
Implant_132	Litho_BE_99	70.78124203908138
Implant_132	WE_FE_85	32.04636535798127
Implant_132	DE_FE_62	82.1747145074491
Implant_132	Litho_BE_110	88.06638384372857
Implant_132	Dielectric_FE_112	50.91780573589545
Implant_132	Planar_FE_78	51.27373551107794
Implant_132	Planar_FE_77	56.63978208239717
Implant_132	TF_FE_113	53.93197348407575
Implant_132	DE_FE_58	92.74675162489552
Implant_132	Dielectric_FE_31	43.52062074794924
Implant_132	DE_BE_50	105.29784588349347
Implant_132	Litho_REG_FE_64	68.38584001782922
Implant_132	DefMet_FE_10	63.164519687350285
Implant_132	Litho_REG_BE_63	76.81614028937815
Implant_132	WE_BE_16	37.201062433067364
Implant_132	Litho_BE_93	84.63833518491835
Implant_132	LithoTrack_FE_96	62.42249532171639
Implant_132	DE_FE_53	96.12967157265014
Implant_132	DefMet_BE_33	55.21203889364336
Implant_132	DE_FE_54	89.38726852873523
Implant_132	DE_BE_11	85.59496169135241
Implant_132	DE_FE_51	87.68611921928142
Implant_132	DE_FE_71	76.0923324518624
Implant_132	WE_BE_14	52.23386920030871
Implant_132	Planar_FE_76	63.8113842097164
Implant_132	TF_BE_26	49.731992263817716
Implant_132	COMMIT	107.27900695627041
Implant_132	EPI_36	19.190427698488595
Implant_132	EPI_38	18.524916522868192
Implant_132	Diffusion_FE_122	45.349311878820956
Implant_132	Implant_119	19.85593887410899
Implant_132	DE_BE_69	98.40705601959384
Implant_132	TF_FE_5	43.12154827401129
Implant_132	WE_FE_83	23.730354050521484
Implant_132	LithoMet_FE_19	66.38516226853362
Implant_132	Dielectric_BE_60	42.81716749815533
Implant_132	Implant_91	24.38005232960228
Implant_132	Implant_90	21.196378859683907
WE_FE_41	Diffusion_FE_101	62.25328240018518
WE_FE_41	TF_FE_104	46.94066442447505
WE_FE_41	Implant_88	46.618090696564884
WE_FE_41	DefMet_BE_42	59.62782195977129
WE_FE_41	DE_FE_86	67.02045837016428
WE_FE_41	TF_FE_103	39.50057588407254
WE_FE_41	TF_BE_40	49.27534865297412
WE_FE_41	LithoMet_BE_18	79.92827023428123
WE_FE_41	Dielectric_BE_27	60.79401603456767
WE_FE_41	Dielectric_FE_130	62.70872654653626
WE_FE_41	STOCKER	53.59111146485837
WE_FE_41	DE_BE_12	103.84437003875529
WE_FE_41	Dielectric_FE_30	46.40401223603846
WE_FE_41	Diffusion_FE_127	51.62736099519503
WE_FE_41	DE_FE_56	89.49723599161268
WE_FE_41	TF_Met_FE_61	52.874291810741276
WE_FE_41	DefMet_FE_118	65.2835623342797
WE_FE_41	TF_BE_23	50.94327584994968
WE_FE_41	Diffusion_FE_126	48.65861100019504
WE_FE_41	DE_FE_1	86.91791820276786
WE_FE_41	Litho_FE_92	78.09889204390271
WE_FE_41	DefMet_FE_34	65.2835623342797
WE_FE_41	DE_BE_13	92.69916962418525
WE_FE_41	Diffusion_FE_120	60.33304861424665
WE_FE_41	Planar_FE_80	65.503702427573
WE_FE_41	WE_FE_108	30.780815764142474
WE_FE_41	Implant_128	44.58295532531263
WE_FE_41	Implant_132	39.07758209969635
WE_FE_41	WE_BE_17	33.5966455257823
WE_FE_41	WE_BE_7	36.0966455257823
WE_FE_41	WE_BE_82	42.79178145620612
WE_FE_41	TF_BE_24	61.69199303001813
WE_FE_41	DE_FE_70	83.86059924346007
WE_FE_41	Diffusion_FE_100	49.17540657774557
WE_FE_41	COMPLETE	106.50634955815126
WE_FE_41	LithoTrack_BE_117	69.55357330342969
WE_FE_41	WE_BE_81	44.142244946617694
WE_FE_41	LithoTrack_FE_115	69.55742279690861
WE_FE_41	DefMet_FE_43	56.77744452485768
WE_FE_41	Diffusion_FE_44	65.40260888302178
WE_FE_41	LithoTrack_FE_95	62.909289756973614
WE_FE_41	Litho_FE_35	64.31189482963141
WE_FE_41	DE_BE_48	99.09163511610512
WE_FE_41	Diffusion_BE_123	45.846702879967786
WE_FE_41	Implant_74	44.98555566296798
WE_FE_41	Planar_FE_79	53.16260353246229
WE_FE_41	DE_FE_59	78.31441558234448
WE_FE_41	Diffusion_FE_94	61.39045493830052
WE_FE_41	WE_FE_84	29.21598950530997
WE_FE_41	TF_FE_131	36.60450642193228
WE_FE_41	Dielectric_BE_20	48.82699081926728
WE_FE_41	DE_BE_66	92.27747855468229
WE_FE_41	TF_BE_2	64.71687484180836
WE_FE_41	WE_BE_9	27.4492332050484
WE_FE_41	TF_FE_3	37.246527405782295
WE_FE_41	DE_FE_72	68.85214045884176
WE_FE_41	Dielectric_BE_21	56.21929868970094
WE_FE_41	Diffusion_FE_125	46.19194432819503
WE_FE_41	TF_Met_FE_45	50.37929301798099
WE_FE_41	WE_FE_8	13.29383530700179
WE_FE_41	Dielectric_FE_29	57.30817222251796
WE_FE_41	Litho_FE_98	75.97743941916342
WE_FE_41	DE_BE_65	93.1275149404541
WE_FE_41	DefMet_FE_106	62.200228994279705
WE_FE_41	DE_BE_67	97.80205871769591
WE_FE_41	Planar_BE_75	55.854046629582555
WE_FE_41	Dielectric_BE_28	48.58753676380696
WE_FE_41	Litho_FE_111	79.52017977650085
WE_FE_41	WE_FE_47	10.210501975001787
WE_FE_41	Litho_BE_99	68.17011005978573
WE_FE_41	WE_FE_85	37.76221541829801
WE_FE_41	DE_FE_62	79.56358253102286
WE_FE_41	Litho_BE_110	84.66191557252431
WE_FE_41	Dielectric_FE_112	50.64345715882554
WE_FE_41	Planar_FE_78	48.66260353178229
WE_FE_41	Planar_FE_77	54.02865010310151
WE_FE_41	TF_FE_113	51.320841504780084
WE_FE_41	DE_FE_58	90.13561964559986
WE_FE_41	Dielectric_FE_31	41.55040657774558
WE_FE_41	DE_BE_50	102.68671390020637
WE_FE_41	Litho_REG_FE_64	65.77470803853357
WE_FE_41	DefMet_FE_10	61.34275998277688
WE_FE_41	Litho_REG_BE_63	74.20500831008249
WE_FE_41	WE_BE_16	34.58993045377171
WE_FE_41	Litho_BE_93	82.0272032056227
WE_FE_41	LithoTrack_FE_96	59.81136334242073
WE_FE_41	DE_FE_53	93.51853959335449
WE_FE_41	DefMet_BE_33	52.60090692593565
WE_FE_41	DE_FE_54	86.77613654943953
WE_FE_41	DE_BE_11	82.98382971205675
WE_FE_41	DE_FE_51	85.07498723847158
WE_FE_41	DE_FE_71	73.48120048067828
WE_FE_41	WE_BE_14	49.62273722101304
WE_FE_41	Planar_FE_76	61.20025223042074
WE_FE_41	TF_BE_26	47.12086028452208
WE_FE_41	COMMIT	106.50634955815126
WE_FE_41	EPI_36	47.31892493025154
WE_FE_41	EPI_38	46.032721432000045
WE_FE_41	Diffusion_FE_122	49.42888869490645
WE_FE_41	Implant_119	48.60512842850303
WE_FE_41	DE_BE_69	95.79592403901064
WE_FE_41	TF_FE_5	40.51041629471563
WE_FE_41	WE_FE_83	26.25475533465252
WE_FE_41	LithoMet_FE_19	63.774030289238
WE_FE_41	Dielectric_BE_60	40.84695332397865
WE_FE_41	Implant_91	50.91230269686056
WE_FE_41	Implant_90	48.4589590641618
WE_BE_17	Diffusion_FE_101	82.69835927499578
WE_BE_17	TF_FE_104	55.32037526883448
WE_BE_17	Implant_88	46.323824074309854
WE_BE_17	DefMet_BE_42	72.31959097295587
WE_BE_17	DE_FE_86	76.00704934001483
WE_BE_17	TF_FE_103	48.487166879197694
WE_BE_17	TF_BE_40	58.26193964809925
WE_BE_17	LithoMet_BE_18	88.91486122940636
WE_BE_17	Dielectric_BE_27	75.50316405935044
WE_BE_17	Dielectric_FE_130	83.15379689205902
WE_BE_17	STOCKER	63.865537597718216
WE_BE_17	DE_BE_12	112.83096103117663
WE_BE_17	Dielectric_FE_30	66.84908257939287
WE_BE_17	Diffusion_FE_127	72.07244222430973
WE_BE_17	DE_FE_56	98.48382698673784
WE_BE_17	TF_Met_FE_61	23.640823303724144
WE_BE_17	DefMet_FE_118	78.33736652000634
WE_BE_17	TF_BE_23	59.92986684507482
WE_BE_17	Diffusion_FE_126	69.10369222930974
WE_BE_17	DE_FE_1	95.9045091955754
WE_BE_17	Litho_FE_92	87.08548303902786
WE_BE_17	DefMet_FE_34	78.33736652000634
WE_BE_17	DE_BE_13	101.68576062353519
WE_BE_17	Diffusion_FE_120	80.7781244004812
WE_BE_17	Planar_FE_80	74.49029342269813
WE_BE_17	WE_FE_108	35.920171620310285
WE_BE_17	Implant_128	44.91408070407621
WE_BE_17	Implant_132	36.20777750232505
WE_BE_17	WE_FE_41	29.553660043855256
WE_BE_17	WE_BE_7	7.297619048285715
WE_BE_17	WE_BE_82	26.304148323470223
WE_BE_17	TF_BE_24	70.67858402514327
WE_BE_17	DE_FE_70	92.84719023935773
WE_BE_17	Diffusion_FE_100	69.62047692109999
WE_BE_17	COMPLETE	110.00467080311105
WE_BE_17	LithoTrack_BE_117	78.54016429855483
WE_BE_17	WE_BE_81	16.031713749226565
WE_BE_17	LithoTrack_FE_115	78.54401379203372
WE_BE_17	DefMet_FE_43	65.76403543762252
WE_BE_17	Diffusion_FE_44	85.84769011213652
WE_BE_17	LithoTrack_FE_95	71.89588075209872
WE_BE_17	Litho_FE_35	73.2984858247566
WE_BE_17	DE_BE_48	108.07822610929897
WE_BE_17	Diffusion_BE_123	66.29177322332221
WE_BE_17	Implant_74	39.916110835182195
WE_BE_17	Planar_FE_79	62.149194527587426
WE_BE_17	DE_FE_59	87.30100656773571
WE_BE_17	Diffusion_FE_94	80.31295990009416
WE_BE_17	WE_FE_84	37.88205634187055
WE_BE_17	TF_FE_131	44.4457977168972
WE_BE_17	Dielectric_BE_20	57.81358173203213
WE_BE_17	DE_BE_66	101.26406954697482
WE_BE_17	TF_BE_2	73.7034658369335
WE_BE_17	WE_BE_9	41.03803215430006
WE_BE_17	TF_FE_3	44.62969882068312
WE_BE_17	DE_FE_72	77.83873144315147
WE_BE_17	Dielectric_BE_21	60.581129885547384
WE_BE_17	Diffusion_FE_125	66.63702555730974
WE_BE_17	TF_Met_FE_45	21.363045525724143
WE_BE_17	WE_FE_8	34.90801372118218
WE_BE_17	Dielectric_FE_29	77.7532425658724
WE_BE_17	Litho_FE_98	84.96403041428854
WE_BE_17	DE_BE_65	102.11410593807507
WE_BE_17	DefMet_FE_106	75.25403318000633
WE_BE_17	DE_BE_67	106.78864971301417
WE_BE_17	Planar_BE_75	64.8406376247077
WE_BE_17	Dielectric_BE_28	63.3033673918666
WE_BE_17	Litho_FE_111	88.506770771626
WE_BE_17	WE_FE_47	31.82468038918218
WE_BE_17	Litho_BE_99	77.15670105491091
WE_BE_17	WE_FE_85	36.89122886697244
WE_BE_17	DE_FE_62	88.55017352846555
WE_BE_17	Litho_BE_110	93.69508890065012
WE_BE_17	Dielectric_FE_112	71.08852750316557
WE_BE_17	Planar_FE_78	57.64919452690742
WE_BE_17	Planar_FE_77	63.01524109822665
WE_BE_17	TF_FE_113	58.48679204760805
WE_BE_17	DE_FE_58	99.12221064072503
WE_BE_17	Dielectric_FE_31	61.9954769211
WE_BE_17	DE_BE_50	111.67330489488086
WE_BE_17	Litho_REG_FE_64	74.76129903365872
WE_BE_17	DefMet_FE_10	74.27588577765617
WE_BE_17	Litho_REG_BE_63	83.19159930520763
WE_BE_17	WE_BE_16	34.71854831569978
WE_BE_17	Litho_BE_93	91.01379420074787
WE_BE_17	LithoTrack_FE_96	68.79795433754587
WE_BE_17	DE_FE_53	102.50513057766419
WE_BE_17	DefMet_BE_33	61.58749783870048
WE_BE_17	DE_FE_54	95.7627275445647
WE_BE_17	DE_BE_11	91.97042070718192
WE_BE_17	DE_FE_51	94.0615782351109
WE_BE_17	DE_FE_71	82.46779143752588
WE_BE_17	WE_BE_14	26.696378859724142
WE_BE_17	Planar_FE_76	70.18684322554589
WE_BE_17	TF_BE_26	56.1074512796472
WE_BE_17	COMMIT	110.00467080311105
WE_BE_17	EPI_36	50.13220967235367
WE_BE_17	EPI_38	48.66498868284472
WE_BE_17	Diffusion_FE_122	69.873964481141
WE_BE_17	Implant_119	51.599430661862606
WE_BE_17	DE_BE_69	104.7825150323332
WE_BE_17	TF_FE_5	47.89358770961646
WE_BE_17	WE_FE_83	48.11029039556115
WE_BE_17	LithoMet_FE_19	72.76062128436314
WE_BE_17	Dielectric_BE_60	61.29202366733309
WE_BE_17	Implant_91	54.55891826715182
WE_BE_17	Implant_90	52.93987064743753
WE_BE_7	Diffusion_FE_101	79.61502594099576
WE_BE_7	TF_FE_104	52.23704193483448
WE_BE_7	Implant_88	43.24049074030985
WE_BE_7	DefMet_BE_42	69.23625763895586
WE_BE_7	DE_FE_86	72.92371600666813
WE_BE_7	TF_FE_103	45.40383354519769
WE_BE_7	TF_BE_40	55.178606314099234
WE_BE_7	LithoMet_BE_18	85.83152789540635
WE_BE_7	Dielectric_BE_27	72.41983072535045
WE_BE_7	Dielectric_FE_130	80.07046355805902
WE_BE_7	STOCKER	60.78220426493495
WE_BE_7	DE_BE_12	109.7476276971766
WE_BE_7	Dielectric_FE_30	63.76574924539289
WE_BE_7	Diffusion_FE_127	68.98910889030975
WE_BE_7	DE_FE_56	95.40049365273781
WE_BE_7	TF_Met_FE_61	20.557489969724145
WE_BE_7	DefMet_FE_118	75.25403318600635
WE_BE_7	TF_BE_23	56.84653351107482
WE_BE_7	Diffusion_FE_126	66.02035889530976
WE_BE_7	DE_FE_1	92.82117586157541
WE_BE_7	Litho_FE_92	84.00214970502785
WE_BE_7	DefMet_FE_34	75.25403318600635
WE_BE_7	DE_BE_13	98.60242728750728
WE_BE_7	Diffusion_FE_120	77.69479106648123
WE_BE_7	Planar_FE_80	71.40696008869813
WE_BE_7	WE_FE_108	32.83683828631028
WE_BE_7	Implant_128	41.83074737007622
WE_BE_7	Implant_132	33.12444416832504
WE_BE_7	WE_FE_41	26.470326709855254
WE_BE_7	WE_BE_17	38.330925636203645
WE_BE_7	WE_BE_82	23.22081498947022
WE_BE_7	TF_BE_24	67.59525069114328
WE_BE_7	DE_FE_70	89.76385690535777
WE_BE_7	Diffusion_FE_100	66.5371435871
WE_BE_7	COMPLETE	106.92133746911105
WE_BE_7	LithoTrack_BE_117	75.45683096455483
WE_BE_7	WE_BE_81	12.948380415226561
WE_BE_7	LithoTrack_FE_115	75.46068045803374
WE_BE_7	DefMet_FE_43	62.68070210362253
WE_BE_7	Diffusion_FE_44	82.76435677813652
WE_BE_7	LithoTrack_FE_95	68.81254741809875
WE_BE_7	Litho_FE_35	70.21515249075658
WE_BE_7	DE_BE_48	104.99489277529894
WE_BE_7	Diffusion_BE_123	63.20843988932222
WE_BE_7	Implant_74	36.832777501182186
WE_BE_7	Planar_FE_79	59.06586119358742
WE_BE_7	DE_FE_59	84.2176732434696
WE_BE_7	Diffusion_FE_94	77.22962656609418
WE_BE_7	WE_FE_84	34.79872300787052
WE_BE_7	TF_FE_131	41.362464382897194
WE_BE_7	Dielectric_BE_20	54.73024839803213
WE_BE_7	DE_BE_66	98.18073621142977
WE_BE_7	TF_BE_2	70.6201325029335
WE_BE_7	WE_BE_9	37.954698820300074
WE_BE_7	TF_FE_3	41.54636548668312
WE_BE_7	DE_FE_72	74.75539811726303
WE_BE_7	Dielectric_BE_21	57.49779655154738
WE_BE_7	Diffusion_FE_125	63.55369222330976
WE_BE_7	TF_Met_FE_45	18.279712191724144
WE_BE_7	WE_FE_8	31.824680387182177
WE_BE_7	Dielectric_FE_29	74.6699092318724
WE_BE_7	Litho_FE_98	81.88069708028856
WE_BE_7	DE_BE_65	99.03077260407508
WE_BE_7	DefMet_FE_106	72.17069984600634
WE_BE_7	DE_BE_67	103.70531638133177
WE_BE_7	Planar_BE_75	61.7573042907077
WE_BE_7	Dielectric_BE_28	60.2200340578666
WE_BE_7	Litho_FE_111	85.42343743762598
WE_BE_7	WE_FE_47	28.741347055182178
WE_BE_7	Litho_BE_99	74.0733677209109
WE_BE_7	WE_FE_85	33.807895532972424
WE_BE_7	DE_FE_62	85.46684019446555
WE_BE_7	Litho_BE_110	90.61175556665012
WE_BE_7	Dielectric_FE_112	68.00519416916558
WE_BE_7	Planar_FE_78	54.56586119290742
WE_BE_7	Planar_FE_77	59.93190776422665
WE_BE_7	TF_FE_113	55.403458713608046
WE_BE_7	DE_FE_58	96.0388773013173
WE_BE_7	Dielectric_FE_31	58.912143587100005
WE_BE_7	DE_BE_50	108.58997156628857
WE_BE_7	Litho_REG_FE_64	71.6779656996587
WE_BE_7	DefMet_FE_10	71.1925524436562
WE_BE_7	Litho_REG_BE_63	80.10826597120762
WE_BE_7	WE_BE_16	31.635214981699782
WE_BE_7	Litho_BE_93	87.93046086674784
WE_BE_7	LithoTrack_FE_96	65.71462100354587
WE_BE_7	DE_FE_53	99.42179725447961
WE_BE_7	DefMet_BE_33	58.50416450470048
WE_BE_7	DE_FE_54	92.67939421056468
WE_BE_7	DE_BE_11	88.8870873731819
WE_BE_7	DE_FE_51	90.97824490111087
WE_BE_7	DE_FE_71	79.38445810705265
WE_BE_7	WE_BE_14	23.613045525724143
WE_BE_7	Planar_FE_76	67.10350989154588
WE_BE_7	TF_BE_26	53.02411794564719
WE_BE_7	COMMIT	106.92133746911105
WE_BE_7	EPI_36	47.04887633835366
WE_BE_7	EPI_38	45.58165534884471
WE_BE_7	Diffusion_FE_122	66.79063114714101
WE_BE_7	Implant_119	48.5160973278626
WE_BE_7	DE_BE_69	101.6991817037409
WE_BE_7	TF_FE_5	44.81025437561646
WE_BE_7	WE_FE_83	45.02695706156115
WE_BE_7	LithoMet_FE_19	69.67728795036311
WE_BE_7	Dielectric_BE_60	58.208690333333095
WE_BE_7	Implant_91	51.47558493315182
WE_BE_7	Implant_90	49.85653731343753
WE_BE_82	Diffusion_FE_101	63.36324862761187
WE_BE_82	TF_FE_104	36.59214477286676
WE_BE_82	Implant_88	57.80476935071003
WE_BE_82	DefMet_BE_42	52.98448032622243
WE_BE_82	DE_FE_86	56.671938694827496
WE_BE_82	TF_FE_103	29.152056232464258
WE_BE_82	TF_BE_40	38.92682900136581
WE_BE_82	LithoMet_BE_18	69.57975058267294
WE_BE_82	Dielectric_BE_27	56.16805341261702
WE_BE_82	Dielectric_FE_130	63.8186862290632
WE_BE_82	STOCKER	46.818787283004184
WE_BE_82	DE_BE_12	93.49585038714704
WE_BE_82	Dielectric_FE_30	47.513971932659466
WE_BE_82	Diffusion_FE_127	52.737331577169776
WE_BE_82	DE_FE_56	79.14871632378124
WE_BE_82	TF_Met_FE_61	41.24303649495353
WE_BE_82	DefMet_FE_118	59.002255873272915
WE_BE_82	TF_BE_23	40.59475619834139
WE_BE_82	Diffusion_FE_126	49.76858157932385
WE_BE_82	DE_FE_1	76.56939854374329
WE_BE_82	Litho_FE_92	67.75037239229442
WE_BE_82	DefMet_FE_34	59.002255873272915
WE_BE_82	DE_BE_13	82.35064997548363
WE_BE_82	Diffusion_FE_120	61.4430137537478
WE_BE_82	Planar_FE_80	55.155182775964704
WE_BE_82	WE_FE_108	41.567200758460864
WE_BE_82	Implant_128	55.58041048148517
WE_BE_82	Implant_132	52.792660517779076
WE_BE_82	WE_FE_41	43.36450613115744
WE_BE_82	WE_BE_17	22.31294383361098
WE_BE_82	WE_BE_7	24.81294383361098
WE_BE_82	TF_BE_24	51.34347337840984
WE_BE_82	DE_FE_70	73.51207959262433
WE_BE_82	Diffusion_FE_100	50.285366267861626
WE_BE_82	COMPLETE	107.36529577493161
WE_BE_82	LithoTrack_BE_117	59.20505365182141
WE_BE_82	WE_BE_81	32.12924134572215
WE_BE_82	LithoTrack_FE_115	59.20890314530031
WE_BE_82	DefMet_FE_43	46.42892479088909
WE_BE_82	Diffusion_FE_44	66.51257945332246
WE_BE_82	LithoTrack_FE_95	52.56077010536533
WE_BE_82	Litho_FE_35	53.96337517802315
WE_BE_82	DE_BE_48	88.74311546696894
WE_BE_82	Diffusion_BE_123	46.95666257514327
WE_BE_82	Implant_74	62.82229991333505
WE_BE_82	Planar_FE_79	42.81408388085399
WE_BE_82	DE_FE_59	67.9658959339808
WE_BE_82	Diffusion_FE_94	64.323746711649
WE_BE_82	WE_FE_84	52.54750204408427
WE_BE_82	TF_FE_131	26.255986770323986
WE_BE_82	Dielectric_BE_20	38.47847108529868
WE_BE_82	DE_BE_66	81.92895890333152
WE_BE_82	TF_BE_2	54.36835519020008
WE_BE_82	WE_BE_9	18.55283503881075
WE_BE_82	TF_FE_3	26.898007754174
WE_BE_82	DE_FE_72	58.50362080916479
WE_BE_82	Dielectric_BE_21	41.24601923881396
WE_BE_82	Diffusion_FE_125	47.301914907323855
WE_BE_82	TF_Met_FE_45	38.92181451400146
WE_BE_82	WE_FE_8	48.96437431155671
WE_BE_82	Dielectric_FE_29	58.41813191100778
WE_BE_82	Litho_FE_98	65.62891976755513
WE_BE_82	DE_BE_65	82.77899529346314
WE_BE_82	DefMet_FE_106	55.91892253327292
WE_BE_82	DE_BE_67	87.4535390711477
WE_BE_82	Planar_BE_75	45.50552697797428
WE_BE_82	Dielectric_BE_28	43.96825674513318
WE_BE_82	Litho_FE_111	69.17166012489255
WE_BE_82	WE_FE_47	45.88104097955671
WE_BE_82	Litho_BE_99	57.821590408177464
WE_BE_82	WE_FE_85	64.39868267530423
WE_BE_82	DE_FE_62	69.21506288327721
WE_BE_82	Litho_BE_110	74.35997825391667
WE_BE_82	Dielectric_FE_112	51.75341685347534
WE_BE_82	Planar_FE_78	38.31408388017401
WE_BE_82	Planar_FE_77	43.68013045149322
WE_BE_82	TF_FE_113	40.97232185317179
WE_BE_82	DE_FE_58	79.78709998317616
WE_BE_82	Dielectric_FE_31	42.66036627436658
WE_BE_82	DE_BE_50	92.33819425193286
WE_BE_82	Litho_REG_FE_64	55.426188386925276
WE_BE_82	DefMet_FE_10	54.940775130922745
WE_BE_82	Litho_REG_BE_63	63.856488658474184
WE_BE_82	WE_BE_16	23.540024271741146
WE_BE_82	Litho_BE_93	71.67868355401441
WE_BE_82	LithoTrack_FE_96	49.46284369081246
WE_BE_82	DE_FE_53	83.17001994174619
WE_BE_82	DefMet_BE_33	42.252387191967046
WE_BE_82	DE_FE_54	76.4276168897197
WE_BE_82	DE_BE_11	72.63531006044845
WE_BE_82	DE_FE_51	74.72646758604134
WE_BE_82	DE_FE_71	63.13268079431919
WE_BE_82	WE_BE_14	38.13050335467187
WE_BE_82	Planar_FE_76	50.85173257881245
WE_BE_82	TF_BE_26	36.772340632913775
WE_BE_82	COMMIT	107.36529577493161
WE_BE_82	EPI_36	55.08320651658174
WE_BE_82	EPI_38	53.83320651658174
WE_BE_82	Diffusion_FE_122	50.5388538344076
WE_BE_82	Implant_119	56.33320651658174
WE_BE_82	DE_BE_69	85.44740438776289
WE_BE_82	TF_FE_5	30.161896643107337
WE_BE_82	WE_FE_83	56.98409876756601
WE_BE_82	LithoMet_FE_19	53.425510637629685
WE_BE_82	Dielectric_BE_60	41.95691302059966
WE_BE_82	Implant_91	56.44786544435715
WE_BE_82	Implant_90	52.99557212208505
TF_BE_24	Diffusion_FE_101	78.3646973449253
TF_BE_24	TF_FE_104	40.78802868096411
TF_BE_24	Implant_88	65.23571831581378
TF_BE_24	DefMet_BE_42	67.98592910906177
TF_BE_24	DE_FE_86	53.184601263207846
TF_BE_24	TF_FE_103	49.252411701861845
TF_BE_24	TF_BE_40	32.702068343286
TF_BE_24	LithoMet_BE_18	60.38201376043403
TF_BE_24	Dielectric_BE_27	71.16950214256092
TF_BE_24	Dielectric_FE_130	78.82013496198854
TF_BE_24	STOCKER	47.82846049695482
TF_BE_24	DE_BE_12	84.29811357301966
TF_BE_24	Dielectric_FE_30	62.51542065745358
TF_BE_24	Diffusion_FE_127	67.73878029423926
TF_BE_24	DE_FE_56	69.95097951776548
TF_BE_24	TF_Met_FE_61	39.651495201842515
TF_BE_24	DefMet_FE_118	74.00370460619823
TF_BE_24	TF_BE_23	29.909301642556212
TF_BE_24	Diffusion_FE_126	64.7700302992393
TF_BE_24	DE_FE_1	67.37166173297645
TF_BE_24	Litho_FE_92	58.55263557005552
TF_BE_24	DefMet_FE_34	74.00370460619823
TF_BE_24	DE_BE_13	73.15291315963256
TF_BE_24	Diffusion_FE_120	76.44446247041076
TF_BE_24	Planar_FE_80	45.95744595372578
TF_BE_24	WE_FE_108	56.11142821810837
TF_BE_24	Implant_128	64.23040375354361
TF_BE_24	Implant_132	57.32468561633285
TF_BE_24	WE_FE_41	50.01067608873871
TF_BE_24	WE_BE_17	59.80162984588076
TF_BE_24	WE_BE_7	49.77247723448094
TF_BE_24	WE_BE_82	47.76838638596588
TF_BE_24	DE_FE_70	64.31434277038541
TF_BE_24	Diffusion_FE_100	65.28681499102953
TF_BE_24	COMPLETE	105.96675509106664
TF_BE_24	LithoTrack_BE_117	50.00731682958251
TF_BE_24	WE_BE_81	44.21766967971549
TF_BE_24	LithoTrack_FE_115	50.01116632306141
TF_BE_24	DefMet_FE_43	61.43037357372844
TF_BE_24	Diffusion_FE_44	81.51402818206604
TF_BE_24	LithoTrack_FE_95	43.36303328312639
TF_BE_24	Litho_FE_35	44.76563835578423
TF_BE_24	DE_BE_48	79.54537864959694
TF_BE_24	Diffusion_BE_123	61.95811129325174
TF_BE_24	Implant_74	62.68274912200087
TF_BE_24	Planar_FE_79	33.61634705861508
TF_BE_24	DE_FE_59	58.768159109308385
TF_BE_24	Diffusion_FE_94	78.00632863482731
TF_BE_24	WE_FE_84	58.466967292690015
TF_BE_24	TF_FE_131	50.986945658528875
TF_BE_24	Dielectric_BE_20	53.47991982654302
TF_BE_24	DE_BE_66	72.73122208341019
TF_BE_24	TF_BE_2	43.56719882018313
TF_BE_24	WE_BE_9	61.30713601564575
TF_BE_24	TF_FE_3	55.403790576176206
TF_BE_24	DE_FE_72	49.30588398692584
TF_BE_24	Dielectric_BE_21	56.24746797173927
TF_BE_24	Diffusion_FE_125	62.3033636272393
TF_BE_24	TF_Met_FE_45	37.37371742384252
TF_BE_24	WE_FE_8	55.365029766065646
TF_BE_24	Dielectric_FE_29	73.4195806439331
TF_BE_24	Litho_FE_98	56.43118294531621
TF_BE_24	DE_BE_65	73.58125847503042
TF_BE_24	DefMet_FE_106	70.92037126619823
TF_BE_24	DE_BE_67	78.25580225331221
TF_BE_24	Planar_BE_75	36.18473988347563
TF_BE_24	Dielectric_BE_28	58.96970547805848
TF_BE_24	Litho_FE_111	59.97392330265364
TF_BE_24	WE_FE_47	52.28169643406564
TF_BE_24	Litho_BE_99	48.623853585938555
TF_BE_24	WE_FE_85	60.93599624415229
TF_BE_24	DE_FE_62	60.01732605949321
TF_BE_24	Litho_BE_110	65.16224143167774
TF_BE_24	Dielectric_FE_112	66.75486558196549
TF_BE_24	Planar_FE_78	29.11634705793508
TF_BE_24	Planar_FE_77	34.482393629254304
TF_BE_24	TF_FE_113	39.93216887406565
TF_BE_24	DE_FE_58	70.58936317175265
TF_BE_24	Dielectric_FE_31	57.661814991029516
TF_BE_24	DE_BE_50	83.14045743942779
TF_BE_24	Litho_REG_FE_64	46.22845156468638
TF_BE_24	DefMet_FE_10	69.94222388048608
TF_BE_24	Litho_REG_BE_63	54.658751836235275
TF_BE_24	WE_BE_16	53.14821771045912
TF_BE_24	Litho_BE_93	62.480946731775504
TF_BE_24	LithoTrack_FE_96	40.265106868573525
TF_BE_24	DE_FE_53	73.97228311950727
TF_BE_24	DefMet_BE_33	57.25383597480637
TF_BE_24	DE_FE_54	67.22988007559232
TF_BE_24	DE_BE_11	63.43757323820953
TF_BE_24	DE_FE_51	65.52873076419175
TF_BE_24	DE_FE_71	53.935000756965216
TF_BE_24	WE_BE_14	44.10146450889689
TF_BE_24	Planar_FE_76	41.65399575657353
TF_BE_24	TF_BE_26	17.568624323365707
TF_BE_24	COMMIT	105.96675509106664
TF_BE_24	EPI_36	67.50662522722013
TF_BE_24	EPI_38	66.09370948508844
TF_BE_24	Diffusion_FE_122	65.54030255107055
TF_BE_24	Implant_119	68.91954096935183
TF_BE_24	DE_BE_69	76.24966757958401
TF_BE_24	TF_FE_5	48.13648432252392
TF_BE_24	WE_FE_83	66.97904515153908
TF_BE_24	LithoMet_FE_19	44.2277738153908
TF_BE_24	Dielectric_BE_60	56.958361753524976
TF_BE_24	Implant_91	70.3198934419841
TF_BE_24	Implant_90	67.99702084362673
DE_FE_70	Diffusion_FE_101	77.73597550114084
DE_FE_70	TF_FE_104	67.9744369047526
DE_FE_70	Implant_88	73.98434557296991
DE_FE_70	DefMet_BE_42	67.35720726527731
DE_FE_70	DE_FE_86	50.44786179187452
DE_FE_70	TF_FE_103	60.267111790247505
DE_FE_70	TF_BE_40	71.95929182557221
DE_FE_70	LithoMet_BE_18	74.43775183503598
DE_FE_70	Dielectric_BE_27	70.54078030175789
DE_FE_70	Dielectric_FE_130	78.19141311820407
DE_FE_70	STOCKER	52.54090869063338
DE_FE_70	DE_BE_12	49.173151581736654
DE_FE_70	Dielectric_FE_30	61.88669881366915
DE_FE_70	Diffusion_FE_127	67.1100584504548
DE_FE_70	DE_FE_56	31.766876235334323
DE_FE_70	TF_Met_FE_61	80.85956894024112
DE_FE_70	DefMet_FE_118	73.37498276241378
DE_FE_70	TF_BE_23	59.13051178208428
DE_FE_70	Diffusion_FE_126	64.1413084554548
DE_FE_70	DE_FE_1	45.689329029429175
DE_FE_70	Litho_FE_92	72.6083736443256
DE_FE_70	DefMet_FE_34	73.37498276241378
DE_FE_70	DE_BE_13	57.91065577030382
DE_FE_70	Diffusion_FE_120	75.81574062662627
DE_FE_70	Planar_FE_80	62.872958340300116
DE_FE_70	WE_FE_108	79.39210782244807
DE_FE_70	Implant_128	82.60003707572136
DE_FE_70	Implant_132	91.39355686115573
DE_FE_70	WE_FE_41	86.76989985468227
DE_FE_70	WE_BE_17	66.4627742955888
DE_FE_70	WE_BE_7	68.96277429558882
DE_FE_70	WE_BE_82	83.12197525521667
DE_FE_70	TF_BE_24	70.35913177870073
DE_FE_70	Diffusion_FE_100	64.65809314724505
DE_FE_70	COMPLETE	106.89542623179757
DE_FE_70	LithoTrack_BE_117	64.06305490046736
DE_FE_70	WE_BE_81	77.69684717428802
DE_FE_70	LithoTrack_FE_115	64.06690439559269
DE_FE_70	DefMet_FE_43	60.801651729943984
DE_FE_70	Diffusion_FE_44	80.88530633828157
DE_FE_70	LithoTrack_FE_95	58.338332084407696
DE_FE_70	Litho_FE_35	58.821376430386195
DE_FE_70	DE_BE_48	53.72853134289096
DE_FE_70	Diffusion_BE_123	61.32938944946726
DE_FE_70	Implant_74	80.80872548009756
DE_FE_70	Planar_FE_79	49.73014962226885
DE_FE_70	DE_FE_59	41.73105873100095
DE_FE_70	Diffusion_FE_94	79.36110595734935
DE_FE_70	WE_FE_84	92.77159304957581
DE_FE_70	TF_FE_131	69.47063519870837
DE_FE_70	Dielectric_BE_20	52.85119798275855
DE_FE_70	DE_BE_66	46.848841022924056
DE_FE_70	TF_BE_2	68.50316241598529
DE_FE_70	WE_BE_9	72.5708182972698
DE_FE_70	TF_FE_3	73.81241500961436
DE_FE_70	DE_FE_72	36.199440720080496
DE_FE_70	Dielectric_BE_21	55.618746127954815
DE_FE_70	Diffusion_FE_125	61.67464178345478
DE_FE_70	TF_Met_FE_45	78.58179116475183
DE_FE_70	WE_FE_8	92.14281136752365
DE_FE_70	Dielectric_FE_29	72.79085880014864
DE_FE_70	Litho_FE_98	70.48692101585259
DE_FE_70	DE_BE_65	51.98540961609445
DE_FE_70	DefMet_FE_106	70.29164942241377
DE_FE_70	DE_BE_67	41.982326544160564
DE_FE_70	Planar_BE_75	64.62144611538044
DE_FE_70	Dielectric_BE_28	58.34098363427404
DE_FE_70	Litho_FE_111	74.02966137725561
DE_FE_70	WE_FE_47	90.36405606806743
DE_FE_70	Litho_BE_99	62.6795916605405
DE_FE_70	WE_FE_85	88.07626273213575
DE_FE_70	DE_FE_62	30.38981610617566
DE_FE_70	Litho_BE_110	79.2179795062797
DE_FE_70	Dielectric_FE_112	66.1261437426162
DE_FE_70	Planar_FE_78	45.23014962158885
DE_FE_70	Planar_FE_77	50.59619619290807
DE_FE_70	TF_FE_113	78.13717384595749
DE_FE_70	DE_FE_58	33.62798734866765
DE_FE_70	Dielectric_FE_31	57.033093147245054
DE_FE_70	DE_BE_50	49.55286025423257
DE_FE_70	Litho_REG_FE_64	60.28418963580353
DE_FE_70	DefMet_FE_10	69.31350203670164
DE_FE_70	Litho_REG_BE_63	68.71448991083723
DE_FE_70	WE_BE_16	67.45605922241943
DE_FE_70	Litho_BE_93	76.53668480637747
DE_FE_70	LithoTrack_FE_96	56.37890943222731
DE_FE_70	DE_FE_53	45.4839219742673
DE_FE_70	DefMet_BE_33	56.62511413102194
DE_FE_70	DE_FE_54	28.46132067533432
DE_FE_70	DE_BE_11	63.3367879953718
DE_FE_70	DE_FE_51	42.90237887537117
DE_FE_70	DE_FE_71	40.49848343909001
DE_FE_70	WE_BE_14	79.56035500570852
DE_FE_70	Planar_FE_76	57.76779832022729
DE_FE_70	TF_BE_26	66.27414324188831
DE_FE_70	COMMIT	106.89542623179757
DE_FE_70	EPI_36	74.6358362598514
DE_FE_70	EPI_38	73.3858362610102
DE_FE_70	Diffusion_FE_122	64.91158070728606
DE_FE_70	Implant_119	75.88583625869259
DE_FE_70	DE_BE_69	40.51108450805988
DE_FE_70	TF_FE_5	88.17558040216942
DE_FE_70	WE_FE_83	78.59127378209695
DE_FE_70	LithoMet_FE_19	58.28351188457196
DE_FE_70	Dielectric_BE_60	56.32963990974052
DE_FE_70	Implant_91	71.17782280984223
DE_FE_70	Implant_90	67.36829899984222
Diffusion_FE_100	Diffusion_FE_101	15.67610428821916
Diffusion_FE_100	TF_FE_104	76.25848420679102
Diffusion_FE_100	Implant_88	49.779557628879374
Diffusion_FE_100	DefMet_BE_42	20.40801358516235
Diffusion_FE_100	DE_FE_86	42.743853170340536
Diffusion_FE_100	TF_FE_103	68.8183847541089
Diffusion_FE_100	TF_BE_40	78.59315752301048
Diffusion_FE_100	LithoMet_BE_18	109.24607910431762
Diffusion_FE_100	Dielectric_BE_27	23.596217068833127
Diffusion_FE_100	Dielectric_FE_130	18.123761121308412
Diffusion_FE_100	STOCKER	64.78052927793873
Diffusion_FE_100	DE_BE_12	69.37383457777827
Diffusion_FE_100	Dielectric_FE_30	28.74595257380685
Diffusion_FE_100	Diffusion_FE_127	41.51907178072753
Diffusion_FE_100	DE_FE_56	52.1875061613855
Diffusion_FE_100	TF_Met_FE_61	82.1921661544553
Diffusion_FE_100	DefMet_FE_118	25.991346925162354
Diffusion_FE_100	TF_BE_23	80.26108471998603
Diffusion_FE_100	Diffusion_FE_126	38.550321785727526
Diffusion_FE_100	DE_FE_1	67.27305859276296
Diffusion_FE_100	Litho_FE_92	107.41670091393914
Diffusion_FE_100	DefMet_FE_34	25.991346925162354
Diffusion_FE_100	DE_BE_13	79.53760915770704
Diffusion_FE_100	Diffusion_FE_120	21.492001953047108
Diffusion_FE_100	Planar_FE_80	94.82151129760936
Diffusion_FE_100	WE_FE_108	63.40028921502375
Diffusion_FE_100	Implant_128	58.395249125204764
Diffusion_FE_100	Implant_132	67.18876891127125
Diffusion_FE_100	WE_FE_41	71.51312367371706
Diffusion_FE_100	WE_BE_17	62.91451986949632
Diffusion_FE_100	WE_BE_7	65.41451986949632
Diffusion_FE_100	WE_BE_82	72.31400424625735
Diffusion_FE_100	TF_BE_24	91.00980190005447
Diffusion_FE_100	DE_FE_70	53.457994871268866
Diffusion_FE_100	COMPLETE	105.0033472227779
Diffusion_FE_100	LithoTrack_BE_117	98.87138217346609
Diffusion_FE_100	WE_BE_81	73.61416302732874
Diffusion_FE_100	LithoTrack_FE_115	98.87523166694497
Diffusion_FE_100	DefMet_FE_43	29.18579136982902
Diffusion_FE_100	Diffusion_FE_44	55.294319668554294
Diffusion_FE_100	LithoTrack_FE_95	92.22709862527994
Diffusion_FE_100	Litho_FE_35	93.62970369966789
Diffusion_FE_100	DE_BE_48	73.97107788990957
Diffusion_FE_100	Diffusion_BE_123	32.30280424621847
Diffusion_FE_100	Implant_74	56.60393753600704
Diffusion_FE_100	Planar_FE_79	82.48041238948875
Diffusion_FE_100	DE_FE_59	64.3984983235722
Diffusion_FE_100	Diffusion_FE_94	53.869133482310424
Diffusion_FE_100	WE_FE_84	65.80157212337264
Diffusion_FE_100	TF_FE_131	65.92238077261587
Diffusion_FE_100	Dielectric_BE_20	38.464577349924575
Diffusion_FE_100	DE_BE_66	66.89717213554857
Diffusion_FE_100	TF_BE_2	94.03468371184474
Diffusion_FE_100	WE_BE_9	56.92303623437924
Diffusion_FE_100	TF_FE_3	66.5644017535619
Diffusion_FE_100	DE_FE_72	56.05943877068075
Diffusion_FE_100	Dielectric_BE_21	38.93883448407979
Diffusion_FE_100	Diffusion_FE_125	36.08365511372752
Diffusion_FE_100	TF_Met_FE_45	79.69716736169502
Diffusion_FE_100	WE_FE_8	67.93802341532151
Diffusion_FE_100	Dielectric_FE_29	20.607094457308413
Diffusion_FE_100	Litho_FE_98	105.29524828919983
Diffusion_FE_100	DE_BE_65	73.68010468492132
Diffusion_FE_100	DefMet_FE_106	22.908013585162355
Diffusion_FE_100	DE_BE_67	62.50864306364641
Diffusion_FE_100	Planar_BE_75	85.1718554996189
Diffusion_FE_100	Dielectric_BE_28	30.590326358159466
Diffusion_FE_100	Litho_FE_111	108.83798864653727
Diffusion_FE_100	WE_FE_47	69.5820704702921
Diffusion_FE_100	Litho_BE_99	97.48791892982219
Diffusion_FE_100	WE_FE_85	63.871474784568775
Diffusion_FE_100	DE_FE_62	55.385692046889325
Diffusion_FE_100	Litho_BE_110	114.0263067755614
Diffusion_FE_100	Dielectric_FE_112	24.774747530831746
Diffusion_FE_100	Planar_FE_78	77.98041238555629
Diffusion_FE_100	Planar_FE_77	83.3464589650067
Diffusion_FE_100	TF_FE_113	80.63868311165524
Diffusion_FE_100	DE_FE_58	54.04861727471884
Diffusion_FE_100	Dielectric_FE_31	34.169839593082585
Diffusion_FE_100	DE_BE_50	70.20465400494213
Diffusion_FE_100	Litho_REG_FE_64	95.09251690856999
Diffusion_FE_100	DefMet_FE_10	22.07468025182901
Diffusion_FE_100	Litho_REG_BE_63	103.52281718011889
Diffusion_FE_100	WE_BE_16	63.907804797485724
Diffusion_FE_100	Litho_BE_93	111.34501207565913
Diffusion_FE_100	LithoTrack_FE_96	89.12917221245709
Diffusion_FE_100	DE_FE_53	66.39774668169925
Diffusion_FE_100	DefMet_BE_33	36.14010671941773
Diffusion_FE_100	DE_FE_54	48.88195060138551
Diffusion_FE_100	DE_BE_11	86.6313906958353
Diffusion_FE_100	DE_FE_51	63.402566579120275
Diffusion_FE_100	DE_FE_71	50.97759988241993
Diffusion_FE_100	WE_BE_14	78.94061156472708
Diffusion_FE_100	Planar_FE_76	90.51806108961553
Diffusion_FE_100	TF_BE_26	76.43866915455838
Diffusion_FE_100	COMMIT	105.0033472227779
Diffusion_FE_100	EPI_36	50.43104830069649
Diffusion_FE_100	EPI_38	49.18104830069649
Diffusion_FE_100	Diffusion_FE_122	29.589261229205686
Diffusion_FE_100	Implant_119	51.68104830069649
Diffusion_FE_100	DE_BE_69	60.93171443411105
Diffusion_FE_100	TF_FE_5	69.82829064385045
Diffusion_FE_100	WE_FE_83	54.38648582834978
Diffusion_FE_100	LithoMet_FE_19	93.09183915656399
Diffusion_FE_100	Dielectric_BE_60	38.71117052439282
Diffusion_FE_100	Implant_91	46.97303486575171
Diffusion_FE_100	Implant_90	43.163511055751705
COMPLETE	Diffusion_FE_101	106.16485743633059
COMPLETE	TF_FE_104	103.83851090446633
COMPLETE	Implant_88	103.3287094764017
COMPLETE	DefMet_BE_42	103.66785815939363
COMPLETE	DE_FE_86	106.38110521367149
COMPLETE	TF_FE_103	105.74994534769132
COMPLETE	TF_BE_40	104.43069318690047
COMPLETE	LithoMet_BE_18	105.43202885988512
COMPLETE	Dielectric_BE_27	106.85374641946929
COMPLETE	Dielectric_FE_130	108.23507924196193
COMPLETE	STOCKER	102.80668212486557
COMPLETE	DE_BE_12	106.55758400526273
COMPLETE	Dielectric_FE_30	104.91785821966586
COMPLETE	Diffusion_FE_127	104.33307552907522
COMPLETE	DE_FE_56	108.44063469482928
COMPLETE	TF_Met_FE_61	105.81119514389515
COMPLETE	DefMet_FE_118	109.46841257796189
COMPLETE	TF_BE_23	104.63113049255325
COMPLETE	Diffusion_FE_126	109.46841250893416
COMPLETE	DE_FE_1	105.18698504051439
COMPLETE	Litho_FE_92	105.15939001451174
COMPLETE	DefMet_FE_34	109.46841257796189
COMPLETE	DE_BE_13	105.95638281717763
COMPLETE	Diffusion_FE_120	106.77646867817968
COMPLETE	Planar_FE_80	103.42480680056136
COMPLETE	WE_FE_108	104.88635703870888
COMPLETE	Implant_128	104.99182822875159
COMPLETE	Implant_132	105.45111979930428
COMPLETE	WE_FE_41	105.32212146959802
COMPLETE	WE_BE_17	107.86675066714548
COMPLETE	WE_BE_7	102.48286301909009
COMPLETE	WE_BE_82	105.01141802517175
COMPLETE	TF_BE_24	105.55425070075037
COMPLETE	DE_FE_70	106.18952439520565
COMPLETE	Diffusion_FE_100	105.12619150742522
COMPLETE	LithoTrack_BE_117	103.64952965538791
COMPLETE	WE_BE_81	103.80526998182722
COMPLETE	LithoTrack_FE_115	105.00600238844048
COMPLETE	DefMet_FE_43	104.77896928406032
COMPLETE	Diffusion_FE_44	103.71850357195252
COMPLETE	LithoTrack_FE_95	104.88171580212142
COMPLETE	Litho_FE_35	102.06619631993257
COMPLETE	DE_BE_48	106.90273839547555
COMPLETE	Diffusion_BE_123	107.92940048895375
COMPLETE	Implant_74	103.53704280836891
COMPLETE	Planar_FE_79	106.12986227460333
COMPLETE	DE_FE_59	106.53480201488283
COMPLETE	Diffusion_FE_94	105.50014149546412
COMPLETE	WE_FE_84	104.98499201365287
COMPLETE	TF_FE_131	103.94500537655308
COMPLETE	Dielectric_BE_20	105.44313540051537
COMPLETE	DE_BE_66	105.99507991964595
COMPLETE	TF_BE_2	105.55425066664549
COMPLETE	WE_BE_9	104.85663978500561
COMPLETE	TF_FE_3	106.52077878958261
COMPLETE	DE_FE_72	106.10384967750194
COMPLETE	Dielectric_BE_21	107.06403804019111
COMPLETE	Diffusion_FE_125	107.00174583693415
COMPLETE	TF_Met_FE_45	103.42480685987022
COMPLETE	WE_FE_8	104.56619635109008
COMPLETE	Dielectric_FE_29	106.77646875093419
COMPLETE	Litho_FE_98	103.52452964996908
COMPLETE	DE_BE_65	106.97460960884172
COMPLETE	DefMet_FE_106	106.38507923796188
COMPLETE	DE_BE_67	106.35384967575386
COMPLETE	Planar_BE_75	104.80944134287934
COMPLETE	Dielectric_BE_28	104.39702492440648
COMPLETE	Litho_FE_111	104.96417556114656
COMPLETE	WE_FE_47	104.63641808788861
COMPLETE	Litho_BE_99	102.97193665348527
COMPLETE	WE_FE_85	103.52452960454325
COMPLETE	DE_FE_62	105.86568846528681
COMPLETE	Litho_BE_110	104.31231050026878
COMPLETE	Dielectric_FE_112	105.48467609811293
COMPLETE	Planar_FE_78	104.78341733314548
COMPLETE	Planar_FE_77	103.3161963510901
COMPLETE	TF_FE_113	105.17480682634852
COMPLETE	DE_FE_58	107.67378328013285
COMPLETE	Dielectric_FE_31	105.29819081534724
COMPLETE	DE_BE_50	106.28341316617404
COMPLETE	Litho_REG_FE_64	105.30545475476966
COMPLETE	DefMet_FE_10	105.47933887843915
COMPLETE	Litho_REG_BE_63	103.21291841749822
COMPLETE	WE_BE_16	103.76223754879527
COMPLETE	Litho_BE_93	103.5245296576092
COMPLETE	LithoTrack_FE_96	102.48286301909009
COMPLETE	DE_FE_53	106.57359855259828
COMPLETE	DefMet_BE_33	106.16785815939363
COMPLETE	DE_FE_54	105.02646867075187
COMPLETE	DE_BE_11	106.18731580003559
COMPLETE	DE_FE_51	106.55081314561592
COMPLETE	DE_FE_71	106.65657732859532
COMPLETE	WE_BE_14	105.71319562432068
COMPLETE	Planar_FE_76	103.87175190709011
COMPLETE	TF_BE_26	104.95982531463936
COMPLETE	COMMIT	87.68099222016579
COMPLETE	EPI_36	103.4248067693633
COMPLETE	EPI_38	102.06619627460883
COMPLETE	Diffusion_FE_122	104.22889516940317
COMPLETE	Implant_119	104.78341726411776
COMPLETE	DE_BE_69	105.87915411904578
COMPLETE	TF_FE_5	103.87175194351265
COMPLETE	WE_FE_83	104.3915658907281
COMPLETE	LithoMet_FE_19	104.95076353887968
COMPLETE	Dielectric_BE_60	107.70650784635245
COMPLETE	Implant_91	106.04299519154922
COMPLETE	Implant_90	103.32870947640168
LithoTrack_BE_117	Diffusion_FE_101	106.93695274305064
LithoTrack_BE_117	TF_FE_104	48.88966584961632
LithoTrack_BE_117	Implant_88	73.88495966880393
LithoTrack_BE_117	DefMet_BE_42	96.55818450393463
LithoTrack_BE_117	DE_FE_86	79.64883903854292
LithoTrack_BE_117	TF_FE_103	60.152623282567234
LithoTrack_BE_117	TF_BE_40	47.73934618792149
LithoTrack_BE_117	LithoMet_BE_18	24.248504860592465
LithoTrack_BE_117	Dielectric_BE_27	99.74175754345084
LithoTrack_BE_117	Dielectric_FE_130	107.3923903679198
LithoTrack_BE_117	STOCKER	57.68110490484598
LithoTrack_BE_117	DE_BE_12	74.26456066908362
LithoTrack_BE_117	Dielectric_FE_30	91.08767606045764
LithoTrack_BE_117	Diffusion_FE_127	96.31103568911213
LithoTrack_BE_117	DE_FE_56	74.32428424208095
LithoTrack_BE_117	TF_Met_FE_61	46.90140694491819
LithoTrack_BE_117	DefMet_FE_118	102.5759600010711
LithoTrack_BE_117	TF_BE_23	46.472293603185356
LithoTrack_BE_117	Diffusion_FE_126	93.34228569411214
LithoTrack_BE_117	DE_FE_1	58.326953407351425
LithoTrack_BE_117	Litho_FE_92	47.847418643864295
LithoTrack_BE_117	DefMet_FE_34	102.5759600010711
LithoTrack_BE_117	DE_BE_13	63.11936028164122
LithoTrack_BE_117	Diffusion_FE_120	105.01671787504101
LithoTrack_BE_117	Planar_FE_80	29.49921963870843
LithoTrack_BE_117	WE_FE_108	63.84367269355315
LithoTrack_BE_117	Implant_128	72.62100849203533
LithoTrack_BE_117	Implant_132	63.91470529028416
LithoTrack_BE_117	WE_FE_41	57.260587831814384
LithoTrack_BE_117	WE_BE_17	70.29016427366739
LithoTrack_BE_117	WE_BE_7	57.0223889775566
LithoTrack_BE_117	WE_BE_82	55.18005362693397
LithoTrack_BE_117	TF_BE_24	37.569816836641316
LithoTrack_BE_117	DE_FE_70	68.5515665226712
LithoTrack_BE_117	Diffusion_FE_100	93.85907038590241
LithoTrack_BE_117	COMPLETE	104.57493452131853
LithoTrack_BE_117	WE_BE_81	51.46758142279115
LithoTrack_BE_117	LithoTrack_FE_115	24.594082803686337
LithoTrack_BE_117	DefMet_FE_43	90.00262897944292
LithoTrack_BE_117	Diffusion_FE_44	110.08628358390847
LithoTrack_BE_117	LithoTrack_FE_95	34.89004766703241
LithoTrack_BE_117	Litho_FE_35	34.732085465100795
LithoTrack_BE_117	DE_BE_48	69.51182581045737
LithoTrack_BE_117	Diffusion_BE_123	90.53036668848601
LithoTrack_BE_117	Implant_74	67.6230386231413
LithoTrack_BE_117	Planar_FE_79	47.25042948190308
LithoTrack_BE_117	DE_FE_59	58.301642392443135
LithoTrack_BE_117	Diffusion_FE_94	104.79929153780589
LithoTrack_BE_117	WE_FE_84	65.58898412982967
LithoTrack_BE_117	TF_FE_131	59.4388128044638
LithoTrack_BE_117	Dielectric_BE_20	82.05217523496782
LithoTrack_BE_117	DE_BE_66	63.788472133920564
LithoTrack_BE_117	TF_BE_2	34.54493495664131
LithoTrack_BE_117	WE_BE_9	70.26149116427298
LithoTrack_BE_117	TF_FE_3	63.94833864057441
LithoTrack_BE_117	DE_FE_72	65.77874235258102
LithoTrack_BE_117	Dielectric_BE_21	84.81972336864492
LithoTrack_BE_117	Diffusion_FE_125	90.87561902471411
LithoTrack_BE_117	TF_Met_FE_45	44.623629166918185
LithoTrack_BE_117	WE_FE_8	62.614941509141296
LithoTrack_BE_117	Dielectric_FE_29	101.99183604693715
LithoTrack_BE_117	Litho_FE_98	45.375559577259104
LithoTrack_BE_117	DE_BE_65	63.54770556648971
LithoTrack_BE_117	DefMet_FE_106	99.49262667733346
LithoTrack_BE_117	DE_BE_67	66.36946361742929
LithoTrack_BE_117	Planar_BE_75	41.918144521334824
LithoTrack_BE_117	Dielectric_BE_28	87.54196088106255
LithoTrack_BE_117	Litho_FE_111	49.9403704119702
LithoTrack_BE_117	WE_FE_47	59.531608177141294
LithoTrack_BE_117	Litho_BE_99	38.59030069525511
LithoTrack_BE_117	WE_FE_85	64.59815665493156
LithoTrack_BE_117	DE_FE_62	65.97620589904096
LithoTrack_BE_117	Litho_BE_110	55.12868854099429
LithoTrack_BE_117	Dielectric_FE_112	95.32712098363895
LithoTrack_BE_117	Planar_FE_78	49.05753959966739
LithoTrack_BE_117	Planar_FE_77	40.757051064237395
LithoTrack_BE_117	TF_FE_113	47.182080617141324
LithoTrack_BE_117	DE_FE_58	70.92948335972298
LithoTrack_BE_117	Dielectric_FE_31	86.23407038915485
LithoTrack_BE_117	DE_BE_50	73.10690455580279
LithoTrack_BE_117	Litho_REG_FE_64	35.377242292104
LithoTrack_BE_117	DefMet_FE_10	98.51447928620051
LithoTrack_BE_117	Litho_REG_BE_63	31.887862755544692
LithoTrack_BE_117	WE_BE_16	61.087853117108736
LithoTrack_BE_117	Litho_BE_93	52.44739384109206
LithoTrack_BE_117	LithoTrack_FE_96	33.30767116091818
LithoTrack_BE_117	DE_FE_53	56.38001061840987
LithoTrack_BE_117	DefMet_BE_33	85.82609137293171
LithoTrack_BE_117	DE_FE_54	70.80152734854398
LithoTrack_BE_117	DE_BE_11	53.40402034752611
LithoTrack_BE_117	DE_FE_51	59.32961990702411
LithoTrack_BE_117	DE_FE_71	71.96603823959478
LithoTrack_BE_117	WE_BE_14	49.95696250091819
LithoTrack_BE_117	Planar_FE_76	34.69656004891818
LithoTrack_BE_117	TF_BE_26	50.952098810999566
LithoTrack_BE_117	COMMIT	104.57493452131853
LithoTrack_BE_117	EPI_36	77.83913746031278
LithoTrack_BE_117	EPI_38	76.37191647080384
LithoTrack_BE_117	Diffusion_FE_122	94.11255794756966
LithoTrack_BE_117	Implant_119	79.30635844982172
LithoTrack_BE_117	DE_BE_69	66.9852160104283
LithoTrack_BE_117	TF_FE_5	55.38639606559958
LithoTrack_BE_117	WE_FE_83	75.81721818352028
LithoTrack_BE_117	LithoMet_FE_19	30.891300434778962
LithoTrack_BE_117	Dielectric_BE_60	85.53061714979175
LithoTrack_BE_117	Implant_91	82.01591658059941
LithoTrack_BE_117	Implant_90	80.35521404846654
WE_BE_81	Diffusion_FE_101	71.38247180382305
WE_BE_81	TF_FE_104	43.17551035757971
WE_BE_81	Implant_88	48.031502971966326
WE_BE_81	DefMet_BE_42	61.00370350395142
WE_BE_81	DE_FE_86	63.46719772348046
WE_BE_81	TF_FE_103	35.88944386992867
WE_BE_81	TF_BE_40	45.664216638830226
WE_BE_81	LithoMet_BE_18	76.31713822013734
WE_BE_81	Dielectric_BE_27	64.18727659034602
WE_BE_81	Dielectric_FE_130	71.83790942305457
WE_BE_81	STOCKER	52.93250089187887
WE_BE_81	DE_BE_12	100.2332380273153
WE_BE_81	Dielectric_FE_30	55.53319511038844
WE_BE_81	Diffusion_FE_127	60.756554745818924
WE_BE_81	DE_FE_56	85.8861039774688
WE_BE_81	TF_Met_FE_61	35.59900756824506
WE_BE_81	DefMet_FE_118	67.02147905100192
WE_BE_81	TF_BE_23	47.33214383580579
WE_BE_81	Diffusion_FE_126	57.787804760305306
WE_BE_81	DE_FE_1	83.30678618785149
WE_BE_81	Litho_FE_92	74.48776002975883
WE_BE_81	DefMet_FE_34	67.02147905100192
WE_BE_81	DE_BE_13	89.08803761122432
WE_BE_81	Diffusion_FE_120	69.46223693147678
WE_BE_81	Planar_FE_80	61.89257041342912
WE_BE_81	WE_FE_108	35.25036325295061
WE_BE_81	Implant_128	47.10777705605539
WE_BE_81	Implant_132	38.40147385430423
WE_BE_81	WE_FE_41	31.61747000161767
WE_BE_81	WE_BE_17	30.098371501199207
WE_BE_81	WE_BE_7	28.077198742165578
WE_BE_81	WE_BE_82	14.988260854465773
WE_BE_81	TF_BE_24	58.080861015874255
WE_BE_81	DE_FE_70	80.24946723008877
WE_BE_81	Diffusion_FE_100	58.30458945209557
WE_BE_81	COMPLETE	104.80265747446612
WE_BE_81	LithoTrack_BE_117	65.94244128928581
WE_BE_81	LithoTrack_FE_115	65.94629078276472
WE_BE_81	DefMet_FE_43	54.44814796861809
WE_BE_81	Diffusion_FE_44	74.5318026431321
WE_BE_81	LithoTrack_FE_95	59.298157742829744
WE_BE_81	Litho_FE_35	60.70076281548754
WE_BE_81	DE_BE_48	95.48050310427885
WE_BE_81	Diffusion_BE_123	54.97588575431779
WE_BE_81	Implant_74	42.10980718716136
WE_BE_81	Planar_FE_79	49.55147151831841
WE_BE_81	DE_FE_59	74.70328356820058
WE_BE_81	Diffusion_FE_94	69.96204270130673
WE_BE_81	WE_FE_84	40.075752693849715
WE_BE_81	TF_FE_131	32.715046407147824
WE_BE_81	Dielectric_BE_20	46.49769426302768
WE_BE_81	DE_BE_66	88.66634653873585
WE_BE_81	TF_BE_2	61.10574282766448
WE_BE_81	WE_BE_9	29.837995920798676
WE_BE_81	TF_FE_3	33.24573619074161
WE_BE_81	DE_FE_72	65.24100844508413
WE_BE_81	Dielectric_BE_21	49.26524241654294
WE_BE_81	Diffusion_FE_125	55.32113808830532
WE_BE_81	TF_Met_FE_45	33.32122979024505
WE_BE_81	WE_FE_8	37.10171007316135
WE_BE_81	Dielectric_FE_29	66.43735509686796
WE_BE_81	Litho_FE_98	72.36630740501953
WE_BE_81	DE_BE_65	89.51638292797409
WE_BE_81	DefMet_FE_106	63.9381457110019
WE_BE_81	DE_BE_67	94.19092670374516
WE_BE_81	Planar_BE_75	52.242914615438686
WE_BE_81	Dielectric_BE_28	51.98747992286216
WE_BE_81	Litho_FE_111	75.90904776235698
WE_BE_81	WE_FE_47	34.01837674116136
WE_BE_81	Litho_BE_99	64.55897804564187
WE_BE_81	WE_FE_85	39.08492521895161
WE_BE_81	DE_FE_62	75.95245052074165
WE_BE_81	Litho_BE_110	81.09736589138105
WE_BE_81	Dielectric_FE_112	59.77264003416112
WE_BE_81	Planar_FE_78	45.05147151763841
WE_BE_81	Planar_FE_77	50.41751808895763
WE_BE_81	TF_FE_113	47.24764333238178
WE_BE_81	DE_FE_58	86.524487631456
WE_BE_81	Dielectric_FE_31	50.67958945209555
WE_BE_81	DE_BE_50	99.07558188966769
WE_BE_81	Litho_REG_FE_64	62.16357602438968
WE_BE_81	DefMet_FE_10	62.95999830865175
WE_BE_81	Litho_REG_BE_63	70.59387629593859
WE_BE_81	WE_BE_16	28.347174205083622
WE_BE_81	Litho_BE_93	78.41607119147882
WE_BE_81	LithoTrack_FE_96	56.200231328276864
WE_BE_81	DE_FE_53	89.90740757560548
WE_BE_81	DefMet_BE_33	50.27161036969604
WE_BE_81	DE_FE_54	83.16500453529568
WE_BE_81	DE_BE_11	79.37269769791286
WE_BE_81	DE_FE_51	81.463855221732
WE_BE_81	DE_FE_71	69.87007789655692
WE_BE_81	WE_BE_14	34.56567423496505
WE_BE_81	Planar_FE_76	57.58912021627686
WE_BE_81	TF_BE_26	43.50972827037819
WE_BE_81	COMMIT	104.80265747446612
WE_BE_81	EPI_36	52.325906024332824
WE_BE_81	EPI_38	50.858685034823885
WE_BE_81	Diffusion_FE_122	58.55807701213658
WE_BE_81	Implant_119	53.79312701384177
WE_BE_81	DE_BE_69	92.18479202666933
WE_BE_81	TF_FE_5	36.50962507967494
WE_BE_81	WE_FE_83	50.30398674754033
WE_BE_81	LithoMet_FE_19	60.16289827509409
WE_BE_81	Dielectric_BE_60	49.976136198328646
WE_BE_81	Implant_91	55.91944184029209
WE_BE_81	Implant_90	54.16153209077131
LithoTrack_FE_115	Diffusion_FE_101	101.81380036465184
LithoTrack_FE_115	TF_FE_104	56.33308953160549
LithoTrack_FE_115	Implant_88	80.79657395010398
LithoTrack_FE_115	DefMet_BE_42	91.43503212818732
LithoTrack_FE_115	DE_FE_86	74.52568666096295
LithoTrack_FE_115	TF_FE_103	66.23487015408334
LithoTrack_FE_115	TF_BE_40	55.83940312521414
LithoTrack_FE_115	LithoMet_BE_18	46.22262862436648
LithoTrack_FE_115	Dielectric_BE_27	94.6186051655399
LithoTrack_FE_115	Dielectric_FE_130	102.26923798754831
LithoTrack_FE_115	STOCKER	56.56104240609601
LithoTrack_FE_115	DE_BE_12	71.36659454922037
LithoTrack_FE_115	Dielectric_FE_30	85.96452368594767
LithoTrack_FE_115	Diffusion_FE_127	91.18788331093428
LithoTrack_FE_115	DE_FE_56	69.20111111321967
LithoTrack_FE_115	TF_Met_FE_61	54.344830626907346
LithoTrack_FE_115	DefMet_FE_118	97.45280762390965
LithoTrack_FE_115	TF_BE_23	54.404371824988424
LithoTrack_FE_115	Diffusion_FE_126	88.21913331624363
LithoTrack_FE_115	DE_FE_1	54.44014270499136
LithoTrack_FE_115	Litho_FE_92	45.62111655949472
LithoTrack_FE_115	DefMet_FE_34	97.45280762390965
LithoTrack_FE_115	DE_BE_13	60.22139416157517
LithoTrack_FE_115	Diffusion_FE_120	99.89356549572304
LithoTrack_FE_115	Planar_FE_80	36.942643320697606
LithoTrack_FE_115	WE_FE_108	71.32335218705268
LithoTrack_FE_115	Implant_128	79.47845550074473
LithoTrack_FE_115	Implant_132	72.15396714071484
LithoTrack_FE_115	WE_FE_41	64.70401151380354
LithoTrack_FE_115	WE_BE_17	75.91871820950362
LithoTrack_FE_115	WE_BE_7	64.46581265954578
LithoTrack_FE_115	WE_BE_82	62.45533679037132
LithoTrack_FE_115	TF_BE_24	45.01324051863048
LithoTrack_FE_115	DE_FE_70	63.42839784487628
LithoTrack_FE_115	Diffusion_FE_100	88.73591800803389
LithoTrack_FE_115	COMPLETE	106.84766330158092
LithoTrack_FE_115	LithoTrack_BE_117	32.94211934266069
LithoTrack_FE_115	WE_BE_81	58.911005104780315
LithoTrack_FE_115	DefMet_FE_43	84.87947660122084
LithoTrack_FE_115	Diffusion_FE_44	104.96313120437334
LithoTrack_FE_115	LithoTrack_FE_95	39.23318550346213
LithoTrack_FE_115	Litho_FE_35	31.834119345223446
LithoTrack_FE_115	DE_BE_48	66.6138596903956
LithoTrack_FE_115	Diffusion_BE_123	85.40721431151309
LithoTrack_FE_115	Implant_74	77.85189589467579
LithoTrack_FE_115	Planar_FE_79	53.604931316200506
LithoTrack_FE_115	DE_FE_59	53.14563045690339
LithoTrack_FE_115	Diffusion_FE_94	100.87591424593766
LithoTrack_FE_115	WE_FE_84	73.22547251550046
LithoTrack_FE_115	TF_FE_131	65.64035154436033
LithoTrack_FE_115	Dielectric_BE_20	76.92902285674582
LithoTrack_FE_115	DE_BE_66	59.799752841633335
LithoTrack_FE_115	TF_BE_2	41.98835863863049
LithoTrack_FE_115	WE_BE_9	75.94722479878666
LithoTrack_FE_115	TF_FE_3	70.05917759854331
LithoTrack_FE_115	DE_FE_72	60.65558998404692
LithoTrack_FE_115	Dielectric_BE_21	79.6965709913509
LithoTrack_FE_115	Diffusion_FE_125	85.75246664480927
LithoTrack_FE_115	TF_Met_FE_45	52.067052848907345
LithoTrack_FE_115	WE_FE_8	70.05836519113046
LithoTrack_FE_115	Dielectric_FE_29	96.86868366818483
LithoTrack_FE_115	Litho_FE_98	43.49966393475542
LithoTrack_FE_115	DE_BE_65	60.649739447042606
LithoTrack_FE_115	DefMet_FE_106	94.36947429805083
LithoTrack_FE_115	DE_BE_67	65.32430189384652
LithoTrack_FE_115	Planar_BE_75	48.805504440148084
LithoTrack_FE_115	Dielectric_BE_28	82.4188085037243
LithoTrack_FE_115	Litho_FE_111	47.042404292092854
LithoTrack_FE_115	WE_FE_47	66.97503185913045
LithoTrack_FE_115	Litho_BE_99	35.69233457537774
LithoTrack_FE_115	WE_FE_85	76.27185550687436
LithoTrack_FE_115	DE_FE_62	60.85303277017968
LithoTrack_FE_115	Litho_BE_110	52.23072242111694
LithoTrack_FE_115	Dielectric_FE_112	90.2039686039514
LithoTrack_FE_115	Planar_FE_78	54.686093535503616
LithoTrack_FE_115	Planar_FE_77	49.45929575739
LithoTrack_FE_115	TF_FE_113	54.625504299130476
LithoTrack_FE_115	DE_FE_58	65.77894455862963
LithoTrack_FE_115	Dielectric_FE_31	81.11091801284188
LithoTrack_FE_115	DE_BE_50	70.20893843612293
LithoTrack_FE_115	Litho_REG_FE_64	33.296932554125576
LithoTrack_FE_115	DefMet_FE_10	93.39132690809632
LithoTrack_FE_115	Litho_REG_BE_63	41.28951464274655
LithoTrack_FE_115	WE_BE_16	68.99452249817531
LithoTrack_FE_115	Litho_BE_93	49.5494277212147
LithoTrack_FE_115	LithoTrack_FE_96	44.86638562933177
LithoTrack_FE_115	DE_FE_53	51.17474047285237
LithoTrack_FE_115	DefMet_BE_33	80.70293899357837
LithoTrack_FE_115	DE_FE_54	65.6373057113346
LithoTrack_FE_115	DE_BE_11	50.50605422764874
LithoTrack_FE_115	DE_FE_51	54.124349761466625
LithoTrack_FE_115	DE_FE_71	66.84288497254623
LithoTrack_FE_115	WE_BE_14	59.04650249747711
LithoTrack_FE_115	Planar_FE_76	46.25527451733177
LithoTrack_FE_115	TF_BE_26	57.46060987296336
LithoTrack_FE_115	COMMIT	106.84766330158092
LithoTrack_FE_115	EPI_36	83.77973578553697
LithoTrack_FE_115	EPI_38	82.42112529078254
LithoTrack_FE_115	Diffusion_FE_122	88.98940556842844
LithoTrack_FE_115	Implant_119	85.13834628029144
LithoTrack_FE_115	DE_BE_69	63.31814854853062
LithoTrack_FE_115	TF_FE_5	62.82981974758872
LithoTrack_FE_115	WE_FE_83	81.63947552193206
LithoTrack_FE_115	LithoMet_FE_19	30.45517485382926
LithoTrack_FE_115	Dielectric_BE_60	80.40746477714539
LithoTrack_FE_115	Implant_91	86.1086893207797
LithoTrack_FE_115	Implant_90	83.94958533953216
DefMet_FE_43	Diffusion_FE_101	43.02756259441888
DefMet_FE_43	TF_FE_104	57.1979729311291
DefMet_FE_43	Implant_88	39.275932666247975
DefMet_FE_43	DefMet_BE_42	33.67317485027676
DefMet_FE_43	DE_FE_86	51.61534338708237
DefMet_FE_43	TF_FE_103	49.75788439659912
DefMet_FE_43	TF_BE_40	59.532657167243066
DefMet_FE_43	LithoMet_BE_18	90.18557873925742
DefMet_FE_43	Dielectric_BE_27	34.87927221196004
DefMet_FE_43	Dielectric_FE_130	43.483000211482114
DefMet_FE_43	STOCKER	56.89659452550638
DefMet_FE_43	DE_BE_12	81.15688109509982
DefMet_FE_43	Dielectric_FE_30	27.178285906947192
DefMet_FE_43	Diffusion_FE_127	32.40164554373286
DefMet_FE_43	DE_FE_56	63.97055267870696
DefMet_FE_43	TF_Met_FE_61	63.13160031107108
DefMet_FE_43	DefMet_FE_118	37.88725149514417
DefMet_FE_43	TF_BE_23	61.20058436335312
DefMet_FE_43	Diffusion_FE_126	29.432895548732862
DefMet_FE_43	DE_FE_1	76.60345186343531
DefMet_FE_43	Litho_FE_92	88.35620055294454
DefMet_FE_43	DefMet_FE_34	37.88725149514417
DefMet_FE_43	DE_BE_13	88.5847880682254
DefMet_FE_43	Diffusion_FE_120	41.107327719904326
DefMet_FE_43	Planar_FE_80	75.76101094416515
DefMet_FE_43	WE_FE_108	44.339658305209696
DefMet_FE_43	Implant_128	47.89162416257337
DefMet_FE_43	Implant_132	56.68514394863984
DefMet_FE_43	WE_FE_41	52.061508635997
DefMet_FE_43	WE_BE_17	43.85395402611209
DefMet_FE_43	WE_BE_7	46.35395402611211
DefMet_FE_43	WE_BE_82	53.253399363015234
DefMet_FE_43	TF_BE_24	71.94930154661029
DefMet_FE_43	DE_FE_70	65.37115322629403
DefMet_FE_43	Diffusion_FE_100	29.949680240523108
DefMet_FE_43	COMPLETE	105.64305800417877
DefMet_FE_43	LithoTrack_BE_117	79.81088181026448
DefMet_FE_43	WE_BE_81	54.55357549513459
DefMet_FE_43	LithoTrack_FE_115	79.81473130949408
DefMet_FE_43	Diffusion_FE_44	46.176893431559634
DefMet_FE_43	LithoTrack_FE_95	73.16659826975969
DefMet_FE_43	Litho_FE_35	74.5692033299613
DefMet_FE_43	DE_BE_48	86.044230901829
DefMet_FE_43	Diffusion_BE_123	26.620976542745325
DefMet_FE_43	Implant_74	46.10031257337564
DefMet_FE_43	Planar_FE_79	63.41991203604457
DefMet_FE_43	DE_FE_59	72.61745859866754
DefMet_FE_43	Diffusion_FE_94	44.65269305062742
DefMet_FE_43	WE_FE_84	58.063230860127526
DefMet_FE_43	TF_FE_131	46.86181492923166
DefMet_FE_43	Dielectric_BE_20	13.930012190102051
DefMet_FE_43	DE_BE_66	78.47418566576532
DefMet_FE_43	TF_BE_2	74.97418335840051
DefMet_FE_43	WE_BE_9	37.8624053245652
DefMet_FE_43	TF_FE_3	47.50383591017769
DefMet_FE_43	DE_FE_72	68.24712363664904
DefMet_FE_43	Dielectric_BE_21	20.131014860685184
DefMet_FE_43	Diffusion_FE_125	26.96622887673286
DefMet_FE_43	TF_Met_FE_45	60.63660151831081
DefMet_FE_43	WE_FE_8	57.43439845269011
DefMet_FE_43	Dielectric_FE_29	38.08244589342669
DefMet_FE_43	Litho_FE_98	86.23474793304518
DefMet_FE_43	DE_BE_65	82.72151624231861
DefMet_FE_43	DefMet_FE_106	34.80391815514415
DefMet_FE_43	DE_BE_67	74.33505864072019
DefMet_FE_43	Planar_BE_75	66.11135514617472
DefMet_FE_43	Dielectric_BE_28	23.242911547278243
DefMet_FE_43	Litho_FE_111	89.77748828126589
DefMet_FE_43	WE_FE_47	55.655643128787645
DefMet_FE_43	Litho_BE_99	78.42741856011563
DefMet_FE_43	WE_FE_85	53.36784982193739
DefMet_FE_43	DE_FE_62	67.30039930843287
DefMet_FE_43	Litho_BE_110	94.96580641951519
DefMet_FE_43	Dielectric_FE_112	31.41773083589425
DefMet_FE_43	Planar_FE_78	58.91991203211213
DefMet_FE_43	Planar_FE_77	64.2859586115625
DefMet_FE_43	TF_FE_113	61.578150013241064
DefMet_FE_43	DE_FE_58	65.83166379204029
DefMet_FE_43	Dielectric_FE_31	22.32468024052311
DefMet_FE_43	DE_BE_50	82.1129100143133
DefMet_FE_43	Litho_REG_FE_64	76.03201654067033
DefMet_FE_43	DefMet_FE_10	34.42700372018836
DefMet_FE_43	Litho_REG_BE_63	84.4623168104123
DefMet_FE_43	WE_BE_16	44.847238954101506
DefMet_FE_43	Litho_BE_93	92.28451170595257
DefMet_FE_43	LithoTrack_FE_96	70.06867185901287
DefMet_FE_43	DE_FE_53	78.38319664435384
DefMet_FE_43	DefMet_BE_33	25.615683147147067
DefMet_FE_43	DE_FE_54	60.66499711870697
DefMet_FE_43	DE_BE_11	91.55816381191477
DefMet_FE_43	DE_FE_51	74.31534945473395
DefMet_FE_43	DE_FE_71	60.968497273550334
DefMet_FE_43	WE_BE_14	59.88004572134286
DefMet_FE_43	Planar_FE_76	71.45756073617135
DefMet_FE_43	TF_BE_26	57.37816879786177
DefMet_FE_43	COMMIT	105.64305800417877
DefMet_FE_43	EPI_36	39.9274233380651
DefMet_FE_43	EPI_38	38.6774233380651
DefMet_FE_43	Diffusion_FE_122	30.203167800564138
DefMet_FE_43	Implant_119	41.177423338065104
DefMet_FE_43	DE_BE_69	72.71476095143251
DefMet_FE_43	TF_FE_5	50.76772480046623
DefMet_FE_43	WE_FE_83	43.882860865718364
DefMet_FE_43	LithoMet_FE_19	74.03133880402322
DefMet_FE_43	Dielectric_BE_60	21.62122700301857
DefMet_FE_43	Implant_91	36.46940990312031
DefMet_FE_43	Implant_90	32.65988609312031
Diffusion_FE_44	Diffusion_FE_101	30.52145844007333
Diffusion_FE_44	TF_FE_104	58.07668071866975
Diffusion_FE_44	Implant_88	31.915991853953415
Diffusion_FE_44	DefMet_BE_42	36.72451248854718
Diffusion_FE_44	DE_FE_86	58.291898776700975
Diffusion_FE_44	TF_FE_103	50.63659217826723
Diffusion_FE_44	TF_BE_40	60.411364947168785
Diffusion_FE_44	LithoMet_BE_18	91.06428652847589
Diffusion_FE_44	Dielectric_BE_27	39.912715972217946
Diffusion_FE_44	Dielectric_FE_130	35.02474880075692
Diffusion_FE_44	STOCKER	61.68207739243875
Diffusion_FE_44	DE_BE_12	85.69033348116314
Diffusion_FE_44	Dielectric_FE_30	44.11053222749677
Diffusion_FE_44	Diffusion_FE_127	18.641319329183904
Diffusion_FE_44	DE_FE_56	68.50400506477031
Diffusion_FE_44	TF_Met_FE_61	64.01030810493594
Diffusion_FE_44	DefMet_FE_118	42.30784582854718
Diffusion_FE_44	TF_BE_23	62.07929214414437
Diffusion_FE_44	Diffusion_FE_126	29.089236013683912
Diffusion_FE_44	DE_FE_1	81.79054350510825
Diffusion_FE_44	Litho_FE_92	89.2349083380974
Diffusion_FE_44	DefMet_FE_34	42.30784582854718
Diffusion_FE_44	DE_BE_13	93.88081958279142
Diffusion_FE_44	Diffusion_FE_120	33.314222498364316
Diffusion_FE_44	Planar_FE_80	76.6397187217677
Diffusion_FE_44	WE_FE_108	45.21836614898859
Diffusion_FE_44	Implant_128	36.651972724821235
Diffusion_FE_44	Implant_132	46.27685907348577
Diffusion_FE_44	WE_FE_41	52.67297987486621
Diffusion_FE_44	WE_BE_17	44.73266181997699
Diffusion_FE_44	WE_BE_7	47.232661819977
Diffusion_FE_44	WE_BE_82	54.132107186828534
Diffusion_FE_44	TF_BE_24	72.8280093242128
Diffusion_FE_44	DE_FE_70	69.77449377465365
Diffusion_FE_44	Diffusion_FE_100	41.17131563623661
Diffusion_FE_44	COMPLETE	104.2298137910631
Diffusion_FE_44	LithoTrack_BE_117	80.68958959762436
Diffusion_FE_44	WE_BE_81	55.43228330563746
Diffusion_FE_44	LithoTrack_FE_115	80.69343909110326
Diffusion_FE_44	DefMet_FE_43	45.50229027321385
Diffusion_FE_44	LithoTrack_FE_95	74.04530605116828
Diffusion_FE_44	Litho_FE_35	75.44791112382616
Diffusion_FE_44	DE_BE_48	90.28757679329439
Diffusion_FE_44	Diffusion_BE_123	49.76853787579217
Diffusion_FE_44	Implant_74	38.740371761081086
Diffusion_FE_44	Planar_FE_79	64.29861982665693
Diffusion_FE_44	DE_FE_59	78.06600594258431
Diffusion_FE_44	Diffusion_FE_94	12.357720319872213
Diffusion_FE_44	WE_FE_84	43.670324660443335
Diffusion_FE_44	TF_FE_131	47.74052271612697
Diffusion_FE_44	Dielectric_BE_20	54.78107625330939
Diffusion_FE_44	DE_BE_66	82.99998257164381
Diffusion_FE_44	TF_BE_2	75.85289113600304
Diffusion_FE_44	WE_BE_9	38.74111316834409
Diffusion_FE_44	TF_FE_3	48.38254369997698
Diffusion_FE_44	DE_FE_72	72.37593767406554
Diffusion_FE_44	Dielectric_BE_21	55.2553333874646
Diffusion_FE_44	Diffusion_FE_125	26.622569341683903
Diffusion_FE_44	TF_Met_FE_45	61.51530931217569
Diffusion_FE_44	WE_FE_8	45.806775952392236
Diffusion_FE_44	Dielectric_FE_29	37.50808213675691
Diffusion_FE_44	Litho_FE_98	87.1134557133581
Diffusion_FE_44	DE_BE_65	87.95888782673079
Diffusion_FE_44	DefMet_FE_106	39.224512488547184
Diffusion_FE_44	DE_BE_67	78.82514196703119
Diffusion_FE_44	Planar_BE_75	66.99006292377724
Diffusion_FE_44	Dielectric_BE_28	45.17262696738784
Diffusion_FE_44	Litho_FE_111	90.65619607069553
Diffusion_FE_44	WE_FE_47	49.03055276612048
Diffusion_FE_44	Litho_BE_99	79.30612635398045
Diffusion_FE_44	WE_FE_85	41.7402273216395
Diffusion_FE_44	DE_FE_62	71.70219095027409
Diffusion_FE_44	Litho_BE_110	95.84451419971968
Diffusion_FE_44	Dielectric_FE_112	41.18127303476528
Diffusion_FE_44	Planar_FE_78	59.79861982597696
Diffusion_FE_44	Planar_FE_77	65.16466639729617
Diffusion_FE_44	TF_FE_113	62.45685779897475
Diffusion_FE_44	DE_FE_58	70.36511617810362
Diffusion_FE_44	Dielectric_FE_31	48.87964898423662
Diffusion_FE_44	DE_BE_50	86.52115290832691
Diffusion_FE_44	Litho_REG_FE_64	76.91072433272825
Diffusion_FE_44	DefMet_FE_10	38.39117915521384
Diffusion_FE_44	Litho_REG_BE_63	85.34102460427715
Diffusion_FE_44	WE_BE_16	45.7259467479664
Diffusion_FE_44	Litho_BE_93	93.16321949981742
Diffusion_FE_44	LithoTrack_FE_96	70.94737963661541
Diffusion_FE_44	DE_FE_53	82.71424558508402
Diffusion_FE_44	DefMet_BE_33	52.45660562280256
Diffusion_FE_44	DE_FE_54	65.1984495047703
Diffusion_FE_44	DE_BE_11	93.65511979324103
Diffusion_FE_44	DE_FE_51	79.0010931151563
Diffusion_FE_44	DE_FE_71	65.9661282564859
Diffusion_FE_44	WE_BE_14	60.75875351520773
Diffusion_FE_44	Planar_FE_76	72.3362685246154
Diffusion_FE_44	TF_BE_26	58.25687657871675
Diffusion_FE_44	COMMIT	104.2298137910631
Diffusion_FE_44	EPI_36	28.29980083776722
Diffusion_FE_44	EPI_38	27.04980083776722
Diffusion_FE_44	Diffusion_FE_122	30.076729253024116
Diffusion_FE_44	Implant_119	29.54980083776722
Diffusion_FE_44	DE_BE_69	77.24821333749584
Diffusion_FE_44	TF_FE_5	51.646432588910315
Diffusion_FE_44	WE_FE_83	32.2552383654205
Diffusion_FE_44	LithoMet_FE_19	74.91004658343266
Diffusion_FE_44	Dielectric_BE_60	51.34205182530449
Diffusion_FE_44	Implant_91	29.109469090825755
Diffusion_FE_44	Implant_90	25.299945280825746
LithoTrack_FE_95	Diffusion_FE_101	98.6525926008924
LithoTrack_FE_95	TF_FE_104	50.30849067101478
LithoTrack_FE_95	Implant_88	74.21775586438382
LithoTrack_FE_95	DefMet_BE_42	88.27382436098057
LithoTrack_FE_95	DE_FE_86	71.36447889137922
LithoTrack_FE_95	TF_FE_103	59.97111507240547
LithoTrack_FE_95	TF_BE_40	49.351801996037715
LithoTrack_FE_95	LithoMet_BE_18	53.06206706297354
LithoTrack_FE_95	Dielectric_BE_27	91.45739739852223
LithoTrack_FE_95	Dielectric_FE_130	99.1080302191667
LithoTrack_FE_95	STOCKER	54.695947635586776
LithoTrack_FE_95	DE_BE_12	76.97816686399248
LithoTrack_FE_95	Dielectric_FE_30	82.80331591802262
LithoTrack_FE_95	Diffusion_FE_127	88.02667554663383
LithoTrack_FE_95	DE_FE_56	65.7083102613491
LithoTrack_FE_95	TF_Met_FE_61	48.32023176631664
LithoTrack_FE_95	DefMet_FE_118	94.29159985846299
LithoTrack_FE_95	TF_BE_23	47.677505755782875
LithoTrack_FE_95	Diffusion_FE_126	85.05792555254212
LithoTrack_FE_95	DE_FE_1	60.05171502093221
LithoTrack_FE_95	Litho_FE_92	51.23268887259502
LithoTrack_FE_95	DefMet_FE_34	94.29159985846299
LithoTrack_FE_95	DE_BE_13	65.83296647741791
LithoTrack_FE_95	Diffusion_FE_120	96.73235772786568
LithoTrack_FE_95	Planar_FE_80	30.829563702766578
LithoTrack_FE_95	WE_FE_108	64.95369848745723
LithoTrack_FE_95	Implant_128	73.32373422429225
LithoTrack_FE_95	Implant_132	65.75919591859665
LithoTrack_FE_95	WE_FE_41	58.67941265321283
LithoTrack_FE_95	WE_BE_17	69.57523813192506
LithoTrack_FE_95	WE_BE_7	58.441213798955054
LithoTrack_FE_95	WE_BE_82	56.517239769434724
LithoTrack_FE_95	TF_BE_24	38.988641658039775
LithoTrack_FE_95	DE_FE_70	60.00665265350852
LithoTrack_FE_95	Diffusion_FE_100	85.57471024467839
LithoTrack_FE_95	COMPLETE	106.6411500278526
LithoTrack_FE_95	LithoTrack_BE_117	42.57991622903511
LithoTrack_FE_95	WE_BE_81	52.886406244189615
LithoTrack_FE_95	LithoTrack_FE_115	40.4810560450466
LithoTrack_FE_95	DefMet_FE_43	81.7182688334901
LithoTrack_FE_95	Diffusion_FE_44	101.80192343947154
LithoTrack_FE_95	Litho_FE_35	37.445691658323746
LithoTrack_FE_95	DE_BE_48	72.22543200665494
LithoTrack_FE_95	Diffusion_BE_123	82.24600654632391
LithoTrack_FE_95	Implant_74	70.53169376873888
LithoTrack_FE_95	Planar_FE_79	43.237659776109275
LithoTrack_FE_95	DE_FE_59	53.29457887200234
LithoTrack_FE_95	Diffusion_FE_94	97.36882095674548
LithoTrack_FE_95	WE_FE_84	67.13144092267954
LithoTrack_FE_95	TF_FE_131	60.26567863344858
LithoTrack_FE_95	Dielectric_BE_20	73.76781508734271
LithoTrack_FE_95	DE_BE_66	65.41130768663099
LithoTrack_FE_95	TF_BE_2	35.96375977803977
LithoTrack_FE_95	WE_BE_9	70.84747658460373
LithoTrack_FE_95	TF_FE_3	64.73943971155434
LithoTrack_FE_95	DE_FE_72	57.4943822112437
LithoTrack_FE_95	Dielectric_BE_21	76.53536322737766
LithoTrack_FE_95	Diffusion_FE_125	82.5912588797117
LithoTrack_FE_95	TF_Met_FE_45	46.04245398831665
LithoTrack_FE_95	WE_FE_8	64.03376633053975
LithoTrack_FE_95	Dielectric_FE_29	93.70747590035005
LithoTrack_FE_95	Litho_FE_98	49.111236247855736
LithoTrack_FE_95	DE_BE_65	66.26131176292017
LithoTrack_FE_95	DefMet_FE_106	91.20826652538325
LithoTrack_FE_95	DE_BE_67	70.93586765786851
LithoTrack_FE_95	Planar_BE_75	42.90223476322212
LithoTrack_FE_95	Dielectric_BE_28	79.25760073239937
LithoTrack_FE_95	Litho_FE_111	52.65397660519316
LithoTrack_FE_95	WE_FE_47	60.95043299853976
LithoTrack_FE_95	Litho_BE_99	41.30390688847806
LithoTrack_FE_95	WE_FE_85	68.2682504075528
LithoTrack_FE_95	DE_FE_62	57.360231918309125
LithoTrack_FE_95	Litho_BE_110	57.842294734217255
LithoTrack_FE_95	Dielectric_FE_112	87.04276083775328
LithoTrack_FE_95	Planar_FE_78	43.64532651636787
LithoTrack_FE_95	Planar_FE_77	36.743432191408566
LithoTrack_FE_95	TF_FE_113	48.600905438539776
LithoTrack_FE_95	DE_FE_58	65.32093476256699
LithoTrack_FE_95	Dielectric_FE_31	77.94971024627004
LithoTrack_FE_95	DE_BE_50	75.82051075231972
LithoTrack_FE_95	Litho_REG_FE_64	38.908504867225886
LithoTrack_FE_95	DefMet_FE_10	90.230119137249
LithoTrack_FE_95	Litho_REG_BE_63	47.3388051387748
LithoTrack_FE_95	WE_BE_16	62.038491803956816
LithoTrack_FE_95	Litho_BE_93	55.161000034315
LithoTrack_FE_95	LithoTrack_FE_96	30.41534311721277
LithoTrack_FE_95	DE_FE_53	63.71352085947912
LithoTrack_FE_95	DefMet_BE_33	77.54173122810921
LithoTrack_FE_95	DE_FE_54	62.7996093140074
LithoTrack_FE_95	DE_BE_11	56.11762654074904
LithoTrack_FE_95	DE_FE_51	58.66369091861096
LithoTrack_FE_95	DE_FE_71	63.66726011228011
LithoTrack_FE_95	WE_BE_14	52.25205596092922
LithoTrack_FE_95	Planar_FE_76	31.80423200521275
LithoTrack_FE_95	TF_BE_26	51.92727515233029
LithoTrack_FE_95	COMMIT	106.6411500278526
LithoTrack_FE_95	EPI_36	77.37650252701177
LithoTrack_FE_95	EPI_38	75.99709427794265
LithoTrack_FE_95	Diffusion_FE_122	85.82819780298935
LithoTrack_FE_95	Implant_119	78.75591077608092
LithoTrack_FE_95	DE_BE_69	68.9297208646066
LithoTrack_FE_95	TF_FE_5	56.80522088699804
LithoTrack_FE_95	WE_FE_83	76.50404000424575
LithoTrack_FE_95	LithoMet_FE_19	36.907827117930296
LithoTrack_FE_95	Dielectric_BE_60	77.24625700564152
LithoTrack_FE_95	Implant_91	80.27198686683921
LithoTrack_FE_95	Implant_90	78.11215129368273
Litho_FE_35	Diffusion_FE_101	120.34429780234589
Litho_FE_35	TF_FE_104	62.064654042862514
Litho_FE_35	Implant_88	87.20574005551515
Litho_FE_35	DefMet_BE_42	109.96552955184625
Litho_FE_35	DE_FE_86	93.05618409175887
Litho_FE_35	TF_FE_103	73.3276114758134
Litho_FE_35	TF_BE_40	60.91433438116769
Litho_FE_35	LithoMet_BE_18	32.26408415295096
Litho_FE_35	Dielectric_BE_27	113.14910260458917
Litho_FE_35	Dielectric_FE_130	120.79973542103532
Litho_FE_35	STOCKER	66.68094667927156
Litho_FE_35	DE_BE_12	65.34793635253949
Litho_FE_35	Dielectric_FE_30	104.49502111650042
Litho_FE_35	Diffusion_FE_127	109.71838075328608
Litho_FE_35	DE_FE_56	87.73159006275661
Litho_FE_35	TF_Met_FE_61	60.076395138164365
Litho_FE_35	DefMet_FE_118	115.98330504898271
Litho_FE_35	TF_BE_23	59.64728179643154
Litho_FE_35	Diffusion_FE_126	106.7496307582861
Litho_FE_35	DE_FE_1	66.13873830463527
Litho_FE_35	Litho_FE_92	18.882680880587717
Litho_FE_35	DefMet_FE_34	115.98330504898271
Litho_FE_35	DE_BE_13	55.14462881210535
Litho_FE_35	Diffusion_FE_120	118.42406292945758
Litho_FE_35	Planar_FE_80	42.67420783195464
Litho_FE_35	WE_FE_108	77.01866088679932
Litho_FE_35	Implant_128	85.7959966852815
Litho_FE_35	Implant_132	77.08969348353035
Litho_FE_35	WE_FE_41	70.43557602506054
Litho_FE_35	WE_BE_17	83.46515246691357
Litho_FE_35	WE_BE_7	70.19737717080278
Litho_FE_35	WE_BE_82	68.35504182018015
Litho_FE_35	TF_BE_24	50.7448050298875
Litho_FE_35	DE_FE_70	81.95888075769153
Litho_FE_35	Diffusion_FE_100	107.26641543381402
Litho_FE_35	COMPLETE	106.70411645961548
Litho_FE_35	LithoTrack_BE_117	39.07378267480802
Litho_FE_35	WE_BE_81	64.64256961603733
Litho_FE_35	LithoTrack_FE_115	41.7828786474343
Litho_FE_35	DefMet_FE_43	103.40997402735445
Litho_FE_35	Diffusion_FE_44	123.49362863414328
Litho_FE_35	LithoTrack_FE_95	48.182438508372
Litho_FE_35	DE_BE_48	62.872225717411126
Litho_FE_35	Diffusion_BE_123	103.93771174868475
Litho_FE_35	Implant_74	80.79802681638748
Litho_FE_35	Planar_FE_79	60.4254176751493
Litho_FE_35	DE_FE_59	71.70893253343137
Litho_FE_35	Diffusion_FE_94	118.19003967565831
Litho_FE_35	WE_FE_84	78.76397232307585
Litho_FE_35	TF_FE_131	72.61380099771
Litho_FE_35	Dielectric_BE_20	95.45952028287944
Litho_FE_35	DE_BE_66	68.13081452011285
Litho_FE_35	TF_BE_2	47.71992314988751
Litho_FE_35	WE_BE_9	83.43647935751915
Litho_FE_35	TF_FE_3	77.12332683382061
Litho_FE_35	DE_FE_72	79.18608741880666
Litho_FE_35	Dielectric_BE_21	98.22706843078609
Litho_FE_35	Diffusion_FE_125	104.28296408628607
Litho_FE_35	TF_Met_FE_45	57.79861736016436
Litho_FE_35	WE_FE_8	75.78992970238748
Litho_FE_35	Dielectric_FE_29	115.3991811029799
Litho_FE_35	Litho_FE_98	31.23093894981931
Litho_FE_35	DE_BE_65	63.306941349131684
Litho_FE_35	DefMet_FE_106	112.89997172524504
Litho_FE_35	DE_BE_67	73.23688310597325
Litho_FE_35	Planar_BE_75	55.09313271458104
Litho_FE_35	Dielectric_BE_28	100.94930593303972
Litho_FE_35	Litho_FE_111	29.331599428595688
Litho_FE_35	WE_FE_47	72.70659637038747
Litho_FE_35	Litho_BE_99	29.284017177843726
Litho_FE_35	WE_FE_85	77.77314484817774
Litho_FE_35	DE_FE_62	79.38351171971665
Litho_FE_35	Litho_BE_110	45.84462120551994
Litho_FE_35	Dielectric_FE_112	108.7344660424907
Litho_FE_35	Planar_FE_78	62.23252779291361
Litho_FE_35	Planar_FE_77	53.93203925748361
Litho_FE_35	TF_FE_113	60.35706881038749
Litho_FE_35	DE_FE_58	84.33677611399243
Litho_FE_35	Dielectric_FE_31	99.64141545007637
Litho_FE_35	DE_BE_50	65.39999914377553
Litho_FE_35	Litho_REG_FE_64	44.705892552049164
Litho_FE_35	DefMet_FE_10	111.9218243341121
Litho_FE_35	Litho_REG_BE_63	32.847738633325434
Litho_FE_35	WE_BE_16	74.26284131035493
Litho_FE_35	Litho_BE_93	42.36179192216246
Litho_FE_35	LithoTrack_FE_96	46.48265935416438
Litho_FE_35	DE_FE_53	69.78727723986687
Litho_FE_35	DefMet_BE_33	99.2334364338532
Litho_FE_35	DE_FE_54	84.20881356961034
Litho_FE_35	DE_BE_11	44.48739603087383
Litho_FE_35	DE_FE_51	72.73688652848112
Litho_FE_35	DE_FE_71	85.37338161066826
Litho_FE_35	WE_BE_14	63.13195069416437
Litho_FE_35	Planar_FE_76	47.87154824216438
Litho_FE_35	TF_BE_26	64.12708700424574
Litho_FE_35	COMMIT	106.70411645961548
Litho_FE_35	EPI_36	91.01412565355895
Litho_FE_35	EPI_38	89.54690466405002
Litho_FE_35	Diffusion_FE_122	107.51990300198621
Litho_FE_35	Implant_119	92.4813466430679
Litho_FE_35	DE_BE_69	73.86442062034997
Litho_FE_35	TF_FE_5	68.56138425884576
Litho_FE_35	WE_FE_83	88.99220637676645
Litho_FE_35	LithoMet_FE_19	47.45579345598327
Litho_FE_35	Dielectric_BE_60	98.9379622125718
Litho_FE_35	Implant_91	95.4408342483571
Litho_FE_35	Implant_90	93.8217866286428
DE_BE_48	Diffusion_FE_101	93.20205235385212
DE_BE_48	TF_FE_104	81.91583465772742
DE_BE_48	Implant_88	87.92574332942107
DE_BE_48	DefMet_BE_42	81.2986050217285
DE_BE_48	DE_FE_86	64.3892595483257
DE_BE_48	TF_FE_103	74.2085095478575
DE_BE_48	TF_BE_40	85.90066775669166
DE_BE_48	LithoMet_BE_18	63.10053394089633
DE_BE_48	Dielectric_BE_27	84.48217805820903
DE_BE_48	Dielectric_FE_130	92.13281087465526
DE_BE_48	STOCKER	54.9717464295043
DE_BE_48	DE_BE_12	34.089814660830235
DE_BE_48	Dielectric_FE_30	75.82809657012031
DE_BE_48	Diffusion_FE_127	81.05145620690597
DE_BE_48	DE_FE_56	59.06466551637662
DE_BE_48	TF_Met_FE_61	94.80096669205717
DE_BE_48	DefMet_FE_118	87.31638051886496
DE_BE_48	TF_BE_23	73.07189797276912
DE_BE_48	Diffusion_FE_126	78.08270621190597
DE_BE_48	DE_FE_1	37.47181377636926
DE_BE_48	Litho_FE_92	53.34530472635727
DE_BE_48	DefMet_FE_34	87.31638051886496
DE_BE_48	DE_BE_13	29.794530590609693
DE_BE_48	Diffusion_FE_120	90.58866653962211
DE_BE_48	Planar_FE_80	76.81432335180091
DE_BE_48	WE_FE_108	93.33350558039447
DE_BE_48	Implant_128	96.54143483691308
DE_BE_48	Implant_132	105.33495462257322
DE_BE_48	WE_FE_41	100.7112976124854
DE_BE_48	WE_BE_17	80.4041720508812
DE_BE_48	WE_BE_7	82.9041720508812
DE_BE_48	WE_BE_82	97.06337301352194
DE_BE_48	TF_BE_24	84.30052953486224
DE_BE_48	DE_FE_70	53.29195621131154
DE_BE_48	Diffusion_FE_100	78.59949090369624
DE_BE_48	COMPLETE	106.78701368121713
DE_BE_48	LithoTrack_BE_117	56.18419808782647
DE_BE_48	WE_BE_81	91.63824492764913
DE_BE_48	LithoTrack_FE_115	66.3989032881543
DE_BE_48	DefMet_FE_43	74.74304948639515
DE_BE_48	Diffusion_FE_44	95.5038002542964
DE_BE_48	LithoTrack_FE_95	67.04332219579383
DE_BE_48	Litho_FE_35	38.5222559270829
DE_BE_48	Diffusion_BE_123	75.27078720591842
DE_BE_48	Implant_74	94.75012323654873
DE_BE_48	Planar_FE_79	63.67154736249688
DE_BE_48	DE_FE_59	43.04200799429696
DE_BE_48	Diffusion_FE_94	93.59268778268161
DE_BE_48	WE_FE_84	106.7129908077652
DE_BE_48	TF_FE_131	83.41203295400076
DE_BE_48	Dielectric_BE_20	66.79259573920974
DE_BE_48	DE_BE_66	39.0351104015144
DE_BE_48	TF_BE_2	82.44449469875882
DE_BE_48	WE_BE_9	86.51221605812444
DE_BE_48	TF_FE_3	87.75381276606554
DE_BE_48	DE_FE_72	50.51916287242669
DE_BE_48	Dielectric_BE_21	69.56014388440599
DE_BE_48	Diffusion_FE_125	75.616039539906
DE_BE_48	TF_Met_FE_45	92.52318891193275
DE_BE_48	WE_FE_8	106.08420913092762
DE_BE_48	Dielectric_FE_29	86.73225655659982
DE_BE_48	Litho_FE_98	62.28739334133031
DE_BE_48	DE_BE_65	29.56319247494029
DE_BE_48	DefMet_FE_106	84.23304717886492
DE_BE_48	DE_BE_67	44.56995857770723
DE_BE_48	Planar_BE_75	78.56283697077818
DE_BE_48	Dielectric_BE_28	72.28238139072519
DE_BE_48	Litho_FE_111	53.730540873962845
DE_BE_48	WE_FE_47	104.30545382915379
DE_BE_48	Litho_BE_99	42.38047115731448
DE_BE_48	WE_FE_85	102.01766049611909
DE_BE_48	DE_FE_62	50.716587173336656
DE_BE_48	Litho_BE_110	60.61375405347351
DE_BE_48	Dielectric_FE_112	80.06754149906737
DE_BE_48	Planar_FE_78	59.17154737804003
DE_BE_48	Planar_FE_77	64.53759393313614
DE_BE_48	TF_FE_113	92.07857160124989
DE_BE_48	DE_FE_58	55.66985157365042
DE_BE_48	Dielectric_FE_31	70.9744909036962
DE_BE_48	DE_BE_50	27.034674835645404
DE_BE_48	Litho_REG_FE_64	53.0712643239161
DE_BE_48	DefMet_FE_10	83.25489979315279
DE_BE_48	Litho_REG_BE_63	67.57237551400678
DE_BE_48	WE_BE_16	81.39745697887061
DE_BE_48	Litho_BE_93	56.23756430301624
DE_BE_48	LithoTrack_FE_96	70.32030717245534
DE_BE_48	DE_FE_53	41.12035271160086
DE_BE_48	DefMet_BE_33	70.56651188747311
DE_BE_48	DE_FE_54	55.54188903228734
DE_BE_48	DE_BE_11	50.01067551637206
DE_BE_48	DE_FE_51	44.069962000215114
DE_BE_48	DE_FE_71	56.70645706428829
DE_BE_48	WE_BE_14	93.50175275891515
DE_BE_48	Planar_FE_76	71.70919606045535
DE_BE_48	TF_BE_26	80.2155409971807
DE_BE_48	COMMIT	106.78701368121713
DE_BE_48	EPI_36	88.57723401630255
DE_BE_48	EPI_38	87.32723401630257
DE_BE_48	Diffusion_FE_122	78.85297846373726
DE_BE_48	Implant_119	89.82723401630254
DE_BE_48	DE_BE_69	45.19749609208395
DE_BE_48	TF_FE_5	102.11697816055188
DE_BE_48	WE_FE_83	92.5326715443421
DE_BE_48	LithoMet_FE_19	50.08398421140489
DE_BE_48	Dielectric_BE_60	70.27103766619169
DE_BE_48	Implant_91	85.1192205662934
DE_BE_48	Implant_90	81.30969675629342
Diffusion_BE_123	Diffusion_FE_101	20.74909545748188
Diffusion_BE_123	TF_FE_104	79.01995826464346
Diffusion_BE_123	Implant_88	53.29177313840766
Diffusion_BE_123	DefMet_BE_42	24.33393951627347
Diffusion_BE_123	DE_FE_86	46.94964271680548
Diffusion_BE_123	TF_FE_103	71.57986002428626
Diffusion_BE_123	TF_BE_40	81.35463279260702
Diffusion_BE_123	LithoMet_BE_18	112.00755437391418
Diffusion_BE_123	Dielectric_BE_27	27.52214299994424
Diffusion_BE_123	Dielectric_FE_130	21.465198276355842
Diffusion_BE_123	STOCKER	68.45977010050143
Diffusion_BE_123	DE_BE_12	73.29976050888939
Diffusion_BE_123	Dielectric_FE_30	31.30821195764719
Diffusion_BE_123	Diffusion_FE_127	44.8623375687273
Diffusion_BE_123	DE_FE_56	56.113432092496616
Diffusion_BE_123	TF_Met_FE_61	84.9536341484244
Diffusion_BE_123	DefMet_FE_118	29.917272856273467
Diffusion_BE_123	TF_BE_23	83.02255999018998
Diffusion_BE_123	Diffusion_FE_126	41.8935875737273
Diffusion_BE_123	DE_FE_1	71.89615754058421
Diffusion_BE_123	Litho_FE_92	110.17817618379382
Diffusion_BE_123	DefMet_FE_34	29.917272856273467
Diffusion_BE_123	DE_BE_13	84.29085485064154
Diffusion_BE_123	Diffusion_FE_120	25.687119592158005
Diffusion_BE_123	Planar_FE_80	97.58298656823848
Diffusion_BE_123	WE_FE_108	66.16174998674245
Diffusion_BE_123	Implant_128	61.907464634733095
Diffusion_BE_123	Implant_132	70.70098442079951
Diffusion_BE_123	WE_FE_41	74.39971023507071
Diffusion_BE_123	WE_BE_17	65.67598786527235
Diffusion_BE_123	WE_BE_7	68.1759878634654
Diffusion_BE_123	WE_BE_82	75.07546790759896
Diffusion_BE_123	TF_BE_24	93.77127717068358
Diffusion_BE_123	DE_FE_70	57.38392080237998
Diffusion_BE_123	Diffusion_FE_100	7.931878305396826
Diffusion_BE_123	COMPLETE	108.72241794354825
Diffusion_BE_123	LithoTrack_BE_117	101.63285744337242
Diffusion_BE_123	WE_BE_81	76.37562861508566
Diffusion_BE_123	LithoTrack_FE_115	101.6367069374955
Diffusion_BE_123	DefMet_FE_43	33.111717300940136
Diffusion_BE_123	Diffusion_FE_44	58.637585456554056
Diffusion_BE_123	LithoTrack_FE_95	94.98857389590903
Diffusion_BE_123	Litho_FE_35	96.39117896849002
Diffusion_BE_123	DE_BE_48	77.89700382102068
Diffusion_BE_123	Implant_74	60.11615304553532
Diffusion_BE_123	Planar_FE_79	85.24188766047924
Diffusion_BE_123	DE_FE_59	69.28598073397558
Diffusion_BE_123	Diffusion_FE_94	57.22446710756223
Diffusion_BE_123	WE_FE_84	69.31378763290093
Diffusion_BE_123	TF_FE_131	68.68384876710124
Diffusion_BE_123	Dielectric_BE_20	42.3905032810357
Diffusion_BE_123	DE_BE_66	70.89902862142296
Diffusion_BE_123	TF_BE_2	96.79615898247384
Diffusion_BE_123	WE_BE_9	59.68449700609794
Diffusion_BE_123	TF_FE_3	69.32586974888619
Diffusion_BE_123	DE_FE_72	59.98536470179185
Diffusion_BE_123	Dielectric_BE_21	42.864760415190894
Diffusion_BE_123	Diffusion_FE_125	39.4269209017273
Diffusion_BE_123	TF_Met_FE_45	82.45863535656757
Diffusion_BE_123	WE_FE_8	71.45023892484983
Diffusion_BE_123	Dielectric_FE_29	23.94853161235584
Diffusion_BE_123	Litho_FE_98	108.0567235589255
Diffusion_BE_123	DE_BE_65	78.34568609534477
Diffusion_BE_123	DefMet_FE_106	26.83393951627347
Diffusion_BE_123	DE_BE_67	66.43456899475754
Diffusion_BE_123	Planar_BE_75	87.93333077005782
Diffusion_BE_123	Dielectric_BE_28	34.22400790123873
Diffusion_BE_123	Litho_FE_111	111.59946391634503
Diffusion_BE_123	WE_FE_47	72.79398408469655
Diffusion_BE_123	Litho_BE_99	100.24939419864434
Diffusion_BE_123	WE_FE_85	67.38369029409708
Diffusion_BE_123	DE_FE_62	59.31161797800043
Diffusion_BE_123	Litho_BE_110	116.78778204604592
Diffusion_BE_123	Dielectric_FE_112	28.202708007512523
Diffusion_BE_123	Planar_FE_78	80.74188765618538
Diffusion_BE_123	Planar_FE_77	86.10793423653928
Diffusion_BE_123	TF_FE_113	83.40015474395437
Diffusion_BE_123	DE_FE_58	57.97454320582994
Diffusion_BE_123	Dielectric_FE_31	34.44682520223646
Diffusion_BE_123	DE_BE_50	74.13057993605322
Diffusion_BE_123	Litho_REG_FE_64	97.8539921791991
Diffusion_BE_123	DefMet_FE_10	26.000606182940142
Diffusion_BE_123	Litho_REG_BE_63	106.28429245056729
Diffusion_BE_123	WE_BE_16	66.66927279326175
Diffusion_BE_123	Litho_BE_93	114.1064873444813
Diffusion_BE_123	LithoTrack_FE_96	91.89064748308618
Diffusion_BE_123	DE_FE_53	70.32367261281036
Diffusion_BE_123	DefMet_BE_33	40.066032650528854
Diffusion_BE_123	DE_FE_54	52.80787653249662
Diffusion_BE_123	DE_BE_11	91.30391520589129
Diffusion_BE_123	DE_FE_51	67.58362149454086
Diffusion_BE_123	DE_FE_71	55.39301859895421
Diffusion_BE_123	WE_BE_14	81.70207955941895
Diffusion_BE_123	Planar_FE_76	93.27953636144927
Diffusion_BE_123	TF_BE_26	79.20014442518747
Diffusion_BE_123	COMMIT	108.72241794354825
Diffusion_BE_123	EPI_36	53.943263810224806
Diffusion_BE_123	EPI_38	52.6932638102248
Diffusion_BE_123	Diffusion_FE_122	33.01700187796974
Diffusion_BE_123	Implant_119	55.193263810224806
Diffusion_BE_123	DE_BE_69	64.85764036522217
Diffusion_BE_123	TF_FE_5	72.58975863902415
Diffusion_BE_123	WE_FE_83	57.89870133787809
Diffusion_BE_123	LithoMet_FE_19	95.85331442669118
Diffusion_BE_123	Dielectric_BE_60	41.83538666527994
Diffusion_BE_123	Implant_91	50.48525037528
Diffusion_BE_123	Implant_90	46.67572656528
Implant_74	Diffusion_FE_101	51.128132305066984
Implant_74	TF_FE_104	45.38512973662785
Implant_74	Implant_88	9.162513660811442
Implant_74	DefMet_BE_42	57.3311863535408
Implant_74	DE_FE_86	65.46492367106613
Implant_74	TF_FE_103	37.94504119622534
Implant_74	TF_BE_40	47.71981396512691
Implant_74	LithoMet_BE_18	78.37273554643403
Implant_74	Dielectric_BE_27	59.26177394792133
Implant_74	Dielectric_FE_130	55.63142266575056
Implant_74	STOCKER	50.01146809202645
Implant_74	DE_BE_12	102.28883534820426
Implant_74	Dielectric_FE_30	44.20755973909927
Implant_74	Diffusion_FE_127	37.33132652567755
Implant_74	DE_FE_56	87.94170130376547
Implant_74	TF_Met_FE_61	51.31875712289406
Implant_74	DefMet_FE_118	62.9145196935408
Implant_74	TF_BE_23	49.387741162102486
Implant_74	Diffusion_FE_126	34.36257653067754
Implant_74	DE_FE_1	85.36238351376187
Implant_74	Litho_FE_92	76.5433573560555
Implant_74	DefMet_FE_34	62.9145196935408
Implant_74	DE_BE_13	91.14363493346522
Implant_74	Diffusion_FE_120	52.08680513101831
Implant_74	Planar_FE_80	63.94816773972579
Implant_74	WE_FE_108	32.52681516694671
Implant_74	Implant_128	23.546734009208578
Implant_74	Implant_132	30.330153555207666
Implant_74	WE_FE_41	39.98142889282433
Implant_74	WE_BE_17	32.04111083793509
Implant_74	WE_BE_7	34.54111083793509
Implant_74	WE_BE_82	41.44055620478663
Implant_74	TF_BE_24	60.13645834217094
Implant_74	DE_FE_70	82.30506454885325
Implant_74	Diffusion_FE_100	61.77798950123024
Implant_74	COMPLETE	104.4659040133046
Implant_74	LithoTrack_BE_117	67.9980386155825
Implant_74	WE_BE_81	42.74073232359558
Implant_74	LithoTrack_FE_115	68.00188810906141
Implant_74	DefMet_FE_43	55.22190982078735
Implant_74	Diffusion_FE_44	51.106574413504305
Implant_74	LithoTrack_FE_95	61.353755069126414
Implant_74	Litho_FE_35	62.75636014178423
Implant_74	DE_BE_48	97.53610042864419
Implant_74	Diffusion_BE_123	46.93892492090057
Implant_74	Planar_FE_79	51.60706884461509
Implant_74	DE_FE_59	76.75888089449725
Implant_74	Diffusion_FE_94	47.451420940524656
Implant_74	WE_FE_84	30.6141222471661
Implant_74	TF_FE_131	35.04897173408507
Implant_74	Dielectric_BE_20	47.27145611519696
Implant_74	DE_BE_66	90.72194386747887
Implant_74	TF_BE_2	63.16134015396116
Implant_74	WE_BE_9	26.049562186302204
Implant_74	TF_FE_3	35.69099271793509
Implant_74	DE_FE_72	67.29660577292589
Implant_74	Dielectric_BE_21	55.58871592901431
Implant_74	Diffusion_FE_125	31.895909858677545
Implant_74	TF_Met_FE_45	48.82375833013379
Implant_74	WE_FE_8	33.11522497035036
Implant_74	Dielectric_FE_29	52.67129403257135
Implant_74	Litho_FE_98	74.4219047313162
Implant_74	DE_BE_65	91.57198025572674
Implant_74	DefMet_FE_106	59.8311863535408
Implant_74	DE_BE_67	96.24652402656545
Implant_74	Planar_BE_75	54.29851194173536
Implant_74	Dielectric_BE_28	46.71154316735799
Implant_74	Litho_FE_111	77.96464508865365
Implant_74	WE_FE_47	36.33900178407859
Implant_74	Litho_BE_99	66.61457537193856
Implant_74	WE_FE_85	28.464187515218022
Implant_74	DE_FE_62	78.00804784278937
Implant_74	Litho_BE_110	83.15296321767774
Implant_74	Dielectric_FE_112	46.751139068752586
Implant_74	Planar_FE_78	47.10706884393509
Implant_74	Planar_FE_77	52.47311541525431
Implant_74	TF_FE_113	49.76530681693288
Implant_74	DE_FE_58	88.58008495775266
Implant_74	Dielectric_FE_31	39.353954080806375
Implant_74	DE_BE_50	101.13117921326045
Implant_74	Litho_REG_FE_64	64.21917335068639
Implant_74	DefMet_FE_10	58.99785302020748
Implant_74	Litho_REG_BE_63	72.64947362223526
Implant_74	WE_BE_16	33.0343957659245
Implant_74	Litho_BE_93	80.4716685177755
Implant_74	LithoTrack_FE_96	58.25582865457354
Implant_74	DE_FE_53	91.96300490550728
Implant_74	DefMet_BE_33	51.04537222186531
Implant_74	DE_FE_54	85.22060186159234
Implant_74	DE_BE_11	81.42829502420953
Implant_74	DE_FE_51	83.51945255213853
Implant_74	DE_FE_71	71.92566578648291
Implant_74	WE_BE_14	48.06720253316585
Implant_74	Planar_FE_76	59.64471754257354
Implant_74	TF_BE_26	45.56532559667487
Implant_74	COMMIT	104.4659040133046
Implant_74	EPI_36	15.316005443535534
Implant_74	EPI_38	14.358249855725337
Implant_74	Diffusion_FE_122	41.18264521167811
Implant_74	Implant_119	16.27376103134573
Implant_74	DE_BE_69	94.24038935476858
Implant_74	TF_FE_5	38.95488160686843
Implant_74	WE_FE_83	19.56368738337863
Implant_74	LithoMet_FE_19	62.2184956013908
Implant_74	Dielectric_BE_60	38.65050082703947
Implant_74	Implant_91	19.718192439161463
Implant_74	Implant_90	15.908668629161461
Planar_FE_79	Diffusion_FE_101	99.34811261872768
Planar_FE_79	TF_FE_104	37.59869606805717
Planar_FE_79	Implant_88	62.73978208070982
Planar_FE_79	DefMet_BE_42	88.96934437961167
Planar_FE_79	DE_FE_86	72.05999889992222
Planar_FE_79	TF_FE_103	48.861653501008085
Planar_FE_79	TF_BE_40	36.44837640636236
Planar_FE_79	LithoMet_BE_18	68.49693073474855
Planar_FE_79	Dielectric_BE_27	92.15291741132194
Planar_FE_79	Dielectric_FE_130	99.80355023188798
Planar_FE_79	STOCKER	57.834920355078694
Planar_FE_79	DE_BE_12	92.4130305365188
Planar_FE_79	Dielectric_FE_30	83.49883592962976
Planar_FE_79	Diffusion_FE_127	88.72219556641542
Planar_FE_79	DE_FE_56	78.06589647585686
Planar_FE_79	TF_Met_FE_61	35.610437163359045
Planar_FE_79	DefMet_FE_118	94.98711987674812
Planar_FE_79	TF_BE_23	35.18132382162621
Planar_FE_79	Diffusion_FE_126	85.75344556003176
Planar_FE_79	DE_FE_1	75.4865786939648
Planar_FE_79	Litho_FE_92	66.66755254437003
Planar_FE_79	DefMet_FE_34	94.98711987674812
Planar_FE_79	DE_BE_13	81.26783011512157
Planar_FE_79	Diffusion_FE_120	97.42787774421313
Planar_FE_79	Planar_FE_80	17.740658850947444
Planar_FE_79	WE_FE_108	52.55270291199402
Planar_FE_79	Implant_128	61.3300387104762
Planar_FE_79	Implant_132	52.62373550872501
Planar_FE_79	WE_FE_41	45.96961805025525
Planar_FE_79	WE_BE_17	58.99919449210826
Planar_FE_79	WE_BE_7	45.73141919599746
Planar_FE_79	WE_BE_82	43.88908384537483
Planar_FE_79	TF_BE_24	26.278847055082167
Planar_FE_79	DE_FE_70	71.85827957254772
Planar_FE_79	Diffusion_FE_100	86.27023026483191
Planar_FE_79	COMPLETE	108.00368455898214
Planar_FE_79	LithoTrack_BE_117	58.12223380389702
Planar_FE_79	WE_BE_81	40.17661164123201
Planar_FE_79	LithoTrack_FE_115	58.12608329737592
Planar_FE_79	DefMet_FE_43	82.41378884753081
Planar_FE_79	Diffusion_FE_44	102.49744345586844
Planar_FE_79	LithoTrack_FE_95	45.95984629495153
Planar_FE_79	Litho_FE_35	52.88055533009875
Planar_FE_79	DE_BE_48	87.66029559942245
Planar_FE_79	Diffusion_BE_123	82.94152656452442
Planar_FE_79	Implant_74	56.332068841582156
Planar_FE_79	DE_FE_59	66.88307606983327
Planar_FE_79	Diffusion_FE_94	96.94601357687378
Planar_FE_79	WE_FE_84	54.29801434827052
Planar_FE_79	TF_FE_131	48.14784302290465
Planar_FE_79	Dielectric_BE_20	74.46333509763501
Planar_FE_79	DE_BE_66	80.84614400258481
Planar_FE_79	TF_BE_2	23.253965175082165
Planar_FE_79	WE_BE_9	58.97052138271385
Planar_FE_79	TF_FE_3	52.657368859015286
Planar_FE_79	DE_FE_72	58.189902203038834
Planar_FE_79	Dielectric_BE_21	77.23088324350886
Planar_FE_79	Diffusion_FE_125	83.28677889063374
Planar_FE_79	TF_Met_FE_45	33.33265938535904
Planar_FE_79	WE_FE_8	51.32397172758217
Planar_FE_79	Dielectric_FE_29	94.40299591773551
Planar_FE_79	Litho_FE_98	64.54609991963073
Planar_FE_79	DE_BE_65	81.69617543592965
Planar_FE_79	DefMet_FE_106	91.90378653674813
Planar_FE_79	DE_BE_67	86.3707210718098
Planar_FE_79	Planar_BE_75	29.69897143749101
Planar_FE_79	Dielectric_BE_28	79.9531207494215
Planar_FE_79	Litho_FE_111	68.08884027696817
Planar_FE_79	WE_FE_47	48.24063839558217
Planar_FE_79	Litho_BE_99	56.73877056025308
Planar_FE_79	WE_FE_85	53.307186873372416
Planar_FE_79	DE_FE_62	68.44935802423053
Planar_FE_79	Litho_BE_110	73.27715840599228
Planar_FE_79	Dielectric_FE_112	87.73828085547215
Planar_FE_79	Planar_FE_78	36.83138780570456
Planar_FE_79	Planar_FE_77	31.859247144910267
Planar_FE_79	TF_FE_113	35.89111083558217
Planar_FE_79	DE_FE_58	78.70428012984407
Planar_FE_79	Dielectric_FE_31	78.64523026157944
Planar_FE_79	DE_BE_50	91.25537439430471
Planar_FE_79	Litho_REG_FE_64	54.343368539000885
Planar_FE_79	DefMet_FE_10	90.92563915103597
Planar_FE_79	Litho_REG_BE_63	62.7736688105498
Planar_FE_79	WE_BE_16	49.796883335549595
Planar_FE_79	Litho_BE_93	70.59586370609
Planar_FE_79	LithoTrack_FE_96	26.014628100573127
Planar_FE_79	DE_FE_53	82.08720007759865
Planar_FE_79	DefMet_BE_33	78.23725124860877
Planar_FE_79	DE_FE_54	75.34480354510545
Planar_FE_79	DE_BE_11	71.55249021252402
Planar_FE_79	DE_FE_51	73.64365189153982
Planar_FE_79	DE_FE_71	64.86982644897945
Planar_FE_79	WE_BE_14	38.66599271935904
Planar_FE_79	Planar_FE_76	27.403516988573127
Planar_FE_79	TF_BE_26	39.66112902944043
Planar_FE_79	COMMIT	108.00368455898214
Planar_FE_79	EPI_36	66.54816767875363
Planar_FE_79	EPI_38	65.08094668924471
Planar_FE_79	Diffusion_FE_122	86.5237178248729
Planar_FE_79	Implant_119	68.01538866826256
Planar_FE_79	DE_BE_69	84.3645845376754
Planar_FE_79	TF_FE_5	44.09542628404043
Planar_FE_79	WE_FE_83	64.52624840196113
Planar_FE_79	LithoMet_FE_19	52.342690789705316
Planar_FE_79	Dielectric_BE_60	77.94177702407491
Planar_FE_79	Implant_91	70.97487627355177
Planar_FE_79	Implant_90	69.35582865383749
DE_FE_59	Diffusion_FE_101	79.64782560882891
DE_FE_59	TF_FE_104	69.88628701081835
DE_FE_59	Implant_88	75.89619568065798
DE_FE_59	DefMet_BE_42	69.2690573729654
DE_FE_59	DE_FE_86	52.35971189956261
DE_FE_59	TF_FE_103	62.17896189863088
DE_FE_59	TF_BE_40	73.87112665606885
DE_FE_59	LithoMet_BE_18	69.93795142347523
DE_FE_59	Dielectric_BE_27	72.45263040944597
DE_FE_59	Dielectric_FE_130	80.10326322589215
DE_FE_59	STOCKER	51.38322527335562
DE_FE_59	DE_BE_12	46.91653240122592
DE_FE_59	Dielectric_FE_30	63.79854892135721
DE_FE_59	Diffusion_FE_127	69.02190855814288
DE_FE_59	DE_FE_56	28.860284554816324
DE_FE_59	TF_Met_FE_61	82.77141904638418
DE_FE_59	DefMet_FE_118	75.28683287010189
DE_FE_59	TF_BE_23	61.0423538018475
DE_FE_59	Diffusion_FE_126	66.05315856314289
DE_FE_59	DE_FE_1	42.40399954856096
DE_FE_59	Litho_FE_92	68.10857323449065
DE_FE_59	DefMet_FE_34	75.28683287010189
DE_FE_59	DE_BE_13	54.659554885348804
DE_FE_59	Diffusion_FE_120	77.72759073431436
DE_FE_59	Planar_FE_80	64.78478553220103
DE_FE_59	WE_FE_108	81.3039579262112
DE_FE_59	Implant_128	84.51188718686477
DE_FE_59	Implant_132	93.30540697232021
DE_FE_59	WE_FE_41	88.68174995499267
DE_FE_59	WE_BE_17	68.3746244032769
DE_FE_59	WE_BE_7	70.87462439678764
DE_FE_59	WE_BE_82	85.03382536042494
DE_FE_59	TF_BE_24	72.27098188638882
DE_FE_59	DE_FE_70	40.374832629623114
DE_FE_59	Diffusion_FE_100	66.56994325493314
DE_FE_59	COMPLETE	106.59799359856807
DE_FE_59	LithoTrack_BE_117	59.56325449339036
DE_FE_59	WE_BE_81	79.60869727479161
DE_FE_59	LithoTrack_FE_115	59.56710398519353
DE_FE_59	DefMet_FE_43	62.71350183763207
DE_FE_59	Diffusion_FE_44	82.79715644596963
DE_FE_59	LithoTrack_FE_95	56.998939560021036
DE_FE_59	Litho_FE_35	54.32157601568913
DE_FE_59	DE_BE_48	51.682029002354085
DE_FE_59	Diffusion_BE_123	63.241239557155374
DE_FE_59	Implant_74	82.72057558778565
DE_FE_59	Planar_FE_79	51.64199972703676
DE_FE_59	Diffusion_FE_94	81.27295606526921
DE_FE_59	WE_FE_84	94.68344315673599
DE_FE_59	TF_FE_131	71.38248530546944
DE_FE_59	Dielectric_BE_20	54.76304809044667
DE_FE_59	DE_BE_66	44.89419019933723
DE_FE_59	TF_BE_2	70.414966692099
DE_FE_59	WE_BE_9	74.48266840727551
DE_FE_59	TF_FE_3	75.72426511602777
DE_FE_59	DE_FE_72	38.48961522366361
DE_FE_59	Dielectric_BE_21	57.530596235642896
DE_FE_59	Diffusion_FE_125	63.5864918911429
DE_FE_59	TF_Met_FE_45	80.49364126595073
DE_FE_59	WE_FE_8	94.05466148007865
DE_FE_59	Dielectric_FE_29	74.70270890783672
DE_FE_59	Litho_FE_98	65.98712060522112
DE_FE_59	DE_BE_65	48.621556613432865
DE_FE_59	DefMet_FE_106	72.20349953010187
DE_FE_59	DE_BE_67	39.42225038581518
DE_FE_59	Planar_BE_75	66.53329139869228
DE_FE_59	Dielectric_BE_28	60.25283374196213
DE_FE_59	Litho_FE_111	69.52986096632846
DE_FE_59	WE_FE_47	92.27590617635808
DE_FE_59	Litho_BE_99	58.17979124909593
DE_FE_59	WE_FE_85	89.98811284202553
DE_FE_59	DE_FE_62	25.73321767499433
DE_FE_59	Litho_BE_110	74.71817909646133
DE_FE_59	Dielectric_FE_112	68.03799385030428
DE_FE_59	Planar_FE_78	47.14199972927693
DE_FE_59	Planar_FE_77	52.50804630059615
DE_FE_59	TF_FE_113	80.0490239512121
DE_FE_59	DE_FE_58	27.37605182473191
DE_FE_59	Dielectric_FE_31	58.94494325493315
DE_FE_59	DE_BE_50	46.935016179620995
DE_FE_59	Litho_REG_FE_64	55.78438922491653
DE_FE_59	DefMet_FE_10	71.22535214438973
DE_FE_59	Litho_REG_BE_63	64.2146895010189
DE_FE_59	WE_BE_16	69.36790933004957
DE_FE_59	Litho_BE_93	72.0368843965591
DE_FE_59	LithoTrack_FE_96	58.29075953991537
DE_FE_59	DE_FE_53	31.685731164388063
DE_FE_59	DefMet_BE_33	58.53696423871001
DE_FE_59	DE_FE_54	26.199301573993534
DE_FE_59	DE_BE_11	59.393203428898495
DE_FE_59	DE_FE_51	36.83035871953376
DE_FE_59	DE_FE_71	44.640747715269434
DE_FE_59	WE_BE_14	81.47220511404555
DE_FE_59	Planar_FE_76	59.67964842791538
DE_FE_59	TF_BE_26	68.18599334957639
DE_FE_59	COMMIT	106.59799359856807
DE_FE_59	EPI_36	76.54768635653093
DE_FE_59	EPI_38	75.29768635734209
DE_FE_59	Diffusion_FE_122	66.82343081497417
DE_FE_59	Implant_119	77.79768635571976
DE_FE_59	DE_BE_69	38.00436913426215
DE_FE_59	TF_FE_5	90.08743050645832
DE_FE_59	WE_FE_83	80.50312389067344
DE_FE_59	LithoMet_FE_19	53.78371147610881
DE_FE_59	Dielectric_BE_60	58.24149001742861
DE_FE_59	Implant_91	73.08967291753032
DE_FE_59	Implant_90	69.28014910753032
Diffusion_FE_94	Diffusion_FE_101	40.85553644144755
Diffusion_FE_94	TF_FE_104	51.636901497463604
Diffusion_FE_94	Implant_88	27.441490193591807
Diffusion_FE_94	DefMet_BE_42	46.420830572238565
Diffusion_FE_94	DE_FE_86	63.22286505202532
Diffusion_FE_94	TF_FE_103	44.19681295706112
Diffusion_FE_94	TF_BE_40	53.97158572596267
Diffusion_FE_94	LithoMet_BE_18	84.62450730726978
Diffusion_FE_94	Dielectric_BE_27	49.519200308260096
Diffusion_FE_94	Dielectric_FE_130	45.0696944633011
Diffusion_FE_94	STOCKER	55.843437931345115
Diffusion_FE_94	DE_BE_12	94.86398651068757
Diffusion_FE_94	Dielectric_FE_30	50.45933150167322
Diffusion_FE_94	Diffusion_FE_127	27.285222714108354
Diffusion_FE_94	DE_FE_56	78.11682008359922
Diffusion_FE_94	TF_Met_FE_61	57.57052888372984
Diffusion_FE_94	DefMet_FE_118	52.00416391223856
Diffusion_FE_94	TF_BE_23	55.639512922938245
Diffusion_FE_94	Diffusion_FE_126	24.316472719108358
Diffusion_FE_94	DE_FE_1	84.37394821741817
Diffusion_FE_94	Litho_FE_92	82.79512911689127
Diffusion_FE_94	DefMet_FE_34	52.00416391223856
Diffusion_FE_94	DE_BE_13	94.17751829735334
Diffusion_FE_94	Diffusion_FE_120	43.311657718823845
Diffusion_FE_94	Planar_FE_80	70.19993950056157
Diffusion_FE_94	WE_FE_108	38.77858692778247
Diffusion_FE_94	Implant_128	30.379889750712906
Diffusion_FE_94	Implant_132	40.31580738254855
Diffusion_FE_94	WE_FE_41	46.23320065366009
Diffusion_FE_94	WE_BE_17	38.292882598770866
Diffusion_FE_94	WE_BE_7	40.792882598770866
Diffusion_FE_94	WE_BE_82	47.692327965622404
Diffusion_FE_94	TF_BE_24	66.38823010300669
Diffusion_FE_94	DE_FE_70	76.25675523792005
Diffusion_FE_94	Diffusion_FE_100	49.81055509832088
Diffusion_FE_94	COMPLETE	105.79883657413463
Diffusion_FE_94	LithoTrack_BE_117	74.24981037641825
Diffusion_FE_94	WE_BE_81	48.992504084431346
Diffusion_FE_94	LithoTrack_FE_115	74.25365986989715
Diffusion_FE_94	DefMet_FE_43	61.473681581623104
Diffusion_FE_94	Diffusion_FE_44	41.06047060193511
Diffusion_FE_94	LithoTrack_FE_95	67.60552682996217
Diffusion_FE_94	Litho_FE_35	69.00813190262
Diffusion_FE_94	DE_BE_48	96.43269869559533
Diffusion_FE_94	Diffusion_BE_123	49.141984209916934
Diffusion_FE_94	Implant_74	33.58252154480544
Diffusion_FE_94	Planar_FE_79	57.85884060545084
Diffusion_FE_94	DE_FE_59	77.94245919697313
Diffusion_FE_94	WE_FE_84	37.25678659597127
Diffusion_FE_94	TF_FE_131	41.300743494920845
Diffusion_FE_94	Dielectric_BE_20	53.523227876032685
Diffusion_FE_94	DE_BE_66	90.4357836295752
Diffusion_FE_94	TF_BE_2	69.41311191479691
Diffusion_FE_94	WE_BE_9	32.301333947137984
Diffusion_FE_94	TF_FE_3	41.94276447877087
Diffusion_FE_94	DE_FE_72	73.54837752962308
Diffusion_FE_94	Dielectric_BE_21	55.81172008220233
Diffusion_FE_94	Diffusion_FE_125	21.84980604710836
Diffusion_FE_94	TF_Met_FE_45	55.07553009096956
Diffusion_FE_94	WE_FE_8	39.36699673118611
Diffusion_FE_94	Dielectric_FE_29	50.51631581350269
Diffusion_FE_94	Litho_FE_98	80.67367649215198
Diffusion_FE_94	DE_BE_65	90.09169030521697
Diffusion_FE_94	DefMet_FE_106	48.920830572238565
Diffusion_FE_94	DE_BE_67	87.41486773569034
Diffusion_FE_94	Planar_BE_75	60.550283702571114
Diffusion_FE_94	Dielectric_BE_28	46.62813368491264
Diffusion_FE_94	Litho_FE_111	84.21641684948939
Diffusion_FE_94	WE_FE_47	42.59077354491435
Diffusion_FE_94	Litho_BE_99	72.86634713277432
Diffusion_FE_94	WE_FE_85	34.494158616529326
Diffusion_FE_94	DE_FE_62	78.53912910734232
Diffusion_FE_94	Litho_BE_110	89.40473497851353
Diffusion_FE_94	Dielectric_FE_112	46.883268740355774
Diffusion_FE_94	Planar_FE_78	53.358840604770826
Diffusion_FE_94	Planar_FE_77	58.72488717609007
Diffusion_FE_94	TF_FE_113	56.01707857776866
Diffusion_FE_94	DE_FE_58	79.89059352126498
Diffusion_FE_94	Dielectric_FE_31	45.605725848594915
Diffusion_FE_94	DE_BE_50	93.80487745290057
Diffusion_FE_94	Litho_REG_FE_64	70.47094511152213
Diffusion_FE_94	DefMet_FE_10	48.08749723890524
Diffusion_FE_94	Litho_REG_BE_63	78.90124538307106
Diffusion_FE_94	WE_BE_16	39.28616752676027
Diffusion_FE_94	Litho_BE_93	86.72344027861126
Diffusion_FE_94	LithoTrack_FE_96	64.50760041540929
Diffusion_FE_94	DE_FE_53	87.49700801156918
Diffusion_FE_94	DefMet_BE_33	57.29714398270107
Diffusion_FE_94	DE_FE_54	74.85301138915828
Diffusion_FE_94	DE_BE_11	87.68006678504533
Diffusion_FE_94	DE_FE_51	84.27936143750956
Diffusion_FE_94	DE_FE_71	70.16477931640559
Diffusion_FE_94	WE_BE_14	54.31897429400162
Diffusion_FE_94	Planar_FE_76	65.8964893034093
Diffusion_FE_94	TF_BE_26	51.81709735751063
Diffusion_FE_94	COMMIT	105.79883657413463
Diffusion_FE_94	EPI_36	22.01746855696539
Diffusion_FE_94	EPI_38	20.767468556965394
Diffusion_FE_94	Diffusion_FE_122	32.407497799483636
Diffusion_FE_94	Implant_119	23.26746855696539
Diffusion_FE_94	DE_BE_69	86.68634834048747
Diffusion_FE_94	TF_FE_5	45.2066533677042
Diffusion_FE_94	WE_FE_83	25.81545914421439
Diffusion_FE_94	LithoMet_FE_19	68.47026736222654
Diffusion_FE_94	Dielectric_BE_60	44.90227260293957
Diffusion_FE_94	Implant_91	25.236653674081424
Diffusion_FE_94	Implant_90	21.508792176378183
WE_FE_84	Diffusion_FE_101	69.73422107785642
WE_FE_84	TF_FE_104	54.28591217387253
WE_FE_84	Implant_88	39.74896454398285
WE_FE_84	DefMet_BE_42	66.23203407556558
WE_FE_84	DE_FE_86	74.36570611084531
WE_FE_84	TF_FE_103	46.845823633470026
WE_FE_84	TF_BE_40	56.62059640237159
WE_FE_84	LithoMet_BE_18	87.2735179836787
WE_FE_84	Dielectric_BE_27	68.16256509214668
WE_FE_84	Dielectric_FE_130	69.41305649171393
WE_FE_84	STOCKER	59.89845786758437
WE_FE_84	DE_BE_12	111.18961778905408
WE_FE_84	Dielectric_FE_30	53.10834217904781
WE_FE_84	Diffusion_FE_127	59.626038836535244
WE_FE_84	DE_FE_56	96.84248374101016
WE_FE_84	TF_Met_FE_61	60.21953956013875
WE_FE_84	DefMet_FE_118	71.81536741556555
WE_FE_84	TF_BE_23	58.28852359934716
WE_FE_84	Diffusion_FE_126	56.657288841535255
WE_FE_84	DE_FE_1	94.26316595255162
WE_FE_84	Litho_FE_92	85.44413979330022
WE_FE_84	DefMet_FE_34	71.81536741556555
WE_FE_84	DE_BE_13	100.04441737324477
WE_FE_84	Diffusion_FE_120	67.68455250416277
WE_FE_84	Planar_FE_80	72.84895017697046
WE_FE_84	WE_FE_108	40.820933322197476
WE_FE_84	Implant_128	29.20447954090778
WE_FE_84	Implant_132	30.96243378500871
WE_FE_84	WE_FE_41	32.30029076344452
WE_FE_84	WE_BE_17	40.94189327517979
WE_FE_84	WE_BE_7	43.44189327517979
WE_FE_84	WE_BE_82	50.341338642031324
WE_FE_84	TF_BE_24	69.0372407794156
WE_FE_84	DE_FE_70	91.20584698268593
WE_FE_84	Diffusion_FE_100	55.87973651804451
WE_FE_84	COMPLETE	106.91391092007326
WE_FE_84	LithoTrack_BE_117	76.89882105282716
WE_FE_84	WE_BE_81	51.641514760840266
WE_FE_84	LithoTrack_FE_115	76.90267054630607
WE_FE_84	DefMet_FE_43	64.12269226434103
WE_FE_84	Diffusion_FE_44	73.40128672436202
WE_FE_84	LithoTrack_FE_95	70.25453750637107
WE_FE_84	Litho_FE_35	71.65714257902894
WE_FE_84	DE_BE_48	106.43688286724078
WE_FE_84	Diffusion_BE_123	52.55103282297567
WE_FE_84	Implant_74	34.67076711786586
WE_FE_84	Planar_FE_79	60.50785128185975
WE_FE_84	DE_FE_59	85.65966332741577
WE_FE_84	Diffusion_FE_94	67.30425001683076
WE_FE_84	TF_FE_131	43.94975417132977
WE_FE_84	Dielectric_BE_20	56.172238555746326
WE_FE_84	DE_BE_66	99.62272630219137
WE_FE_84	TF_BE_2	72.06212259120583
WE_FE_84	WE_BE_9	34.9503446235469
WE_FE_84	TF_FE_3	44.59177515517978
WE_FE_84	DE_FE_72	76.1973882068873
WE_FE_84	Dielectric_BE_21	64.48949837076543
WE_FE_84	Diffusion_FE_125	54.19062216953525
WE_FE_84	TF_Met_FE_45	57.724540767378485
WE_FE_84	WE_FE_8	30.277783575811085
WE_FE_84	Dielectric_FE_29	64.01250216552732
WE_FE_84	Litho_FE_98	83.3226871685609
WE_FE_84	DE_BE_65	100.4727626920701
WE_FE_84	DefMet_FE_106	68.73203407556555
WE_FE_84	DE_BE_67	105.14730646928221
WE_FE_84	Planar_BE_75	63.19929437898003
WE_FE_84	Dielectric_BE_28	55.61232560325075
WE_FE_84	Litho_FE_111	86.8890467913512
WE_FE_84	WE_FE_47	30.261116910771083
WE_FE_84	Litho_BE_99	75.51535780918326
WE_FE_84	WE_FE_85	16.572534542353168
WE_FE_84	DE_FE_62	86.90883027771645
WE_FE_84	Litho_BE_110	91.70128929206558
WE_FE_84	Dielectric_FE_112	57.34778710511466
WE_FE_84	Planar_FE_78	56.00785128117975
WE_FE_84	Planar_FE_77	61.37389785249897
WE_FE_84	TF_FE_113	58.66608925417755
WE_FE_84	DE_FE_58	97.48086739319479
WE_FE_84	Dielectric_FE_31	48.2547365207549
WE_FE_84	DE_BE_50	110.03196165388498
WE_FE_84	Litho_REG_FE_64	73.11995578793105
WE_FE_84	DefMet_FE_10	67.8987007422322
WE_FE_84	Litho_REG_BE_63	81.55025605947996
WE_FE_84	WE_BE_16	41.93517820316919
WE_FE_84	Litho_BE_93	89.37245095502018
WE_FE_84	LithoTrack_FE_96	67.15661109181822
WE_FE_84	DE_FE_53	100.86378734094939
WE_FE_84	DefMet_BE_33	59.94615466181386
WE_FE_84	DE_FE_54	94.12138429883701
WE_FE_84	DE_BE_11	90.32907746145423
WE_FE_84	DE_FE_51	92.42023498902272
WE_FE_84	DE_FE_71	80.82644822157236
WE_FE_84	WE_BE_14	56.96798497041054
WE_FE_84	Planar_FE_76	68.5454999798182
WE_FE_84	TF_BE_26	54.46610803391955
WE_FE_84	COMMIT	106.91391092007326
WE_FE_84	EPI_36	29.632497856476945
WE_FE_84	EPI_38	28.346294358225453
WE_FE_84	Diffusion_FE_122	56.780392587081224
WE_FE_84	Implant_119	30.91870135472844
WE_FE_84	DE_BE_69	103.14117179381581
WE_FE_84	TF_FE_5	47.85566404411313
WE_FE_84	WE_FE_83	27.342320211763294
WE_FE_84	LithoMet_FE_19	71.11927803863546
WE_FE_84	Dielectric_BE_60	47.55128327291074
WE_FE_84	Implant_91	47.03440458235113
WE_FE_84	Implant_90	45.03549530184117
TF_FE_131	Diffusion_FE_101	75.20088722088133
TF_FE_131	TF_FE_104	30.584436660064142
TF_FE_131	Implant_88	58.54316726640218
TF_FE_131	DefMet_BE_42	64.8221189850178
TF_FE_131	DE_FE_86	57.44842121057269
TF_FE_131	TF_FE_103	28.05511812591512
TF_FE_131	TF_BE_40	38.05931842314208
TF_FE_131	LithoMet_BE_18	69.31779651095184
TF_FE_131	Dielectric_BE_27	68.00569201298
TF_FE_131	Dielectric_FE_130	75.65632483794457
TF_FE_131	STOCKER	50.305786674521755
TF_FE_131	DE_BE_12	93.2338963189023
TF_FE_131	Dielectric_FE_30	59.35161053108642
TF_FE_131	Diffusion_FE_127	64.5749701701953
TF_FE_131	DE_FE_56	78.88676226828332
TF_FE_131	TF_Met_FE_61	27.166575671177764
TF_FE_131	DefMet_FE_118	70.83989448215428
TF_FE_131	TF_BE_23	40.33280212662029
TF_FE_131	Diffusion_FE_126	61.606220175195304
TF_FE_131	DE_FE_1	76.30744448639126
TF_FE_131	Litho_FE_92	67.48841832057333
TF_FE_131	DefMet_FE_34	70.83989448215428
TF_FE_131	DE_BE_13	82.0886959049358
TF_FE_131	Diffusion_FE_120	73.28065234636678
TF_FE_131	Planar_FE_80	54.89322870424361
TF_FE_131	WE_FE_108	48.03292925765747
TF_FE_131	Implant_128	56.75709674724749
TF_FE_131	Implant_132	46.32150080428852
TF_FE_131	WE_FE_41	38.69473414178833
TF_FE_131	WE_BE_17	47.64243177599123
TF_FE_131	WE_BE_7	37.287557703816184
TF_FE_131	WE_BE_82	36.505806904506024
TF_FE_131	TF_BE_24	51.081519306688726
TF_FE_131	DE_FE_70	73.25012551924782
TF_FE_131	Diffusion_FE_100	62.12300486698556
TF_FE_131	COMPLETE	104.7766754969061
TF_FE_131	LithoTrack_BE_117	58.9430995801003
TF_FE_131	WE_BE_81	32.512068538193645
TF_FE_131	LithoTrack_FE_115	58.946949073579205
TF_FE_131	DefMet_FE_43	58.266563449684455
TF_FE_131	Diffusion_FE_44	78.35021805802205
TF_FE_131	LithoTrack_FE_95	52.29881603364421
TF_FE_131	Litho_FE_35	53.70142110630206
TF_FE_131	DE_BE_48	88.48116139862488
TF_FE_131	Diffusion_BE_123	58.79430116920777
TF_FE_131	Implant_74	52.46145714722163
TF_FE_131	Planar_FE_79	42.5521298091329
TF_FE_131	DE_FE_59	67.70394186225967
TF_FE_131	Diffusion_FE_94	74.35145479787732
TF_FE_131	WE_FE_84	47.38171380703457
TF_FE_131	Dielectric_BE_20	50.31610970249905
TF_FE_131	DE_BE_66	81.66700483028609
TF_FE_131	TF_BE_2	54.10640111847898
TF_FE_131	WE_BE_9	50.51240609122554
TF_FE_131	TF_FE_3	11.538811266218785
TF_FE_131	DE_FE_72	58.24166673744367
TF_FE_131	Dielectric_BE_21	53.083657847695285
TF_FE_131	Diffusion_FE_125	59.139553503195295
TF_FE_131	TF_Met_FE_45	25.473286685034935
TF_FE_131	WE_FE_8	44.04908781911524
TF_FE_131	Dielectric_FE_29	70.25577051756594
TF_FE_131	Litho_FE_98	65.36696569583403
TF_FE_131	DE_BE_65	82.5170412246123
TF_FE_131	DefMet_FE_106	67.75656114215425
TF_FE_131	DE_BE_67	87.19158500035363
TF_FE_131	Planar_BE_75	45.24357290625316
TF_FE_131	Dielectric_BE_28	55.80589535401452
TF_FE_131	Litho_FE_111	68.90970605317143
TF_FE_131	WE_FE_47	40.965754487115255
TF_FE_131	Litho_BE_99	57.559636336456364
TF_FE_131	WE_FE_85	50.89729413942465
TF_FE_131	DE_FE_62	68.95310881045249
TF_FE_131	Litho_BE_110	74.09802418219556
TF_FE_131	Dielectric_FE_112	63.591055453486305
TF_FE_131	Planar_FE_78	38.052129808452904
TF_FE_131	Planar_FE_77	43.41817637977211
TF_FE_131	TF_FE_113	25.143073727862184
TF_FE_131	DE_FE_58	79.52514592227048
TF_FE_131	Dielectric_FE_31	54.498004866985546
TF_FE_131	DE_BE_50	92.07624018415169
TF_FE_131	Litho_REG_FE_64	55.16423431520418
TF_FE_131	DefMet_FE_10	66.77841375644212
TF_FE_131	Litho_REG_BE_63	63.5945345867531
TF_FE_131	WE_BE_16	39.64106906943618
TF_FE_131	Litho_BE_93	71.4167294822933
TF_FE_131	LithoTrack_FE_96	49.20088961909134
TF_FE_131	DE_FE_53	82.90806587002511
TF_FE_131	DefMet_BE_33	54.09002585076241
TF_FE_131	DE_FE_54	76.16566282611018
TF_FE_131	DE_BE_11	72.37335598872733
TF_FE_131	DE_FE_51	74.46451351665637
TF_FE_131	DE_FE_71	62.870755116414244
TF_FE_131	WE_BE_14	30.222131227177762
TF_FE_131	Planar_FE_76	50.58977850709135
TF_FE_131	TF_BE_26	36.510386561192675
TF_FE_131	COMMIT	104.7766754969061
TF_FE_131	EPI_36	66.92084510920074
TF_FE_131	EPI_38	65.67084510920073
TF_FE_131	Diffusion_FE_122	62.376492427026584
TF_FE_131	Implant_119	68.17084510920074
TF_FE_131	DE_BE_69	85.18545032469413
TF_FE_131	TF_FE_5	14.802700155152117
TF_FE_131	WE_FE_83	56.20091267235402
TF_FE_131	LithoMet_FE_19	53.163556565908586
TF_FE_131	Dielectric_BE_60	53.794551629481
TF_FE_131	Implant_91	66.09108155885289
TF_FE_131	Implant_90	64.83321071958271
Dielectric_BE_20	Diffusion_FE_101	50.90857202460646
Dielectric_BE_20	TF_FE_104	65.07898236131014
Dielectric_BE_20	Implant_88	47.156942096435536
Dielectric_BE_20	DefMet_BE_42	23.88516126939321
Dielectric_BE_20	DE_FE_86	46.56076447554906
Dielectric_BE_20	TF_FE_103	57.638893829490534
Dielectric_BE_20	TF_BE_40	67.41366659884383
Dielectric_BE_20	LithoMet_BE_18	98.06658817060008
Dielectric_BE_20	Dielectric_BE_27	25.147954005058605
Dielectric_BE_20	Dielectric_FE_130	50.027826657570515
Dielectric_BE_20	STOCKER	62.010365679422335
Dielectric_BE_20	DE_BE_12	72.10992488811269
Dielectric_BE_20	Dielectric_FE_30	34.572221340131364
Dielectric_BE_20	Diffusion_FE_127	40.28265497392042
Dielectric_BE_20	DE_FE_56	54.9235964717199
Dielectric_BE_20	TF_Met_FE_61	71.0126097439625
Dielectric_BE_20	DefMet_FE_118	28.199377493874767
Dielectric_BE_20	TF_BE_23	69.08159379783892
Dielectric_BE_20	Diffusion_FE_126	37.31390497892042
Dielectric_BE_20	DE_FE_1	74.81133807353902
Dielectric_BE_20	Litho_FE_92	96.23720998544879
Dielectric_BE_20	DefMet_FE_34	28.199377493874767
Dielectric_BE_20	DE_BE_13	88.00181468117752
Dielectric_BE_20	Diffusion_FE_120	48.988337150091894
Dielectric_BE_20	Planar_FE_80	83.64202037705657
Dielectric_BE_20	WE_FE_108	52.22066773810111
Dielectric_BE_20	Implant_128	55.772633592760926
Dielectric_BE_20	Implant_132	64.56615337882738
Dielectric_BE_20	WE_FE_41	59.94251806888841
Dielectric_BE_20	WE_BE_17	51.734963459003524
Dielectric_BE_20	WE_BE_7	54.234963459003524
Dielectric_BE_20	WE_BE_82	61.134408795906644
Dielectric_BE_20	TF_BE_24	79.83031097950168
Dielectric_BE_20	DE_FE_70	56.259141100455096
Dielectric_BE_20	Diffusion_FE_100	37.830689670710676
Dielectric_BE_20	COMPLETE	105.06008461442705
Dielectric_BE_20	LithoTrack_BE_117	87.69189124424004
Dielectric_BE_20	WE_BE_81	62.434584928026
Dielectric_BE_20	LithoTrack_FE_115	87.69574074008757
Dielectric_BE_20	DefMet_FE_43	27.634090005394494
Dielectric_BE_20	Diffusion_FE_44	54.05790286174719
Dielectric_BE_20	LithoTrack_FE_95	81.0476077019014
Dielectric_BE_20	Litho_FE_35	82.45021276285273
Dielectric_BE_20	DE_BE_48	76.85166508416886
Dielectric_BE_20	Diffusion_BE_123	34.50198597293289
Dielectric_BE_20	Implant_74	53.98132200356321
Dielectric_BE_20	Planar_FE_79	71.300921468936
Dielectric_BE_20	DE_FE_59	73.72728177560755
Dielectric_BE_20	Diffusion_FE_94	52.533702480814995
Dielectric_BE_20	WE_FE_84	65.94424029226786
Dielectric_BE_20	TF_FE_131	54.74282436212308
Dielectric_BE_20	DE_BE_66	70.19985800843152
Dielectric_BE_20	TF_BE_2	82.85519279129191
Dielectric_BE_20	WE_BE_9	45.7434147574566
Dielectric_BE_20	TF_FE_3	55.38484534306911
Dielectric_BE_20	DE_FE_72	59.02789016481423
Dielectric_BE_20	Dielectric_BE_21	10.443140859415793
Dielectric_BE_20	Diffusion_FE_125	34.84723830692042
Dielectric_BE_20	TF_Met_FE_45	68.51761095120222
Dielectric_BE_20	WE_FE_8	65.3154078828777
Dielectric_BE_20	Dielectric_FE_29	44.808289834561286
Dielectric_BE_20	Litho_FE_98	94.11575735780548
Dielectric_BE_20	DE_BE_65	81.48746725373701
Dielectric_BE_20	DefMet_FE_106	25.116044153874764
Dielectric_BE_20	DE_BE_67	65.26641790385695
Dielectric_BE_20	Planar_BE_75	73.99236457621306
Dielectric_BE_20	Dielectric_BE_28	22.339479261737335
Dielectric_BE_20	Litho_FE_111	97.6584977141573
Dielectric_BE_20	WE_FE_47	63.53665256005675
Dielectric_BE_20	Litho_BE_99	86.30842799300704
Dielectric_BE_20	WE_FE_85	61.24885925212494
Dielectric_BE_20	DE_FE_62	58.200962616714975
Dielectric_BE_20	Litho_BE_110	102.84681585240664
Dielectric_BE_20	Dielectric_FE_112	38.25876772842188
Dielectric_BE_20	Planar_FE_78	66.80092146500355
Dielectric_BE_20	Planar_FE_77	72.1669680512299
Dielectric_BE_20	TF_FE_113	69.45915943935648
Dielectric_BE_20	DE_FE_58	56.784707585053226
Dielectric_BE_20	Dielectric_FE_31	30.205689670710658
Dielectric_BE_20	DE_BE_50	73.00334906130136
Dielectric_BE_20	Litho_REG_FE_64	83.9130259844033
Dielectric_BE_20	DefMet_FE_10	24.705749859047575
Dielectric_BE_20	Litho_REG_BE_63	92.34332625062179
Dielectric_BE_20	WE_BE_16	52.728248386992924
Dielectric_BE_20	Litho_BE_93	100.165521138844
Dielectric_BE_20	LithoTrack_FE_96	77.94968129190427
Dielectric_BE_20	DE_FE_53	69.2350387147002
Dielectric_BE_20	DefMet_BE_33	34.232408745643234
Dielectric_BE_20	DE_FE_54	51.618040911719895
Dielectric_BE_20	DE_BE_11	93.79651802631845
Dielectric_BE_20	DE_FE_51	67.93660680915983
Dielectric_BE_20	DE_FE_71	57.07353060913497
Dielectric_BE_20	WE_BE_14	67.76105515423427
Dielectric_BE_20	Planar_FE_76	79.33857017809734
Dielectric_BE_20	TF_BE_26	65.25917823075318
Dielectric_BE_20	COMMIT	105.06008461442705
Dielectric_BE_20	EPI_36	47.80843276825266
Dielectric_BE_20	EPI_38	46.55843276825265
Dielectric_BE_20	Diffusion_FE_122	38.08417723075169
Dielectric_BE_20	Implant_119	49.05843276825266
Dielectric_BE_20	DE_BE_69	63.667804744445434
Dielectric_BE_20	TF_FE_5	58.64873423335765
Dielectric_BE_20	WE_FE_83	51.763870295905946
Dielectric_BE_20	LithoMet_FE_19	81.91234822622364
Dielectric_BE_20	Dielectric_BE_60	28.528088439199358
Dielectric_BE_20	Implant_91	44.35041933330787
Dielectric_BE_20	Implant_90	40.540895523307874
DE_BE_66	Diffusion_FE_101	87.96890899147837
DE_BE_66	TF_FE_104	78.12101549451187
DE_BE_66	Implant_88	84.13092416684933
DE_BE_66	DefMet_BE_42	77.50378585915675
DE_BE_66	DE_FE_86	60.59444038575395
DE_BE_66	TF_FE_103	70.41369038122994
DE_BE_66	TF_BE_40	82.1058485938256
DE_BE_66	LithoMet_BE_18	61.995163534130164
DE_BE_66	Dielectric_BE_27	80.6873588956373
DE_BE_66	Dielectric_FE_130	88.3379917120835
DE_BE_66	STOCKER	53.957367684951286
DE_BE_66	DE_BE_12	37.41557457180652
DE_BE_66	Dielectric_FE_30	72.03327740754855
DE_BE_66	Diffusion_FE_127	77.25663704433423
DE_BE_66	DE_FE_56	55.26984635380487
DE_BE_66	TF_Met_FE_61	91.00614753193177
DE_BE_66	DefMet_FE_118	83.52156135629322
DE_BE_66	TF_BE_23	69.27707881778633
DE_BE_66	Diffusion_FE_126	74.28788704933424
DE_BE_66	DE_FE_1	31.31135578523286
DE_BE_66	Litho_FE_92	61.21429832292727
DE_BE_66	DefMet_FE_34	83.52156135629322
DE_BE_66	DE_BE_13	47.52926882958478
DE_BE_66	Diffusion_FE_120	85.9623192205057
DE_BE_66	Planar_FE_80	73.01950419347807
DE_BE_66	WE_FE_108	89.53868641672624
DE_BE_66	Implant_128	92.74661567279624
DE_BE_66	Implant_132	101.54013545409711
DE_BE_66	WE_FE_41	96.91647844823983
DE_BE_66	WE_BE_17	76.60935288715065
DE_BE_66	WE_BE_7	79.10935288715066
DE_BE_66	WE_BE_82	93.26855384932787
DE_BE_66	TF_BE_24	80.5057103716145
DE_BE_66	DE_FE_70	49.497137048739795
DE_BE_66	Diffusion_FE_100	74.80467174112448
DE_BE_66	COMPLETE	106.19990048759453
DE_BE_66	LithoTrack_BE_117	52.3893901135115
DE_BE_66	WE_BE_81	87.84342576559241
DE_BE_66	LithoTrack_FE_115	62.60409507061635
DE_BE_66	DefMet_FE_43	70.94823032382345
DE_BE_66	Diffusion_FE_44	90.17019791177735
DE_BE_66	LithoTrack_FE_95	63.2485042237909
DE_BE_66	Litho_FE_35	47.83599276080257
DE_BE_66	DE_BE_48	41.57946861859535
DE_BE_66	Diffusion_BE_123	71.4759680433467
DE_BE_66	Implant_74	90.95530407397699
DE_BE_66	Planar_FE_79	59.876728202397246
DE_BE_66	DE_FE_59	39.24718883172521
DE_BE_66	Diffusion_FE_94	89.13839011414225
DE_BE_66	WE_FE_84	102.91817164615912
DE_BE_66	TF_FE_131	79.61721379071165
DE_BE_66	Dielectric_BE_20	62.997776576638
DE_BE_66	TF_BE_2	78.64967553618705
DE_BE_66	WE_BE_9	82.71739689439387
DE_BE_66	TF_FE_3	83.95899360252814
DE_BE_66	DE_FE_72	46.72434370985495
DE_BE_66	Dielectric_BE_21	65.76532472183423
DE_BE_66	Diffusion_FE_125	71.82122037733423
DE_BE_66	TF_Met_FE_45	88.72836975303046
DE_BE_66	WE_FE_8	102.28938996487945
DE_BE_66	Dielectric_FE_29	82.93743739402805
DE_BE_66	Litho_FE_98	58.492574178758574
DE_BE_66	DE_BE_65	31.615409835006787
DE_BE_66	DefMet_FE_106	80.43822801629321
DE_BE_66	DE_BE_67	36.50856355872101
DE_BE_66	Planar_BE_75	74.76801781302457
DE_BE_66	Dielectric_BE_28	68.48756222815345
DE_BE_66	Litho_FE_111	63.04427770696448
DE_BE_66	WE_FE_47	100.51063466403271
DE_BE_66	Litho_BE_99	51.694207990105056
DE_BE_66	WE_FE_85	98.2228413310366
DE_BE_66	DE_FE_62	46.92176801076489
DE_BE_66	Litho_BE_110	68.23258986981104
DE_BE_66	Dielectric_FE_112	76.2727223364956
DE_BE_66	Planar_FE_78	55.376728209288046
DE_BE_66	Planar_FE_77	60.74277477442702
DE_BE_66	TF_FE_113	88.28375243906441
DE_BE_66	DE_FE_58	51.875032411078685
DE_BE_66	Dielectric_FE_31	67.17967174112447
DE_BE_66	DE_BE_50	37.34558018494521
DE_BE_66	Litho_REG_FE_64	48.430785992827346
DE_BE_66	DefMet_FE_10	79.46008063058103
DE_BE_66	Litho_REG_BE_63	57.72834496637459
DE_BE_66	WE_BE_16	77.60263781514007
DE_BE_66	Litho_BE_93	65.55130113644537
DE_BE_66	LithoTrack_FE_96	66.52548801374624
DE_BE_66	DE_FE_53	37.32553354902909
DE_BE_66	DefMet_BE_33	66.77169272490136
DE_BE_66	DE_FE_54	51.74706986971559
DE_BE_66	DE_BE_11	52.92574029315025
DE_BE_66	DE_FE_51	40.11997037258836
DE_BE_66	DE_FE_71	52.91163790171654
DE_BE_66	WE_BE_14	89.70693359981972
DE_BE_66	Planar_FE_76	67.91437690277628
DE_BE_66	TF_BE_26	76.42072183365616
DE_BE_66	COMMIT	106.19990048759453
DE_BE_66	EPI_36	84.78241485411709
DE_BE_66	EPI_38	83.5324148541171
DE_BE_66	Diffusion_FE_122	75.05815930116547
DE_BE_66	Implant_119	86.03241485411709
DE_BE_66	DE_BE_69	37.17353598557657
DE_BE_66	TF_FE_5	98.3221589981089
DE_BE_66	WE_FE_83	88.7378523802253
DE_BE_66	LithoMet_FE_19	46.28916504883314
DE_BE_66	Dielectric_BE_60	66.47621850361995
DE_BE_66	Implant_91	81.32440140372164
DE_BE_66	Implant_90	77.51487759372165
TF_BE_2	Diffusion_FE_101	98.53863596754573
TF_BE_2	TF_FE_104	44.664635926379106
TF_BE_2	Implant_88	68.40871394214503
TF_BE_2	DefMet_BE_42	88.15986773168218
TF_BE_2	DE_FE_86	69.76066675276545
TF_BE_2	TF_FE_103	54.632920348431874
TF_BE_2	TF_BE_40	42.892342866057845
TF_BE_2	LithoMet_BE_18	57.35713188043404
TF_BE_2	Dielectric_BE_27	91.34344076734962
TF_BE_2	Dielectric_FE_130	98.99407358460896
TF_BE_2	STOCKER	52.4644596510913
TF_BE_2	DE_BE_12	81.27323169301965
TF_BE_2	Dielectric_FE_30	82.68935928007403
TF_BE_2	Diffusion_FE_127	87.91271891685966
TF_BE_2	DE_FE_56	66.92609763776547
TF_BE_2	TF_Met_FE_61	42.67637702168096
TF_BE_2	DefMet_FE_118	94.17764321662187
TF_BE_2	TF_BE_23	18.137727252565973
TF_BE_2	Diffusion_FE_126	84.94396892185969
TF_BE_2	DE_FE_1	64.34677985239705
TF_BE_2	Litho_FE_92	55.527753690055526
TF_BE_2	DefMet_FE_34	94.17764321662187
TF_BE_2	DE_BE_13	70.12803127963255
TF_BE_2	Diffusion_FE_120	96.61840109303117
TF_BE_2	Planar_FE_80	41.5463654903
TF_BE_2	WE_FE_108	59.124495613429744
TF_BE_2	Implant_128	67.8052522415344
TF_BE_2	Implant_132	59.68967536704694
TF_BE_2	WE_FE_41	53.03555790857717
TF_BE_2	WE_BE_17	64.33892000313821
TF_BE_2	WE_BE_7	52.79735905431939
TF_BE_2	WE_BE_82	50.94450903954622
TF_BE_2	TF_BE_24	32.06719881838313
TF_BE_2	DE_FE_70	61.28946088690902
TF_BE_2	Diffusion_FE_100	85.46075361364994
TF_BE_2	COMPLETE	105.96675506098586
TF_BE_2	LithoTrack_BE_117	46.98243494958249
TF_BE_2	WE_BE_81	47.24255149955394
TF_BE_2	LithoTrack_FE_115	46.98628444306139
TF_BE_2	DefMet_FE_43	81.60431219634886
TF_BE_2	Diffusion_FE_44	101.68796680468644
TF_BE_2	LithoTrack_FE_95	40.338151403126396
TF_BE_2	Litho_FE_35	41.74075647578423
TF_BE_2	DE_BE_48	76.52049676959693
TF_BE_2	Diffusion_BE_123	82.13204991587216
TF_BE_2	Implant_74	63.39800869990408
TF_BE_2	Planar_FE_79	30.591465178615067
TF_BE_2	DE_FE_59	55.74327723174186
TF_BE_2	Diffusion_FE_94	96.69906667637068
TF_BE_2	WE_FE_84	61.36395420659244
TF_BE_2	TF_FE_131	55.18373632807181
TF_BE_2	Dielectric_BE_20	73.65385844916342
TF_BE_2	DE_BE_66	69.70634020341018
TF_BE_2	WE_BE_9	66.01543191273473
TF_BE_2	TF_FE_3	59.72330871733721
TF_BE_2	DE_FE_72	46.281002106925826
TF_BE_2	Dielectric_BE_21	76.4214065928351
TF_BE_2	Diffusion_FE_125	82.47730224985969
TF_BE_2	TF_Met_FE_45	40.39859924368096
TF_BE_2	WE_FE_8	58.38991158590409
TF_BE_2	Dielectric_FE_29	93.59351926655351
TF_BE_2	Litho_FE_98	53.406301065316214
TF_BE_2	DE_BE_65	70.55637659783828
TF_BE_2	DefMet_FE_106	91.09430988881864
TF_BE_2	DE_BE_67	75.2309203733122
TF_BE_2	Planar_BE_75	31.35897819130659
TF_BE_2	Dielectric_BE_28	79.14364410067891
TF_BE_2	Litho_FE_111	56.949041422653636
TF_BE_2	WE_FE_47	55.30657825390408
TF_BE_2	Litho_BE_99	45.598971705938546
TF_BE_2	WE_FE_85	60.37312673169434
TF_BE_2	DE_FE_62	56.992444179493205
TF_BE_2	Litho_BE_110	62.13735955167775
TF_BE_2	Dielectric_FE_112	86.92880420865148
TF_BE_2	Planar_FE_78	26.09146517793507
TF_BE_2	Planar_FE_77	31.457511749254294
TF_BE_2	TF_FE_113	42.9570506939041
TF_BE_2	DE_FE_58	67.56448129175264
TF_BE_2	Dielectric_FE_31	77.83575361364997
TF_BE_2	DE_BE_50	80.11557555942782
TF_BE_2	Litho_REG_FE_64	43.20356968468638
TF_BE_2	DefMet_FE_10	90.11616250310651
TF_BE_2	Litho_REG_BE_63	51.63386995623527
TF_BE_2	WE_BE_16	55.81109184957097
TF_BE_2	Litho_BE_93	59.4560648517755
TF_BE_2	LithoTrack_FE_96	37.24022498857353
TF_BE_2	DE_FE_53	70.94740123950727
TF_BE_2	DefMet_BE_33	77.4277745974268
TF_BE_2	DE_FE_54	64.20499819559232
TF_BE_2	DE_BE_11	60.41269135820952
TF_BE_2	DE_FE_51	62.50384888613855
TF_BE_2	DE_FE_71	52.994365537997815
TF_BE_2	WE_BE_14	45.73193257768097
TF_BE_2	Planar_FE_76	38.62911387657352
TF_BE_2	TF_BE_26	45.27570409396312
TF_BE_2	COMMIT	105.96675506098586
TF_BE_2	EPI_36	72.04391538447759
TF_BE_2	EPI_38	70.6309996423459
TF_BE_2	Diffusion_FE_122	85.71424117369098
TF_BE_2	Implant_119	73.45683112660927
TF_BE_2	DE_BE_69	73.22478569958399
TF_BE_2	TF_FE_5	51.16136614236236
TF_BE_2	WE_FE_83	71.59103960779372
TF_BE_2	LithoMet_FE_19	41.20289193539078
TF_BE_2	Dielectric_BE_60	77.13230037207983
TF_BE_2	Implant_91	75.64594528006788
TF_BE_2	Implant_90	73.62775251838596
WE_BE_9	Diffusion_FE_101	74.5495485415524
WE_BE_9	TF_FE_104	48.754583691834654
WE_BE_9	Implant_88	49.584729027740316
WE_BE_9	DefMet_BE_42	65.14691926166238
WE_BE_9	DE_FE_86	68.8343776176998
WE_BE_9	TF_FE_103	41.31449515143214
WE_BE_9	TF_BE_40	51.089267920333704
WE_BE_9	LithoMet_BE_18	81.7421895016408
WE_BE_9	Dielectric_BE_27	67.74481363819605
WE_BE_9	Dielectric_FE_130	75.00499399441154
WE_BE_9	STOCKER	57.56767400759654
WE_BE_9	DE_BE_12	105.65828930773722
WE_BE_9	Dielectric_FE_30	58.700279684997895
WE_BE_9	Diffusion_FE_127	63.923626267002405
WE_BE_9	DE_FE_56	91.31115524599376
WE_BE_9	TF_Met_FE_61	52.997903078298485
WE_BE_9	DefMet_FE_118	71.16469480871288
WE_BE_9	TF_BE_23	52.75719511730928
WE_BE_9	Diffusion_FE_126	60.95487627200242
WE_BE_9	DE_FE_1	88.73183747383563
WE_BE_9	Litho_FE_92	79.91281131126232
WE_BE_9	DefMet_FE_34	71.16469480871288
WE_BE_9	DE_BE_13	94.51308889394454
WE_BE_9	Diffusion_FE_120	72.62931497463005
WE_BE_9	Planar_FE_80	67.31762169493258
WE_BE_9	WE_FE_108	29.9191653013316
WE_BE_9	Implant_128	48.48066541055814
WE_BE_9	Implant_132	35.59956221673843
WE_BE_9	WE_FE_41	28.75061516694349
WE_BE_9	WE_BE_17	34.15469882286007
WE_BE_9	WE_BE_7	36.65469882286006
WE_BE_9	WE_BE_82	23.286482659516736
WE_BE_9	TF_BE_24	63.50591229737772
WE_BE_9	DE_FE_70	85.67451851020166
WE_BE_9	Diffusion_FE_100	61.47167401369508
WE_BE_9	COMPLETE	106.11422729643496
WE_BE_9	LithoTrack_BE_117	71.3674925707893
WE_BE_9	WE_BE_81	28.765818849247417
WE_BE_9	LithoTrack_FE_115	71.37134206426819
WE_BE_9	DefMet_FE_43	58.591363726329035
WE_BE_9	Diffusion_FE_44	77.69887415343527
WE_BE_9	LithoTrack_FE_95	64.7232090243332
WE_BE_9	Litho_FE_35	66.12581409699104
WE_BE_9	DE_BE_48	100.90555438755912
WE_BE_9	Diffusion_BE_123	58.142970326036156
WE_BE_9	Implant_74	39.307895549595564
WE_BE_9	Planar_FE_79	54.97652279982188
WE_BE_9	DE_FE_59	80.12833485197531
WE_BE_9	Diffusion_FE_94	72.70275827648116
WE_BE_9	WE_FE_84	37.27384105628392
WE_BE_9	TF_FE_131	38.41842568929187
WE_BE_9	Dielectric_BE_20	50.64091002073865
WE_BE_9	DE_BE_66	94.09139782013634
WE_BE_9	TF_BE_2	66.53079410916794
WE_BE_9	TF_FE_3	39.0604466731419
WE_BE_9	DE_FE_72	70.66605972813267
WE_BE_9	Dielectric_BE_21	53.408458174253894
WE_BE_9	Diffusion_FE_125	58.48820960000242
WE_BE_9	TF_Met_FE_45	50.720125300298484
WE_BE_9	WE_FE_8	34.29979843559556
WE_BE_9	Dielectric_FE_29	69.60443966985117
WE_BE_9	Litho_FE_98	77.79135868652301
WE_BE_9	DE_BE_65	94.94143421255583
WE_BE_9	DefMet_FE_106	68.08136146871286
WE_BE_9	DE_BE_67	99.61597798895683
WE_BE_9	Planar_BE_75	57.66796589694216
WE_BE_9	Dielectric_BE_28	55.64263008902236
WE_BE_9	Litho_FE_111	81.33409904386045
WE_BE_9	WE_FE_47	31.21646510359556
WE_BE_9	Litho_BE_99	69.98402932714535
WE_BE_9	WE_FE_85	36.283013581385816
WE_BE_9	DE_FE_62	81.37750180147255
WE_BE_9	Litho_BE_110	86.52241717288454
WE_BE_9	Dielectric_FE_112	62.93972460817921
WE_BE_9	Planar_FE_78	50.476522799141875
WE_BE_9	Planar_FE_77	55.842569370461106
WE_BE_9	TF_FE_113	53.13476077213967
WE_BE_9	DE_FE_58	91.94953890430712
WE_BE_9	Dielectric_FE_31	53.846674026705
WE_BE_9	DE_BE_50	104.50063317387502
WE_BE_9	Litho_REG_FE_64	67.58862730589317
WE_BE_9	DefMet_FE_10	67.1032140663627
WE_BE_9	Litho_REG_BE_63	76.01892757744206
WE_BE_9	WE_BE_16	35.461950243419935
WE_BE_9	Litho_BE_93	83.84112247298228
WE_BE_9	LithoTrack_FE_96	61.625282609780335
WE_BE_9	DE_FE_53	95.33245886071408
WE_BE_9	DefMet_BE_33	54.414826127407004
WE_BE_9	DE_FE_54	88.59005581030989
WE_BE_9	DE_BE_11	84.79774897941633
WE_BE_9	DE_FE_51	86.88890650319226
WE_BE_9	DE_FE_71	75.29511971988457
WE_BE_9	WE_BE_14	49.920125300378494
WE_BE_9	Planar_FE_76	63.01417149778033
WE_BE_9	TF_BE_26	48.93477955188166
WE_BE_9	COMMIT	106.11422729643496
WE_BE_9	EPI_36	61.17847115656268
WE_BE_9	EPI_38	59.88502695866089
WE_BE_9	Diffusion_FE_122	61.725155055289854
WE_BE_9	Implant_119	62.47191535446448
WE_BE_9	DE_BE_69	97.60984330673075
WE_BE_9	TF_FE_5	42.32433556207523
WE_BE_9	WE_FE_83	47.50207510997452
WE_BE_9	LithoMet_FE_19	65.58794955659758
WE_BE_9	Dielectric_BE_60	53.14322077293809
WE_BE_9	Implant_91	60.5834805341659
WE_BE_9	Implant_90	60.06989583988506
TF_FE_3	Diffusion_FE_101	86.12138533700039
TF_FE_3	TF_FE_104	38.3949810489309
TF_FE_3	Implant_88	48.577872620809856
TF_FE_3	DefMet_BE_42	75.74261703496047
TF_FE_3	DE_FE_86	72.79116726931373
TF_FE_3	TF_FE_103	43.08803210229103
TF_FE_3	TF_BE_40	53.34950511242302
TF_FE_3	LithoMet_BE_18	85.11914606789297
TF_FE_3	Dielectric_BE_27	78.92619012135506
TF_FE_3	Dielectric_FE_130	86.57682295406363
TF_FE_3	STOCKER	61.868768594875334
TF_FE_3	DE_BE_12	109.03524587507096
TF_FE_3	Dielectric_FE_30	70.2721086413975
TF_FE_3	Diffusion_FE_127	75.49546828631435
TF_FE_3	DE_FE_56	94.68811182522444
TF_FE_3	TF_Met_FE_61	20.279550119744695
TF_FE_3	DefMet_FE_118	81.76039258201095
TF_FE_3	TF_BE_23	56.13415168356144
TF_FE_3	Diffusion_FE_126	72.52671829131435
TF_FE_3	DE_FE_1	92.1087940375384
TF_FE_3	Litho_FE_92	83.28976787751446
TF_FE_3	DefMet_FE_34	81.76039258201095
TF_FE_3	DE_BE_13	97.89004545999391
TF_FE_3	Diffusion_FE_120	84.20115046248583
TF_FE_3	Planar_FE_80	70.69457826118474
TF_FE_3	WE_FE_108	38.39079345209403
TF_FE_3	Implant_128	47.16812925057622
TF_FE_3	Implant_132	38.46182604882505
TF_FE_3	WE_FE_41	31.807708590355265
TF_FE_3	WE_BE_17	43.23386548438312
TF_FE_3	WE_BE_7	30.400532152383114
TF_FE_3	WE_BE_82	29.727174385474825
TF_FE_3	TF_BE_24	66.8828688636299
TF_FE_3	DE_FE_70	89.05147507610617
TF_FE_3	Diffusion_FE_100	73.04350298310462
TF_FE_3	COMPLETE	109.23383749560435
TF_FE_3	LithoTrack_BE_117	74.74444913704146
TF_FE_3	WE_BE_81	25.625042986760565
TF_FE_3	LithoTrack_FE_115	74.74829863052035
TF_FE_3	DefMet_FE_43	69.18706149962712
TF_FE_3	Diffusion_FE_44	89.2707161741411
TF_FE_3	LithoTrack_FE_95	68.10016559058536
TF_FE_3	Litho_FE_35	69.50277066324321
TF_FE_3	DE_BE_48	104.28251094952375
TF_FE_3	Diffusion_BE_123	69.71479928532682
TF_FE_3	Implant_74	42.17015938168219
TF_FE_3	Planar_FE_79	58.35347936607404
TF_FE_3	DE_FE_59	83.50529141595622
TF_FE_3	Diffusion_FE_94	83.65248756813416
TF_FE_3	WE_FE_84	40.13610488837055
TF_FE_3	TF_FE_131	34.879453514445764
TF_FE_3	Dielectric_BE_20	61.23660779403673
TF_FE_3	DE_BE_66	97.46835438971037
TF_FE_3	TF_BE_2	69.90775067542013
TF_FE_3	WE_BE_9	44.808611922813846
TF_FE_3	DE_FE_72	74.04301629438484
TF_FE_3	Dielectric_BE_21	64.004155947552
TF_FE_3	Diffusion_FE_125	70.06005161931435
TF_FE_3	TF_Met_FE_45	18.586261133601866
TF_FE_3	WE_FE_8	37.16206226768218
TF_FE_3	Dielectric_FE_29	81.17626862787702
TF_FE_3	Litho_FE_98	81.16831525277517
TF_FE_3	DE_BE_65	98.31839077936957
TF_FE_3	DefMet_FE_106	78.67705924201096
TF_FE_3	DE_BE_67	102.99293455208021
TF_FE_3	Planar_BE_75	61.04492246319434
TF_FE_3	Dielectric_BE_28	66.72639345387121
TF_FE_3	Litho_FE_111	84.7110556101126
TF_FE_3	WE_FE_47	34.078728935682186
TF_FE_3	Litho_BE_99	73.36098589339753
TF_FE_3	WE_FE_85	39.145277413472435
TF_FE_3	DE_FE_62	84.75445836849724
TF_FE_3	Litho_BE_110	89.89937373913672
TF_FE_3	Dielectric_FE_112	74.51155356517017
TF_FE_3	Planar_FE_78	53.853479365394044
TF_FE_3	Planar_FE_77	59.219525936713275
TF_FE_3	TF_FE_113	26.17554560911065
TF_FE_3	DE_FE_58	95.32649547515585
TF_FE_3	Dielectric_FE_31	65.41850298310462
TF_FE_3	DE_BE_50	107.87758974012714
TF_FE_3	Litho_REG_FE_64	70.96558387214532
TF_FE_3	DefMet_FE_10	77.6989118396608
TF_FE_3	Litho_REG_BE_63	79.39588414369423
TF_FE_3	WE_BE_16	34.303080555393706
TF_FE_3	Litho_BE_93	87.21807903923447
TF_FE_3	LithoTrack_FE_96	65.0022391760325
TF_FE_3	DE_FE_53	98.70941542696625
TF_FE_3	DefMet_BE_33	65.0105239007051
TF_FE_3	DE_FE_54	91.9670123830513
TF_FE_3	DE_BE_11	88.17470554566853
TF_FE_3	DE_FE_51	90.26586307083959
TF_FE_3	DE_FE_71	78.67210467333024
TF_FE_3	WE_BE_14	23.33510567574469
TF_FE_3	Planar_FE_76	66.3911280640325
TF_FE_3	TF_BE_26	52.31173611813382
TF_FE_3	COMMIT	109.23383749560435
TF_FE_3	EPI_36	52.38625821885366
TF_FE_3	EPI_38	50.919037229344724
TF_FE_3	Diffusion_FE_122	73.29699054314563
TF_FE_3	Implant_119	53.8534792083626
TF_FE_3	DE_BE_69	100.98679988028333
TF_FE_3	TF_FE_5	7.915674603719048
TF_FE_3	WE_FE_83	50.36433894206115
TF_FE_3	LithoMet_FE_19	68.96490612284974
TF_FE_3	Dielectric_BE_60	64.71504972933771
TF_FE_3	Implant_91	56.81296681365181
TF_FE_3	Implant_90	55.19391919393753
DE_FE_72	Diffusion_FE_101	70.74533768212738
DE_FE_72	TF_FE_104	60.98379908033142
DE_FE_72	Implant_88	66.99370775395644
DE_FE_72	DefMet_BE_42	60.366569446263874
DE_FE_72	DE_FE_86	39.45486871269131
DE_FE_72	TF_FE_103	53.27647397181345
DE_FE_72	TF_BE_40	64.96867566016952
DE_FE_72	LithoMet_BE_18	80.55886044120682
DE_FE_72	Dielectric_BE_27	63.55014248274443
DE_FE_72	Dielectric_FE_130	71.20077529919058
DE_FE_72	STOCKER	52.96992074559809
DE_FE_72	DE_BE_12	54.81503344548571
DE_FE_72	Dielectric_FE_30	54.89606099465569
DE_FE_72	Diffusion_FE_127	60.11942063144136
DE_FE_72	DE_FE_56	37.62870502909292
DE_FE_72	TF_Met_FE_61	73.8689311138886
DE_FE_72	DefMet_FE_118	66.38434494340034
DE_FE_72	TF_BE_23	52.71409550640297
DE_FE_72	Diffusion_FE_126	57.150670636441355
DE_FE_72	DE_FE_1	55.11822899889933
DE_FE_72	Litho_FE_92	78.72948225360783
DE_FE_72	DefMet_FE_34	66.38434494340034
DE_FE_72	DE_BE_13	67.88209670052171
DE_FE_72	Diffusion_FE_120	68.82510280761282
DE_FE_72	Planar_FE_80	66.65725497406629
DE_FE_72	WE_FE_108	72.40147000096749
DE_FE_72	Implant_128	75.60939925649721
DE_FE_72	Implant_132	84.40291904528759
DE_FE_72	WE_FE_41	79.77926203373748
DE_FE_72	WE_BE_17	59.47213646614619
DE_FE_72	WE_BE_7	61.972136468463795
DE_FE_72	WE_BE_82	76.13133743492854
DE_FE_72	TF_BE_24	63.368493891232546
DE_FE_72	DE_FE_70	38.533118035194434
DE_FE_72	Diffusion_FE_100	57.667455328231604
DE_FE_72	COMPLETE	106.33102172003923
DE_FE_72	LithoTrack_BE_117	70.18416350559271
DE_FE_72	WE_BE_81	70.70620934832179
DE_FE_72	LithoTrack_FE_115	70.18801300178875
DE_FE_72	DefMet_FE_43	53.81101391093053
DE_FE_72	Diffusion_FE_44	73.89466851926811
DE_FE_72	LithoTrack_FE_95	63.53988622905956
DE_FE_72	Litho_FE_35	64.94248503132984
DE_FE_72	DE_BE_48	59.53636967099864
DE_FE_72	Diffusion_BE_123	54.33875163045384
DE_FE_72	Implant_74	73.8180876610841
DE_FE_72	Planar_FE_79	53.79320776423448
DE_FE_72	DE_FE_59	53.102822440359326
DE_FE_72	Diffusion_FE_94	72.37046813874976
DE_FE_72	WE_FE_84	85.78095523159236
DE_FE_72	TF_FE_131	62.47999737059008
DE_FE_72	Dielectric_BE_20	45.8605601637451
DE_FE_72	DE_BE_66	52.63190538065253
DE_FE_72	TF_BE_2	66.39337570302278
DE_FE_72	WE_BE_9	65.58018047848813
DE_FE_72	TF_FE_3	66.82177717785414
DE_FE_72	Dielectric_BE_21	48.62810830894138
DE_FE_72	Diffusion_FE_125	54.68400396444133
DE_FE_72	TF_Met_FE_45	71.5911533358886
DE_FE_72	WE_FE_8	85.15217355430411
DE_FE_72	Dielectric_FE_29	65.8002209811352
DE_FE_72	Litho_FE_98	76.60802962086181
DE_FE_72	DE_BE_65	61.63137620233687
DE_FE_72	DefMet_FE_106	63.30101160340033
DE_FE_72	DE_BE_67	47.968428671247665
DE_FE_72	Planar_BE_75	57.31035872524013
DE_FE_72	Dielectric_BE_28	51.35034581526058
DE_FE_72	Litho_FE_111	80.15076998633043
DE_FE_72	WE_FE_47	83.37341825253037
DE_FE_72	Litho_BE_99	68.80070027348732
DE_FE_72	WE_FE_85	81.08562491949563
DE_FE_72	DE_FE_62	40.71485936128461
DE_FE_72	Litho_BE_110	85.33908811660905
DE_FE_72	Dielectric_FE_112	59.13550592360274
DE_FE_72	Planar_FE_78	49.29320776355447
DE_FE_72	Planar_FE_77	54.659254334873694
DE_FE_72	TF_FE_113	71.14653601883246
DE_FE_72	DE_FE_58	39.48981614242625
DE_FE_72	Dielectric_FE_31	50.0424553282316
DE_FE_72	DE_BE_50	55.69951408352799
DE_FE_72	Litho_REG_FE_64	66.40529824038686
DE_FE_72	DefMet_FE_10	62.32286421768816
DE_FE_72	Litho_REG_BE_63	74.83559851642727
DE_FE_72	WE_BE_16	60.46542139645318
DE_FE_72	Litho_BE_93	82.6577934108059
DE_FE_72	LithoTrack_FE_96	60.44196757419292
DE_FE_72	DE_FE_53	51.92568988312087
DE_FE_72	DefMet_BE_33	49.63447631200848
DE_FE_72	DE_FE_54	34.323149469092925
DE_FE_72	DE_BE_11	73.42271618378646
DE_FE_72	DE_FE_51	49.74655497828238
DE_FE_72	DE_FE_71	31.03722617658262
DE_FE_72	WE_BE_14	72.56971717997408
DE_FE_72	Planar_FE_76	61.830856462192926
DE_FE_72	TF_BE_26	59.28350540517246
DE_FE_72	COMMIT	106.33102172003923
DE_FE_72	EPI_36	67.64519843504395
DE_FE_72	EPI_38	66.39519843620275
DE_FE_72	Diffusion_FE_122	57.92094288827263
DE_FE_72	Implant_119	68.89519843388516
DE_FE_72	DE_BE_69	46.37291330181847
DE_FE_72	TF_FE_5	81.1849425723405
DE_FE_72	WE_FE_83	71.60063596617358
DE_FE_72	LithoMet_FE_19	64.40462049093638
DE_FE_72	Dielectric_BE_60	49.33900209072706
DE_FE_72	Implant_91	64.18718499082878
DE_FE_72	Implant_90	60.37766118082878
Dielectric_BE_21	Diffusion_FE_101	62.43782731666945
Dielectric_BE_21	TF_FE_104	72.33744513754061
Dielectric_BE_21	Implant_88	58.68619738849851
Dielectric_BE_21	DefMet_BE_42	17.84783321464897
Dielectric_BE_21	DE_FE_86	40.333905430040296
Dielectric_BE_21	TF_FE_103	64.89734705007923
Dielectric_BE_21	TF_BE_40	74.67211981900499
Dielectric_BE_21	LithoMet_BE_18	105.32504139934417
Dielectric_BE_21	Dielectric_BE_27	20.06176576796314
Dielectric_BE_21	Dielectric_FE_130	60.90970859902154
Dielectric_BE_21	STOCKER	63.653099055173016
Dielectric_BE_21	DE_BE_12	66.81365420726492
Dielectric_BE_21	Dielectric_FE_30	45.8139934558976
Dielectric_BE_21	Diffusion_FE_127	51.81191026598342
Dielectric_BE_21	DE_FE_56	49.62732579087213
Dielectric_BE_21	TF_Met_FE_61	78.27112026469132
Dielectric_BE_21	DefMet_FE_118	22.26218901874468
Dielectric_BE_21	TF_BE_23	76.34004701622541
Dielectric_BE_21	Diffusion_FE_126	48.84316027098342
Dielectric_BE_21	DE_FE_1	65.47540486320601
Dielectric_BE_21	Litho_FE_92	103.49566320947386
Dielectric_BE_21	DefMet_FE_34	22.26218901874468
Dielectric_BE_21	DE_BE_13	77.88273834926207
Dielectric_BE_21	Diffusion_FE_120	60.51759244215489
Dielectric_BE_21	Planar_FE_80	90.90047359408787
Dielectric_BE_21	WE_FE_108	63.74992302796179
Dielectric_BE_21	Implant_128	67.30188888482392
Dielectric_BE_21	Implant_132	76.0954086708904
Dielectric_BE_21	WE_FE_41	71.47177336365527
Dielectric_BE_21	WE_BE_17	58.99347397973235
Dielectric_BE_21	WE_BE_7	61.49347397973236
Dielectric_BE_21	WE_BE_82	70.9553661733523
Dielectric_BE_21	TF_BE_24	87.088764196533
Dielectric_BE_21	DE_FE_70	50.897814500755494
Dielectric_BE_21	Diffusion_FE_100	49.359944962773675
Dielectric_BE_21	COMPLETE	108.17657691783776
Dielectric_BE_21	LithoTrack_BE_117	94.95034446872496
Dielectric_BE_21	WE_BE_81	71.11667704010084
Dielectric_BE_21	LithoTrack_FE_115	94.95419396267224
Dielectric_BE_21	DefMet_FE_43	25.456633463411347
Dielectric_BE_21	Diffusion_FE_44	65.58715815381018
Dielectric_BE_21	LithoTrack_FE_95	88.30606092206123
Dielectric_BE_21	Litho_FE_35	89.7086659941136
Dielectric_BE_21	DE_BE_48	71.41089751939617
Dielectric_BE_21	Diffusion_BE_123	46.03124126499589
Dielectric_BE_21	Implant_74	65.51057729562618
Dielectric_BE_21	Planar_FE_79	78.5593746859673
Dielectric_BE_21	DE_FE_59	62.889558788283146
Dielectric_BE_21	Diffusion_FE_94	64.06295777287798
Dielectric_BE_21	WE_FE_84	77.47349558628366
Dielectric_BE_21	TF_FE_131	62.00133488285191
Dielectric_BE_21	Dielectric_BE_20	32.50962631522018
Dielectric_BE_21	DE_BE_66	64.41999219438358
Dielectric_BE_21	TF_BE_2	90.11364600832326
Dielectric_BE_21	WE_BE_9	57.27267003965055
Dielectric_BE_21	TF_FE_3	62.643355863797936
Dielectric_BE_21	DE_FE_72	53.49925840016736
Dielectric_BE_21	Diffusion_FE_125	46.376493598983416
Dielectric_BE_21	TF_Met_FE_45	75.77612147193105
Dielectric_BE_21	WE_FE_8	76.84466317494068
Dielectric_BE_21	Dielectric_FE_29	55.72637527502154
Dielectric_BE_21	Litho_FE_98	101.37421058466197
Dielectric_BE_21	DE_BE_65	71.92856734095784
Dielectric_BE_21	DefMet_FE_106	19.178855678744686
Dielectric_BE_21	DE_BE_67	59.948462693133024
Dielectric_BE_21	Planar_BE_75	81.25081779566948
Dielectric_BE_21	Dielectric_BE_28	31.843845997703795
Dielectric_BE_21	Litho_FE_111	104.91695094015144
Dielectric_BE_21	WE_FE_47	75.06590785320128
Dielectric_BE_21	Litho_BE_99	93.56688122426793
Dielectric_BE_21	WE_FE_85	72.77811454418793
Dielectric_BE_21	DE_FE_62	52.825511676375946
Dielectric_BE_21	Litho_BE_110	110.1052690712268
Dielectric_BE_21	Dielectric_FE_112	49.19989175916073
Dielectric_BE_21	Planar_FE_78	74.05937468203483
Dielectric_BE_21	Planar_FE_77	79.42542126250163
Dielectric_BE_21	TF_FE_113	76.71764131399613
Dielectric_BE_21	DE_FE_58	51.48843690420546
Dielectric_BE_21	Dielectric_FE_31	41.73494496277367
Dielectric_BE_21	DE_BE_50	67.64447363442873
Dielectric_BE_21	Litho_REG_FE_64	91.17147920477746
Dielectric_BE_21	DefMet_FE_10	18.735181524046112
Dielectric_BE_21	Litho_REG_BE_63	99.60177947517448
Dielectric_BE_21	WE_BE_16	59.98675890772175
Dielectric_BE_21	Litho_BE_93	107.4239743619737
Dielectric_BE_21	LithoTrack_FE_96	85.2081345089356
Dielectric_BE_21	DE_FE_53	63.83756631118587
Dielectric_BE_21	DefMet_BE_33	32.41094881300006
Dielectric_BE_21	DE_FE_54	46.32177023087212
Dielectric_BE_21	DE_BE_11	84.87723349999102
Dielectric_BE_21	DE_FE_51	61.12127026156053
Dielectric_BE_21	DE_FE_71	48.95262270508324
Dielectric_BE_21	WE_BE_14	75.0195656749631
Dielectric_BE_21	Planar_FE_76	86.59702338744925
Dielectric_BE_21	TF_BE_26	72.51763145063039
Dielectric_BE_21	COMMIT	108.17657691783776
Dielectric_BE_21	EPI_36	59.33768806031565
Dielectric_BE_21	EPI_38	58.08768806031565
Dielectric_BE_21	Diffusion_FE_122	49.61343252281468
Dielectric_BE_21	Implant_119	60.58768806031566
Dielectric_BE_21	DE_BE_69	58.37153406359767
Dielectric_BE_21	TF_FE_5	65.90724475408648
Dielectric_BE_21	WE_FE_83	63.293125587968945
Dielectric_BE_21	LithoMet_FE_19	89.17080145405892
Dielectric_BE_21	Dielectric_BE_60	39.48237737866884
Dielectric_BE_21	Implant_91	55.87967462537085
Dielectric_BE_21	Implant_90	52.070150815370845
Diffusion_FE_125	Diffusion_FE_101	23.563174828675155
Diffusion_FE_125	TF_FE_104	66.77032885091164
Diffusion_FE_125	Implant_88	39.75610365130506
Diffusion_FE_125	DefMet_BE_42	29.76622887714898
Diffusion_FE_125	DE_FE_86	53.04114301425048
Diffusion_FE_125	TF_FE_103	59.330240312406396
Diffusion_FE_125	TF_BE_40	69.10501308026252
Diffusion_FE_125	LithoMet_BE_18	99.75793466273126
Diffusion_FE_125	Dielectric_BE_27	32.95443236081975
Diffusion_FE_125	Dielectric_FE_130	28.066465189358723
Diffusion_FE_125	STOCKER	65.33938783912555
Diffusion_FE_125	DE_BE_12	78.73204986976491
Diffusion_FE_125	Dielectric_FE_30	37.15224861609857
Diffusion_FE_125	Diffusion_FE_127	9.766369049285714
Diffusion_FE_125	DE_FE_56	61.54572145337212
Diffusion_FE_125	TF_Met_FE_61	72.70395623663578
Diffusion_FE_125	DefMet_FE_118	35.34956221714898
Diffusion_FE_125	TF_BE_23	70.77294027794872
Diffusion_FE_125	Diffusion_FE_126	6.797619054285716
Diffusion_FE_125	DE_FE_1	79.00835512584513
Diffusion_FE_125	Litho_FE_92	97.92855647188813
Diffusion_FE_125	DefMet_FE_34	35.34956221714898
Diffusion_FE_125	DE_BE_13	91.76953484645756
Diffusion_FE_125	Diffusion_FE_120	26.35593888696613
Diffusion_FE_125	Planar_FE_80	85.33336685509374
Diffusion_FE_125	WE_FE_108	53.91201428394089
Diffusion_FE_125	Implant_128	45.26802664726441
Diffusion_FE_125	Implant_132	54.7266396834093
Diffusion_FE_125	WE_FE_41	61.36662800981853
Diffusion_FE_125	WE_BE_17	53.42630995492927
Diffusion_FE_125	WE_BE_7	55.92630995492927
Diffusion_FE_125	WE_BE_82	62.825755321780804
Diffusion_FE_125	TF_BE_24	81.52165745591262
Diffusion_FE_125	DE_FE_70	62.81621016325546
Diffusion_FE_125	Diffusion_FE_100	34.21303202483841
Diffusion_FE_125	COMPLETE	104.67072788322871
Diffusion_FE_125	LithoTrack_BE_117	89.38323773257667
Diffusion_FE_125	WE_BE_81	64.1259314395056
Diffusion_FE_125	LithoTrack_FE_115	89.38708722563132
Diffusion_FE_125	DefMet_FE_43	38.54400666181565
Diffusion_FE_125	Diffusion_FE_44	23.541616937112476
Diffusion_FE_125	LithoTrack_FE_95	82.73895418549775
Diffusion_FE_125	Litho_FE_35	84.14155925552599
Diffusion_FE_125	DE_BE_48	83.32929318189616
Diffusion_FE_125	Diffusion_BE_123	42.81025426439398
Diffusion_FE_125	Implant_74	46.58048355843273
Diffusion_FE_125	Planar_FE_79	72.99226795900728
Diffusion_FE_125	DE_FE_59	76.98033000334581
Diffusion_FE_125	Diffusion_FE_94	24.95798575454468
Diffusion_FE_125	WE_FE_84	52.36397279539564
Diffusion_FE_125	TF_FE_131	56.434170850149975
Diffusion_FE_125	Dielectric_BE_20	47.82279264191119
Diffusion_FE_125	DE_BE_66	76.50846914698013
Diffusion_FE_125	TF_BE_2	84.54653927095532
Diffusion_FE_125	WE_BE_9	47.43476130329638
Diffusion_FE_125	TF_FE_3	57.07619183492926
Diffusion_FE_125	DE_FE_72	65.41765406266737
Diffusion_FE_125	Dielectric_BE_21	48.2970497760664
Diffusion_FE_125	TF_Met_FE_45	70.2089574438755
Diffusion_FE_125	WE_FE_8	54.50042408734455
Diffusion_FE_125	Dielectric_FE_29	30.549798525358717
Diffusion_FE_125	Litho_FE_98	95.80710384831042
Diffusion_FE_125	DE_BE_65	85.51800076402081
Diffusion_FE_125	DefMet_FE_106	32.266228877148976
Diffusion_FE_125	DE_BE_67	71.86685835563301
Diffusion_FE_125	Planar_BE_75	75.68371105684653
Diffusion_FE_125	Dielectric_BE_28	43.07197306534232
Diffusion_FE_125	Litho_FE_111	99.34984420564788
Diffusion_FE_125	WE_FE_47	57.724200901072784
Diffusion_FE_125	Litho_BE_99	87.99977448676447
Diffusion_FE_125	WE_FE_85	50.43387545659181
Diffusion_FE_125	DE_FE_62	64.74390733887593
Diffusion_FE_125	Litho_BE_110	104.53816233467198
Diffusion_FE_125	Dielectric_FE_112	35.114093771037055
Diffusion_FE_125	Planar_FE_78	68.49226795767677
Diffusion_FE_125	Planar_FE_77	73.85831453224849
Diffusion_FE_125	TF_FE_113	71.15050593067458
Diffusion_FE_125	DE_FE_58	63.40683256670545
Diffusion_FE_125	Dielectric_FE_31	41.921365372838416
Diffusion_FE_125	DE_BE_50	79.56286929692871
Diffusion_FE_125	Litho_REG_FE_64	85.60437246768056
Diffusion_FE_125	DefMet_FE_10	31.43289554381565
Diffusion_FE_125	Litho_REG_BE_63	94.03467273890425
Diffusion_FE_125	WE_BE_16	54.41959488291868
Diffusion_FE_125	Litho_BE_93	101.8568676331435
Diffusion_FE_125	LithoTrack_FE_96	79.64102776831524
Diffusion_FE_125	DE_FE_53	75.75596197368586
Diffusion_FE_125	DefMet_BE_33	45.49832201140437
Diffusion_FE_125	DE_FE_54	58.240165893372115
Diffusion_FE_125	DE_BE_11	94.49184504891103
Diffusion_FE_125	DE_FE_51	73.61115315256068
Diffusion_FE_125	DE_FE_71	61.98355946884974
Diffusion_FE_125	WE_BE_14	69.45240164820854
Diffusion_FE_125	Planar_FE_76	81.02991665848353
Diffusion_FE_125	TF_BE_26	66.95052471258487
Diffusion_FE_125	COMMIT	104.67072788322871
Diffusion_FE_125	EPI_36	36.993448972719534
Diffusion_FE_125	EPI_38	35.74344897271953
Diffusion_FE_125	Diffusion_FE_122	29.816015218276277
Diffusion_FE_125	Implant_119	38.243448972719534
Diffusion_FE_125	DE_BE_69	70.28992972609767
Diffusion_FE_125	TF_FE_5	60.34008072386259
Diffusion_FE_125	WE_FE_83	40.948886500372815
Diffusion_FE_125	LithoMet_FE_19	83.6036947178429
Diffusion_FE_125	Dielectric_BE_60	54.185916038275735
Diffusion_FE_125	Implant_91	36.94958088817739
Diffusion_FE_125	Implant_90	33.14005707817739
TF_Met_FE_45	Diffusion_FE_101	91.80545241833421
TF_Met_FE_45	TF_FE_104	37.67365413907343
TF_Met_FE_45	Implant_88	55.43091721764827
TF_Met_FE_45	DefMet_BE_42	81.4266841162943
TF_Met_FE_45	DE_FE_86	60.64446421230136
TF_Met_FE_45	TF_FE_103	30.69563175692533
TF_Met_FE_45	TF_BE_40	40.4704045258269
TF_Met_FE_45	LithoMet_BE_18	71.12332610713402
TF_Met_FE_45	Dielectric_BE_27	84.61025720268886
TF_Met_FE_45	Dielectric_FE_130	92.26089003539747
TF_Met_FE_45	STOCKER	52.90981814598723
TF_Met_FE_45	DE_BE_12	95.03942590890425
TF_Met_FE_45	Dielectric_FE_30	75.9561757227313
TF_Met_FE_45	Diffusion_FE_127	81.17953536764816
TF_Met_FE_45	DE_FE_56	80.69229184824235
TF_Met_FE_45	TF_Met_FE_61	6.283730158985715
TF_Met_FE_45	DefMet_FE_118	87.44445966334477
TF_Met_FE_45	TF_BE_23	42.13833172280247
TF_Met_FE_45	Diffusion_FE_126	78.21078537264819
TF_Met_FE_45	DE_FE_1	78.11297407793828
TF_Met_FE_45	Litho_FE_92	69.2939479167555
TF_Met_FE_45	DefMet_FE_34	87.44445966334477
TF_Met_FE_45	DE_BE_13	83.89422549923495
TF_Met_FE_45	Diffusion_FE_120	89.88521754381966
TF_Met_FE_45	Planar_FE_80	56.69875830042579
TF_Met_FE_45	WE_FE_108	45.027264763648716
TF_Met_FE_45	Implant_128	54.02117384741464
TF_Met_FE_45	Implant_132	45.31487064566347
TF_Met_FE_45	WE_FE_41	38.660753187193684
TF_Met_FE_45	WE_BE_17	29.23804552362414
TF_Met_FE_45	WE_BE_7	16.404712191624142
TF_Met_FE_45	WE_BE_82	35.41124146680865
TF_Met_FE_45	TF_BE_24	52.88704890287092
TF_Met_FE_45	DE_FE_70	75.05565511708542
TF_Met_FE_45	Diffusion_FE_100	78.72757006443842
TF_Met_FE_45	COMPLETE	105.6624498136441
TF_Met_FE_45	LithoTrack_BE_117	60.7486291762825
TF_Met_FE_45	WE_BE_81	25.138806892564997
TF_Met_FE_45	LithoTrack_FE_115	60.75247866976139
TF_Met_FE_45	DefMet_FE_43	74.87112858096094
TF_Met_FE_45	Diffusion_FE_44	94.95478325547492
TF_Met_FE_45	LithoTrack_FE_95	54.10434562982642
TF_Met_FE_45	Litho_FE_35	55.50695070248423
TF_Met_FE_45	DE_BE_48	90.2866909899236
TF_Met_FE_45	Diffusion_BE_123	75.39886636666067
TF_Met_FE_45	Implant_74	49.023203978520606
TF_Met_FE_45	Planar_FE_79	44.35765940531509
TF_Met_FE_45	DE_FE_59	69.50947145844188
TF_Met_FE_45	Diffusion_FE_94	89.42005304343262
TF_Met_FE_45	WE_FE_84	46.98914948520897
TF_Met_FE_45	TF_FE_131	26.964578292863347
TF_Met_FE_45	Dielectric_BE_20	66.92067487537055
TF_Met_FE_45	DE_BE_66	83.47253442470253
TF_Met_FE_45	TF_BE_2	55.91193071466117
TF_Met_FE_45	WE_BE_9	50.1451252976385
TF_Met_FE_45	TF_FE_3	27.27260567594469
TF_Met_FE_45	DE_FE_72	60.04719633362587
TF_Met_FE_45	Dielectric_BE_21	69.6882230288858
TF_Met_FE_45	Diffusion_FE_125	75.74411870064817
TF_Met_FE_45	WE_FE_8	44.01510686452061
TF_Met_FE_45	Dielectric_FE_29	86.86033570921083
TF_Met_FE_45	Litho_FE_98	67.17249529201621
TF_Met_FE_45	DE_BE_65	84.3225708182986
TF_Met_FE_45	DefMet_FE_106	84.36112632334476
TF_Met_FE_45	DE_BE_67	88.99711459479762
TF_Met_FE_45	Planar_BE_75	47.04910250243536
TF_Met_FE_45	Dielectric_BE_28	72.41046053520503
TF_Met_FE_45	Litho_FE_111	70.71523564935364
TF_Met_FE_45	WE_FE_47	40.93177353252061
TF_Met_FE_45	Litho_BE_99	59.36516593263855
TF_Met_FE_45	WE_FE_85	45.998322010310865
TF_Met_FE_45	DE_FE_62	70.75863840580696
TF_Met_FE_45	Litho_BE_110	75.90355377837773
TF_Met_FE_45	Dielectric_FE_112	80.195620646504
TF_Met_FE_45	Planar_FE_78	39.857659404635086
TF_Met_FE_45	Planar_FE_77	45.22370597595431
TF_Met_FE_45	TF_FE_113	41.12969890286962
TF_Met_FE_45	DE_FE_58	81.33067550763725
TF_Met_FE_45	Dielectric_FE_31	71.10257006443844
TF_Met_FE_45	DE_BE_50	93.88176977666433
TF_Met_FE_45	Litho_REG_FE_64	56.96976391138636
TF_Met_FE_45	DefMet_FE_10	83.3829789209946
TF_Met_FE_45	Litho_REG_BE_63	65.40006418293527
TF_Met_FE_45	WE_BE_16	20.30726059463473
TF_Met_FE_45	Litho_BE_93	73.22225907847549
TF_Met_FE_45	LithoTrack_FE_96	51.00641921527354
TF_Met_FE_45	DE_FE_53	84.71359546620731
TF_Met_FE_45	DefMet_BE_33	70.6945909820389
TF_Met_FE_45	DE_FE_54	77.97119241418079
TF_Met_FE_45	DE_BE_11	74.17888558490952
TF_Met_FE_45	DE_FE_51	76.27004311283855
TF_Met_FE_45	DE_FE_71	64.67628471274757
TF_Met_FE_45	WE_BE_14	9.339285714985712
TF_Met_FE_45	Planar_FE_76	52.39530810327353
TF_Met_FE_45	TF_BE_26	38.31591615737486
TF_Met_FE_45	COMMIT	105.6624498136441
TF_Met_FE_45	EPI_36	59.239302815692085
TF_Met_FE_45	EPI_38	57.772081826183154
TF_Met_FE_45	Diffusion_FE_122	78.98105762447945
TF_Met_FE_45	Implant_119	60.706523805201016
TF_Met_FE_45	DE_BE_69	86.99097991817244
TF_Met_FE_45	TF_FE_5	30.536494564878026
TF_Met_FE_45	WE_FE_83	57.217383538899576
TF_Met_FE_45	LithoMet_FE_19	54.969086162090775
TF_Met_FE_45	Dielectric_BE_60	70.39911681067152
TF_Met_FE_45	Implant_91	63.66601141049023
TF_Met_FE_45	Implant_90	62.04696379077595
WE_FE_8	Diffusion_FE_101	52.75707267092527
WE_FE_8	TF_FE_104	38.08536595662786
WE_FE_8	Implant_88	49.00544274275435
WE_FE_8	DefMet_BE_42	50.03148787184013
WE_FE_8	DE_FE_86	58.165159902879594
WE_FE_8	TF_FE_103	30.645277416225337
WE_FE_8	TF_BE_40	40.420050185126904
WE_FE_8	LithoMet_BE_18	71.07297176643404
WE_FE_8	Dielectric_BE_27	51.962018888421284
WE_FE_8	Dielectric_FE_130	53.21251028798849
WE_FE_8	STOCKER	44.81802645678489
WE_FE_8	DE_BE_12	94.98907157901971
WE_FE_8	Dielectric_FE_30	36.90779597532238
WE_FE_8	Diffusion_FE_127	42.13115562023925
WE_FE_8	DE_FE_56	80.64193752376549
WE_FE_8	TF_Met_FE_61	44.01899334289407
WE_FE_8	DefMet_FE_118	55.61482121184012
WE_FE_8	TF_BE_23	42.08797738210248
WE_FE_8	Diffusion_FE_126	39.162405625239245
WE_FE_8	DE_FE_1	78.06261973260311
WE_FE_8	Litho_FE_92	69.24359357605552
WE_FE_8	DefMet_FE_34	55.61482121184012
WE_FE_8	DE_BE_13	83.84387116563258
WE_FE_8	Diffusion_FE_120	50.83683779641072
WE_FE_8	Planar_FE_80	56.6484039597258
WE_FE_8	WE_FE_108	25.2270513869467
WE_FE_8	Implant_128	44.79193231735298
WE_FE_8	Implant_132	43.610762083581584
WE_FE_8	WE_FE_41	33.04904128189983
WE_FE_8	WE_BE_17	24.74134705793509
WE_FE_8	WE_BE_7	27.24134705793509
WE_FE_8	WE_BE_82	34.14079242478663
WE_FE_8	TF_BE_24	52.83669456217093
WE_FE_8	DE_FE_70	75.00530077638543
WE_FE_8	Diffusion_FE_100	39.679190317029494
WE_FE_8	COMPLETE	103.08307291556449
WE_FE_8	LithoTrack_BE_117	60.698274835582495
WE_FE_8	WE_BE_81	35.440968543595574
WE_FE_8	LithoTrack_FE_115	60.702124329061405
WE_FE_8	DefMet_FE_43	47.922146057010444
WE_FE_8	Diffusion_FE_44	55.90640350806599
WE_FE_8	LithoTrack_FE_95	54.0539912891264
WE_FE_8	Litho_FE_35	55.45659636178423
WE_FE_8	DE_BE_48	90.23633665327937
WE_FE_8	Diffusion_BE_123	36.35048661925172
WE_FE_8	Implant_74	55.82982264988202
WE_FE_8	Planar_FE_79	44.30730506461509
WE_FE_8	DE_FE_59	69.4591171177419
WE_FE_8	Diffusion_FE_94	52.7124592074681
WE_FE_8	WE_FE_84	27.724320831973767
WE_FE_8	TF_FE_131	27.74920795408507
WE_FE_8	Dielectric_BE_20	39.97169235142005
WE_FE_8	DE_BE_66	83.42218008941025
WE_FE_8	TF_BE_2	55.86157637396117
WE_FE_8	WE_BE_9	18.7497984063022
WE_FE_8	TF_FE_3	28.39122893793509
WE_FE_8	DE_FE_72	59.99684199292589
WE_FE_8	Dielectric_BE_21	48.28895216523743
WE_FE_8	Diffusion_FE_125	36.69573895323924
WE_FE_8	TF_Met_FE_45	41.52399455013379
WE_FE_8	Dielectric_FE_29	47.811955961801885
WE_FE_8	Litho_FE_98	67.12214095131623
WE_FE_8	DE_BE_65	84.27221647884656
WE_FE_8	DefMet_FE_106	52.53148787184013
WE_FE_8	DE_BE_67	88.94676025004188
WE_FE_8	Planar_BE_75	46.99874816173535
WE_FE_8	Dielectric_BE_28	39.411779399525315
WE_FE_8	Litho_FE_111	70.66488130865365
WE_FE_8	WE_FE_47	30.36179221275038
WE_FE_8	Litho_BE_99	59.314811591938536
WE_FE_8	WE_FE_85	39.72094502312396
WE_FE_8	DE_FE_62	70.70828406703829
WE_FE_8	Litho_BE_110	75.85319943767774
WE_FE_8	Dielectric_FE_112	41.14724089909507
WE_FE_8	Planar_FE_78	39.80730506393509
WE_FE_8	Planar_FE_77	45.173351635254306
WE_FE_8	TF_FE_113	42.46554303693287
WE_FE_8	DE_FE_58	81.28032117775268
WE_FE_8	Dielectric_FE_31	32.054190317029494
WE_FE_8	DE_BE_50	93.83141544542785
WE_FE_8	Litho_REG_FE_64	56.91940957068637
WE_FE_8	DefMet_FE_10	51.69815453850679
WE_FE_8	Litho_REG_BE_63	65.34970984223528
WE_FE_8	WE_BE_16	25.7346319859245
WE_FE_8	Litho_BE_93	73.17190473777549
WE_FE_8	LithoTrack_FE_96	50.95606487457354
WE_FE_8	DE_FE_53	84.66324112550731
WE_FE_8	DefMet_BE_33	43.74560845808841
WE_FE_8	DE_FE_54	77.92083808159236
WE_FE_8	DE_BE_11	74.12853124420951
WE_FE_8	DE_FE_51	76.21968876889395
WE_FE_8	DE_FE_71	64.62590201388909
WE_FE_8	WE_BE_14	40.76743875316585
WE_FE_8	Planar_FE_76	52.34495376257354
WE_FE_8	TF_BE_26	38.265561816674875
WE_FE_8	COMMIT	103.08307291556449
WE_FE_8	EPI_36	44.47703055924467
WE_FE_8	EPI_38	43.22703055924466
WE_FE_8	Diffusion_FE_122	39.93267787707051
WE_FE_8	Implant_119	45.72703055924467
WE_FE_8	DE_BE_69	86.94062556936088
WE_FE_8	TF_FE_5	31.655117826868423
WE_FE_8	WE_FE_83	14.468180617831612
WE_FE_8	LithoMet_FE_19	54.91873182139078
WE_FE_8	Dielectric_BE_60	31.35073706326258
WE_FE_8	Implant_91	46.1989199796267
WE_FE_8	Implant_90	42.38939616962669
Dielectric_FE_29	Diffusion_FE_101	37.92315616332978
Dielectric_FE_29	TF_FE_104	66.02953951428753
Dielectric_FE_29	Implant_88	35.60116896156793
Dielectric_FE_29	DefMet_BE_42	41.50800022212137
Dielectric_FE_29	DE_FE_86	62.72428011868349
Dielectric_FE_29	TF_FE_103	58.58945096981945
Dielectric_FE_29	TF_BE_40	68.3642237350426
Dielectric_FE_29	LithoMet_BE_18	99.01714531712415
Dielectric_FE_29	Dielectric_BE_27	43.30657340273718
Dielectric_FE_29	Dielectric_FE_130	27.654267002028327
Dielectric_FE_29	STOCKER	65.65702963780627
Dielectric_FE_29	DE_BE_12	90.47382121473733
Dielectric_FE_29	Dielectric_FE_30	12.494601127064387
Dielectric_FE_29	Diffusion_FE_127	28.726881839052815
Dielectric_FE_29	DE_FE_56	73.28749279834447
Dielectric_FE_29	TF_Met_FE_61	71.96316689513297
Dielectric_FE_29	DefMet_FE_118	47.09133356212136
Dielectric_FE_29	TF_BE_23	70.03215093545745
Dielectric_FE_29	Diffusion_FE_126	25.758131844052816
Dielectric_FE_29	DE_FE_1	85.71237474889404
Dielectric_FE_29	Litho_FE_92	97.18776713110164
Dielectric_FE_29	DefMet_FE_34	47.09133356212136
Dielectric_FE_29	DE_BE_13	97.6590414146543
Dielectric_FE_29	Diffusion_FE_120	36.04636548911701
Dielectric_FE_29	Planar_FE_80	84.59257751738548
Dielectric_FE_29	WE_FE_108	53.17122494460641
Dielectric_FE_29	Implant_128	44.21686045789332
Dielectric_FE_29	Implant_132	53.01038024395978
Dielectric_FE_29	WE_FE_41	60.62583867048405
Dielectric_FE_29	WE_BE_17	52.68552060746361
Dielectric_FE_29	WE_BE_7	55.18552059933244
Dielectric_FE_29	WE_BE_82	62.08496598244633
Dielectric_FE_29	TF_BE_24	80.78086811983061
Dielectric_FE_29	DE_FE_70	74.55798150822784
Dielectric_FE_29	Diffusion_FE_100	25.105939011244722
Dielectric_FE_29	COMPLETE	108.46414621165746
Dielectric_FE_29	LithoTrack_BE_117	88.6424483932422
Dielectric_FE_29	WE_BE_81	63.38514209583448
Dielectric_FE_29	LithoTrack_FE_115	88.64629788389286
Dielectric_FE_29	DefMet_FE_43	50.28577800678803
Dielectric_FE_29	Diffusion_FE_44	42.502129726879595
Dielectric_FE_29	LithoTrack_FE_95	81.99816484592107
Dielectric_FE_29	Litho_FE_35	83.40076990318165
Dielectric_FE_29	DE_BE_48	95.07106452686858
Dielectric_FE_29	Diffusion_BE_123	21.77723531346695
Dielectric_FE_29	Implant_74	42.42554886869559
Dielectric_FE_29	Planar_FE_79	72.25147861576984
Dielectric_FE_29	DE_FE_59	81.64317459045473
Dielectric_FE_29	Diffusion_FE_94	40.97792934594737
Dielectric_FE_29	WE_FE_84	51.62318345606118
Dielectric_FE_29	TF_FE_131	55.69338150709837
Dielectric_FE_29	Dielectric_BE_20	58.011160023121526
Dielectric_FE_29	DE_BE_66	87.68707432036003
Dielectric_FE_29	TF_BE_2	83.80574992348966
Dielectric_FE_29	WE_BE_9	46.693971963961914
Dielectric_FE_29	TF_FE_3	56.33540249559479
Dielectric_FE_29	DE_FE_72	77.15647171988397
Dielectric_FE_29	Dielectric_BE_21	58.16387531552155
Dielectric_FE_29	Diffusion_FE_125	23.291465172052817
Dielectric_FE_29	TF_Met_FE_45	69.46816810779349
Dielectric_FE_29	WE_FE_8	53.75963474801007
Dielectric_FE_29	Litho_FE_98	95.0663144967792
Dielectric_FE_29	DE_BE_65	91.81443780207131
Dielectric_FE_29	DefMet_FE_106	44.00800022212136
Dielectric_FE_29	DE_BE_67	83.6086297006054
Dielectric_FE_29	Planar_BE_75	74.9429217159714
Dielectric_FE_29	Dielectric_BE_28	32.28803884990361
Dielectric_FE_29	Litho_FE_111	98.60905485744303
Dielectric_FE_29	WE_FE_47	56.98341156173831
Dielectric_FE_29	Litho_BE_99	87.25898513875676
Dielectric_FE_29	WE_FE_85	49.69308611725734
Dielectric_FE_29	DE_FE_62	76.48437215089486
Dielectric_FE_29	Litho_BE_110	103.79737299403654
Dielectric_FE_29	Dielectric_FE_112	30.43890694523078
Dielectric_FE_29	Planar_FE_78	67.7514786134636
Dielectric_FE_29	Planar_FE_77	73.1175251888484
Dielectric_FE_29	TF_FE_113	70.40971659459255
Dielectric_FE_29	DE_FE_58	75.14860391167782
Dielectric_FE_29	Dielectric_FE_31	17.948530021084057
Dielectric_FE_29	DE_BE_50	91.30464064190114
Dielectric_FE_29	Litho_REG_FE_64	84.8635831158783
Dielectric_FE_29	DefMet_FE_10	43.17466688878802
Dielectric_FE_29	Litho_REG_BE_63	93.29388339339006
Dielectric_FE_29	WE_BE_16	53.678805540535
Dielectric_FE_29	Litho_BE_93	101.11607827917291
Dielectric_FE_29	LithoTrack_FE_96	78.90023843223321
Dielectric_FE_29	DE_FE_53	87.4977333186582
Dielectric_FE_29	DefMet_BE_33	57.24009335637675
Dielectric_FE_29	DE_FE_54	69.98193723834447
Dielectric_FE_29	DE_BE_11	100.55152156343449
Dielectric_FE_29	DE_FE_51	83.46234962476808
Dielectric_FE_29	DE_FE_71	70.13771500949564
Dielectric_FE_29	WE_BE_14	68.71161229781566
Dielectric_FE_29	Planar_FE_76	80.28912731481242
Dielectric_FE_29	TF_BE_26	66.20973537108209
Dielectric_FE_29	COMMIT	108.46414621165746
Dielectric_FE_29	EPI_36	36.25265963338505
Dielectric_FE_29	EPI_38	35.00265963338505
Dielectric_FE_29	Diffusion_FE_122	25.94391533358491
Dielectric_FE_29	Implant_119	37.50265963338505
Dielectric_FE_29	DE_BE_69	82.03170107107006
Dielectric_FE_29	TF_FE_5	59.59929137368656
Dielectric_FE_29	WE_FE_83	40.20809716103834
Dielectric_FE_29	LithoMet_FE_19	82.86290537905049
Dielectric_FE_29	Dielectric_BE_60	22.392807437209843
Dielectric_FE_29	Implant_91	32.794646198440255
Dielectric_FE_29	Implant_90	28.98512238844026
Litho_FE_98	Diffusion_FE_101	96.35528861336607
Litho_FE_98	TF_FE_104	70.1180427260157
Litho_FE_98	Implant_88	92.6036586786902
Litho_FE_98	DefMet_BE_42	85.97652036693201
Litho_FE_98	DE_FE_86	69.06717490482555
Litho_FE_98	TF_FE_103	72.66868370116683
Litho_FE_98	TF_BE_40	70.72315124501945
Litho_FE_98	LithoMet_BE_18	38.93127424668598
Litho_FE_98	Dielectric_BE_27	89.16009341045954
Litho_FE_98	Dielectric_FE_130	96.81072623612111
Litho_FE_98	STOCKER	54.38789645572619
Litho_FE_98	DE_BE_12	53.890725087999016
Litho_FE_98	Dielectric_FE_30	80.50601192345502
Litho_FE_98	Diffusion_FE_127	85.72937155210948
Litho_FE_98	DE_FE_56	63.7425808778425
Litho_FE_98	TF_Met_FE_61	68.12978382131756
Litho_FE_98	DefMet_FE_118	91.99429586406846
Litho_FE_98	TF_BE_23	67.46340732275762
Litho_FE_98	Diffusion_FE_126	82.7606215571095
Litho_FE_98	DE_FE_1	42.14972911972116
Litho_FE_98	Litho_FE_92	27.09886213969485
Litho_FE_98	DefMet_FE_34	91.99429586406846
Litho_FE_98	DE_BE_13	42.74552470055661
Litho_FE_98	Diffusion_FE_120	94.43505373641219
Litho_FE_98	Planar_FE_80	50.727596515107834
Litho_FE_98	WE_FE_108	83.83336851440275
Litho_FE_98	Implant_128	89.77320761612792
Litho_FE_98	Implant_132	88.16497447588686
Litho_FE_98	WE_FE_41	78.48896470821376
Litho_FE_98	WE_BE_17	79.90218454195595
Litho_FE_98	WE_BE_7	78.25076585395598
Litho_FE_98	WE_BE_82	75.89522192483696
Litho_FE_98	TF_BE_24	58.798193713040696
Litho_FE_98	DE_FE_70	57.9698715727774
Litho_FE_98	Diffusion_FE_100	83.27740626516209
Litho_FE_98	COMPLETE	105.00220516743471
Litho_FE_98	LithoTrack_BE_117	46.018212486426684
Litho_FE_98	WE_BE_81	72.69595829919054
Litho_FE_98	LithoTrack_FE_115	48.291414503774774
Litho_FE_98	DefMet_FE_43	79.42096484515065
Litho_FE_98	Diffusion_FE_44	99.50461944922907
Litho_FE_98	LithoTrack_FE_95	54.95427406529815
Litho_FE_98	Litho_FE_35	14.358249884989588
Litho_FE_98	DE_BE_48	49.13799022951181
Litho_FE_98	Diffusion_BE_123	79.94870255473583
Litho_FE_98	Implant_74	99.42803858175228
Litho_FE_98	Planar_FE_79	61.508992393435996
Litho_FE_98	DE_FE_59	47.71992334851724
Litho_FE_98	Diffusion_FE_94	97.61042600604048
Litho_FE_98	WE_FE_84	87.7006445551768
Litho_FE_98	TF_FE_131	76.81517816280689
Litho_FE_98	Dielectric_BE_20	71.47051109932043
Litho_FE_98	DE_BE_66	44.14180533519874
Litho_FE_98	TF_BE_2	55.7733118330407
Litho_FE_98	WE_BE_9	86.01022854919918
Litho_FE_98	TF_FE_3	81.00177082973337
Litho_FE_98	DE_FE_72	55.19707823389256
Litho_FE_98	Dielectric_BE_21	74.2380592316423
Litho_FE_98	Diffusion_FE_125	80.2939548851095
Litho_FE_98	TF_Met_FE_45	65.85200604331754
Litho_FE_98	WE_FE_8	83.8433183855407
Litho_FE_98	Dielectric_FE_29	91.41017190993452
Litho_FE_98	DE_BE_65	43.17386998570459
Litho_FE_98	DefMet_FE_106	88.91096254033084
Litho_FE_98	DE_BE_67	49.24787392105912
Litho_FE_98	Planar_BE_75	61.41153585165706
Litho_FE_98	Dielectric_BE_28	76.96029674405992
Litho_FE_98	Litho_FE_111	29.224922024315333
Litho_FE_98	WE_FE_47	80.75998505354069
Litho_FE_98	Litho_BE_99	18.2164651151439
Litho_FE_98	WE_FE_85	101.51567299124964
Litho_FE_98	DE_FE_62	55.394502534802506
Litho_FE_98	Litho_BE_110	34.7548529608831
Litho_FE_98	Dielectric_FE_112	84.74545684722767
Litho_FE_98	Planar_FE_78	58.669559867956
Litho_FE_98	Planar_FE_77	64.03560643927523
Litho_FE_98	TF_FE_113	68.41045749354069
Litho_FE_98	DE_FE_58	60.3477669290783
Litho_FE_98	Dielectric_FE_31	75.65240624889975
Litho_FE_98	DE_BE_50	52.73306897531302
Litho_FE_98	Litho_REG_FE_64	17.364736855239656
Litho_FE_98	DefMet_FE_10	87.93281514919789
Litho_FE_98	Litho_REG_BE_63	28.122856167096995
Litho_FE_98	WE_BE_16	80.89546946994537
Litho_FE_98	Litho_BE_93	32.073558260980846
Litho_FE_98	LithoTrack_FE_96	69.81831967859443
Litho_FE_98	DE_FE_53	45.798268054952736
Litho_FE_98	DefMet_BE_33	75.24442724080778
Litho_FE_98	DE_FE_54	60.21980438469622
Litho_FE_98	DE_BE_11	33.03018476741489
Litho_FE_98	DE_FE_51	48.747877343567
Litho_FE_98	DE_FE_71	61.38437242575414
Litho_FE_98	WE_BE_14	77.29824803382829
Litho_FE_98	Planar_FE_76	71.20720856659445
Litho_FE_98	TF_BE_26	69.26951698309114
Litho_FE_98	COMMIT	105.00220516743471
Litho_FE_98	EPI_36	88.07524650737736
Litho_FE_98	EPI_38	86.82524650737736
Litho_FE_98	Diffusion_FE_122	83.53089381300636
Litho_FE_98	Implant_119	89.32524650737734
Litho_FE_98	DE_BE_69	49.87541143543586
Litho_FE_98	TF_FE_5	76.61477294199895
Litho_FE_98	WE_FE_83	92.03068403503062
Litho_FE_98	LithoMet_FE_19	46.80699015221822
Litho_FE_98	Dielectric_BE_60	74.94895301139522
Litho_FE_98	Implant_91	89.79713591846652
Litho_FE_98	Implant_90	85.98761210962812
DE_BE_65	Diffusion_FE_101	89.46221834026686
DE_BE_65	TF_FE_104	79.70067974075879
DE_BE_65	Implant_88	85.71058841209592
DE_BE_65	DefMet_BE_42	79.08345010440333
DE_BE_65	DE_FE_86	62.174104631000546
DE_BE_65	TF_FE_103	71.99335463075518
DE_BE_65	TF_BE_40	83.68551283930708
DE_BE_65	LithoMet_BE_18	61.850822166496215
DE_BE_65	Dielectric_BE_27	82.26702314088391
DE_BE_65	Dielectric_FE_130	89.9176559573301
DE_BE_65	STOCKER	53.75701131998296
DE_BE_65	DE_BE_12	37.97508564116716
DE_BE_65	Dielectric_FE_30	73.61294165279516
DE_BE_65	Diffusion_FE_127	78.83630128958082
DE_BE_65	DE_FE_56	56.84951059905148
DE_BE_65	TF_Met_FE_61	92.58581178052602
DE_BE_65	DefMet_FE_118	85.10122560153981
DE_BE_65	TF_BE_23	70.85674306123269
DE_BE_65	Diffusion_FE_126	75.86755129458082
DE_BE_65	DE_FE_1	34.91016437290208
DE_BE_65	Litho_FE_92	54.534316343968634
DE_BE_65	DefMet_FE_34	85.10122560153981
DE_BE_65	DE_BE_13	44.491849235238604
DE_BE_65	Diffusion_FE_120	87.54198346575231
DE_BE_65	Planar_FE_80	74.59916843697161
DE_BE_65	WE_FE_108	91.11835066193642
DE_BE_65	Implant_128	94.32627991897208
DE_BE_65	Implant_132	103.11979970072751
DE_BE_65	WE_FE_41	98.49614269420942
DE_BE_65	WE_BE_17	78.18901713221895
DE_BE_65	WE_BE_7	80.68901713221898
DE_BE_65	WE_BE_82	94.84821809439619
DE_BE_65	TF_BE_24	82.08537461595486
DE_BE_65	DE_FE_70	51.07680129398641
DE_BE_65	Diffusion_FE_100	76.38433598637108
DE_BE_65	COMPLETE	106.97026825169718
DE_BE_65	LithoTrack_BE_117	53.96904718679863
DE_BE_65	WE_BE_81	89.42309001068054
DE_BE_65	LithoTrack_FE_115	64.18375229981565
DE_BE_65	DefMet_FE_43	72.52789456907003
DE_BE_65	Diffusion_FE_44	91.89005731033845
DE_BE_65	LithoTrack_FE_95	64.82816770582538
DE_BE_65	Litho_FE_35	40.03005264805152
DE_BE_65	DE_BE_48	33.93344831410723
DE_BE_65	Diffusion_BE_123	73.05563228859332
DE_BE_65	Implant_74	92.53496831922362
DE_BE_65	Planar_FE_79	61.45639244517176
DE_BE_65	DE_FE_59	40.826853076971815
DE_BE_65	Diffusion_FE_94	90.77813799665947
DE_BE_65	WE_FE_84	104.49783589163351
DE_BE_65	TF_FE_131	81.19687803533853
DE_BE_65	Dielectric_BE_20	64.57744082188458
DE_BE_65	DE_BE_66	26.47261720500619
DE_BE_65	TF_BE_2	80.22933978143365
DE_BE_65	WE_BE_9	84.2970611394622
DE_BE_65	TF_FE_3	85.5386578480273
DE_BE_65	DE_FE_72	48.304007955101554
DE_BE_65	Dielectric_BE_21	67.34498896708084
DE_BE_65	Diffusion_FE_125	73.40088462258082
DE_BE_65	TF_Met_FE_45	90.30803399982216
DE_BE_65	WE_FE_8	103.86905421226538
DE_BE_65	Dielectric_FE_29	84.51710163927467
DE_BE_65	Litho_FE_98	60.072238424005185
DE_BE_65	DefMet_FE_106	82.01789226153977
DE_BE_65	DE_BE_67	41.66250472511735
DE_BE_65	Planar_BE_75	76.3476820581398
DE_BE_65	Dielectric_BE_28	70.06722647340005
DE_BE_65	Litho_FE_111	55.238337594488776
DE_BE_65	WE_FE_47	102.0902989104916
DE_BE_65	Litho_BE_99	43.88826787803903
DE_BE_65	WE_FE_85	99.8025055771449
DE_BE_65	DE_FE_62	48.501432256011505
DE_BE_65	Litho_BE_110	60.42665572362478
DE_BE_65	Dielectric_FE_112	77.85238658174222
DE_BE_65	Planar_FE_78	56.95639246071489
DE_BE_65	Planar_FE_77	62.32243901581098
DE_BE_65	TF_FE_113	89.86341668258767
DE_BE_65	DE_FE_58	53.45469665632528
DE_BE_65	Dielectric_FE_31	68.75933598637108
DE_BE_65	DE_BE_50	29.69518767752037
DE_BE_65	Litho_REG_FE_64	50.552539448678445
DE_BE_65	DefMet_FE_10	81.03974487582765
DE_BE_65	Litho_REG_BE_63	63.18570881747918
DE_BE_65	WE_BE_16	79.1823020602084
DE_BE_65	Litho_BE_93	57.7453610237926
DE_BE_65	LithoTrack_FE_96	68.1051522551302
DE_BE_65	DE_FE_53	38.9051977942757
DE_BE_65	DefMet_BE_33	68.35135697014795
DE_BE_65	DE_FE_54	53.3267341149622
DE_BE_65	DE_BE_11	48.52235033118268
DE_BE_65	DE_FE_51	41.85480708288996
DE_BE_65	DE_FE_71	54.491302146963136
DE_BE_65	WE_BE_14	91.28659784346186
DE_BE_65	Planar_FE_76	69.4940411431302
DE_BE_65	TF_BE_26	78.00038607918405
DE_BE_65	COMMIT	106.97026825169718
DE_BE_65	EPI_36	86.36207909764036
DE_BE_65	EPI_38	85.11207909764036
DE_BE_65	Diffusion_FE_122	76.63782354641206
DE_BE_65	Implant_119	87.61207909764036
DE_BE_65	DE_BE_69	42.30913859160879
DE_BE_65	TF_FE_5	99.90182324272165
DE_BE_65	WE_FE_83	90.31751662529362
DE_BE_65	LithoMet_FE_19	47.868829294079745
DE_BE_65	Dielectric_BE_60	68.05588274886654
DE_BE_65	Implant_91	82.90406564896826
DE_BE_65	Implant_90	79.09454183896825
DefMet_FE_106	Diffusion_FE_101	49.44422926775223
DefMet_FE_106	TF_FE_104	78.41367535680429
DefMet_FE_106	Implant_88	45.69259933958131
DefMet_FE_106	DefMet_BE_42	28.17847198279647
DefMet_FE_106	DE_FE_86	44.57057032314985
DefMet_FE_106	TF_FE_103	70.97358682588813
DefMet_FE_106	TF_BE_40	80.74835958956251
DefMet_FE_106	LithoMet_BE_18	111.40128116390011
DefMet_FE_106	Dielectric_BE_27	40.81939129375544
DefMet_FE_106	Dielectric_FE_130	49.89966688481545
DefMet_FE_106	STOCKER	64.4513955450775
DefMet_FE_106	DE_BE_12	72.69794873203365
DefMet_FE_106	Dielectric_FE_30	33.59495258028052
DefMet_FE_106	Diffusion_FE_127	38.8183122170662
DefMet_FE_106	DE_FE_56	55.511620315640876
DefMet_FE_106	TF_Met_FE_61	84.34730274036012
DefMet_FE_106	DefMet_FE_118	7.297619054285715
DefMet_FE_106	TF_BE_23	82.41628679009123
DefMet_FE_106	Diffusion_FE_126	35.8495622220662
DefMet_FE_106	DE_FE_1	70.59717274701833
DefMet_FE_106	Litho_FE_92	109.5719029862992
DefMet_FE_106	DefMet_FE_34	7.297619054285715
DefMet_FE_106	DE_BE_13	82.86172331196241
DefMet_FE_106	Diffusion_FE_120	47.52399439323767
DefMet_FE_106	Planar_FE_80	96.9767133734542
DefMet_FE_106	WE_FE_108	50.756324979240794
DefMet_FE_106	Implant_128	54.3082908359067
DefMet_FE_106	Implant_132	63.10181062197317
DefMet_FE_106	WE_FE_41	58.47817531473805
DefMet_FE_106	WE_BE_17	65.06965645540114
DefMet_FE_106	WE_BE_7	67.56965645540113
DefMet_FE_106	WE_BE_82	65.58968034035317
DefMet_FE_106	TF_BE_24	93.16500397589931
DefMet_FE_106	DE_FE_70	56.782109025524235
DefMet_FE_106	Diffusion_FE_100	36.36634691385645
DefMet_FE_106	COMPLETE	104.62192515525658
DefMet_FE_106	LithoTrack_BE_117	101.02658424931094
DefMet_FE_106	WE_BE_81	70.8362660075743
DefMet_FE_106	LithoTrack_FE_115	101.03043373925452
DefMet_FE_106	DefMet_FE_43	10.492063498952382
DefMet_FE_106	Diffusion_FE_44	52.59356010489295
DefMet_FE_106	LithoTrack_FE_95	94.38230070008676
DefMet_FE_106	Litho_FE_35	95.78490577551273
DefMet_FE_106	DE_BE_48	77.2951920441649
DefMet_FE_106	Diffusion_BE_123	33.03764321607867
DefMet_FE_106	Implant_74	52.51697924670897
DefMet_FE_106	Planar_FE_79	84.63561446858607
DefMet_FE_106	DE_FE_59	67.72261247782758
DefMet_FE_106	Diffusion_FE_94	51.06935972396076
DefMet_FE_106	WE_FE_84	64.47989753736641
DefMet_FE_106	TF_FE_131	68.0775173585207
DefMet_FE_106	Dielectric_BE_20	20.305322646025356
DefMet_FE_106	DE_BE_66	70.22128628980393
DefMet_FE_106	TF_BE_2	96.18988577142721
DefMet_FE_106	WE_BE_9	44.2790719870831
DefMet_FE_106	TF_FE_3	68.71953833946674
DefMet_FE_106	DE_FE_72	59.38355292493612
DefMet_FE_106	Dielectric_BE_21	26.158022353744684
DefMet_FE_106	Diffusion_FE_125	33.382895550066195
DefMet_FE_106	TF_Met_FE_45	81.85230394759984
DefMet_FE_106	WE_FE_8	63.85106512602345
DefMet_FE_106	Dielectric_FE_29	44.499112566760026
DefMet_FE_106	Litho_FE_98	107.45045036504469
DefMet_FE_106	DE_BE_65	77.00421883917666
DefMet_FE_106	DE_BE_67	65.83275721790179
DefMet_FE_106	Planar_BE_75	87.32705757289602
DefMet_FE_106	Dielectric_BE_28	29.464748630474663
DefMet_FE_106	Litho_FE_111	110.99319071720771
DefMet_FE_106	WE_FE_47	62.07230980428405
DefMet_FE_106	Litho_BE_99	99.64312098940468
DefMet_FE_106	WE_FE_85	59.784516495270715
DefMet_FE_106	DE_FE_62	58.70980620114469
DefMet_FE_106	Litho_BE_110	116.18150885140622
DefMet_FE_106	Dielectric_FE_112	37.83439750922758
DefMet_FE_106	Planar_FE_78	80.13561446140113
DefMet_FE_106	Planar_FE_77	85.50166104085156
DefMet_FE_106	TF_FE_113	82.7938524343989
DefMet_FE_106	DE_FE_58	57.37273142897421
DefMet_FE_106	Dielectric_FE_31	28.741346913856443
DefMet_FE_106	DE_BE_50	73.52876815919748
DefMet_FE_106	Litho_REG_FE_64	97.24771897032079
DefMet_FE_106	DefMet_FE_10	12.2023478037893
DefMet_FE_106	Litho_REG_BE_63	105.67801924458009
DefMet_FE_106	WE_BE_16	66.06294138339055
DefMet_FE_106	Litho_BE_93	113.500214151504
DefMet_FE_106	LithoTrack_FE_96	91.28437428830196
DefMet_FE_106	DE_FE_53	69.72186083595462
DefMet_FE_106	DefMet_BE_33	17.446378848541094
DefMet_FE_106	DE_FE_54	52.20606475564088
DefMet_FE_106	DE_BE_11	89.95550485009066
DefMet_FE_106	DE_FE_51	66.72668073337563
DefMet_FE_106	DE_FE_71	54.30171403667529
DefMet_FE_106	WE_BE_14	81.09574815063189
DefMet_FE_106	Planar_FE_76	92.67326316546037
DefMet_FE_106	TF_BE_26	78.59387122715076
DefMet_FE_106	COMMIT	104.62192515525658
DefMet_FE_106	EPI_36	46.344090011398436
DefMet_FE_106	EPI_38	45.09409001139843
DefMet_FE_106	Diffusion_FE_122	36.61983447389746
DefMet_FE_106	Implant_119	47.59409001139844
DefMet_FE_106	DE_BE_69	64.25582858836641
DefMet_FE_106	TF_FE_5	71.98342722975526
DefMet_FE_106	WE_FE_83	50.299527539051724
DefMet_FE_106	LithoMet_FE_19	95.24704123060191
DefMet_FE_106	Dielectric_BE_60	28.037893676351906
DefMet_FE_106	Implant_91	42.886076576453654
DefMet_FE_106	Implant_90	39.076552766453645
DE_BE_67	Diffusion_FE_101	88.71051241070192
DE_BE_67	TF_FE_104	78.94897381218925
DE_BE_67	Implant_88	84.958882482531
DE_BE_67	DefMet_BE_42	78.3317441748384
DE_BE_67	DE_FE_86	61.42239870143561
DE_BE_67	TF_FE_103	71.2416487027056
DE_BE_67	TF_BE_40	82.93380691057412
DE_BE_67	LithoMet_BE_18	63.27136330933404
DE_BE_67	Dielectric_BE_27	81.51531721131899
DE_BE_67	Dielectric_FE_130	89.16595002776518
DE_BE_67	STOCKER	54.908533821317036
DE_BE_67	DE_BE_12	37.869965540119495
DE_BE_67	Dielectric_FE_30	72.86123572323024
DE_BE_67	Diffusion_FE_127	78.08459536001588
DE_BE_67	DE_FE_56	56.097804669486536
DE_BE_67	TF_Met_FE_61	91.8341058474847
DE_BE_67	DefMet_FE_118	84.3495196719749
DE_BE_67	TF_BE_23	70.10503713255915
DE_BE_67	Diffusion_FE_126	75.11584536501589
DE_BE_67	DE_FE_1	21.66767044557373
DE_BE_67	Litho_FE_92	60.037808696432634
DE_BE_67	DefMet_FE_34	84.3495196719749
DE_BE_67	DE_BE_13	46.60747603328322
DE_BE_67	Diffusion_FE_120	86.79027753618736
DE_BE_67	Planar_FE_80	73.84746250954598
DE_BE_67	WE_FE_108	90.36664473264464
DE_BE_67	Implant_128	93.57457399065505
DE_BE_67	Implant_132	102.3680937751865
DE_BE_67	WE_FE_41	97.74443676578845
DE_BE_67	WE_BE_17	77.4373112051499
DE_BE_67	WE_BE_7	79.93731120514992
DE_BE_67	WE_BE_82	94.09651216663185
DE_BE_67	TF_BE_24	81.33366868826185
DE_BE_67	DE_FE_70	50.32509536442146
DE_BE_67	Diffusion_FE_100	75.63263005680616
DE_BE_67	COMPLETE	106.73110088890283
DE_BE_67	LithoTrack_BE_117	53.217350293902655
DE_BE_67	WE_BE_81	88.67138408191784
DE_BE_67	LithoTrack_FE_115	63.432055210470324
DE_BE_67	DefMet_FE_43	71.77618863950507
DE_BE_67	Diffusion_FE_44	91.85984324784265
DE_BE_67	LithoTrack_FE_95	64.07646273786236
DE_BE_67	Litho_FE_35	45.945555738596035
DE_BE_67	DE_BE_48	42.4253517307655
DE_BE_67	Diffusion_BE_123	72.30392635902832
DE_BE_67	Implant_74	91.78326238965867
DE_BE_67	Planar_FE_79	60.70468652047375
DE_BE_67	DE_FE_59	40.07514714740688
DE_BE_67	Diffusion_FE_94	90.33564286740707
DE_BE_67	WE_FE_84	103.74612995784936
DE_BE_67	TF_FE_131	80.44517210826947
DE_BE_67	Dielectric_BE_20	63.82573489231965
DE_BE_67	DE_BE_66	31.89527602972697
DE_BE_67	TF_BE_2	79.47763385186873
DE_BE_67	WE_BE_9	83.54535521239313
DE_BE_67	TF_FE_3	84.78695192033426
DE_BE_67	DE_FE_72	47.55230202553661
DE_BE_67	Dielectric_BE_21	66.5932830375159
DE_BE_67	Diffusion_FE_125	72.6491786930159
DE_BE_67	TF_Met_FE_45	89.55632806678081
DE_BE_67	WE_FE_8	103.11734827592598
DE_BE_67	Dielectric_FE_29	83.76539570970974
DE_BE_67	Litho_FE_98	59.32053249409176
DE_BE_67	DE_BE_65	40.22797198330027
DE_BE_67	DefMet_FE_106	81.26618633197488
DE_BE_67	Planar_BE_75	75.59597612937712
DE_BE_67	Dielectric_BE_28	69.31552054383512
DE_BE_67	Litho_FE_111	61.15384068514863
DE_BE_67	WE_FE_47	101.33859297786027
DE_BE_67	Litho_BE_99	49.80377096875033
DE_BE_67	WE_FE_85	99.05079964980844
DE_BE_67	DE_FE_62	47.74972632644657
DE_BE_67	Litho_BE_110	66.3421319654769
DE_BE_67	Dielectric_FE_112	77.10068065217729
DE_BE_67	Planar_FE_78	56.20468653114996
DE_BE_67	Planar_FE_77	61.570733087984244
DE_BE_67	TF_FE_113	89.11171075551862
DE_BE_67	DE_FE_58	52.702990726760355
DE_BE_67	Dielectric_FE_31	68.00763005680612
DE_BE_67	DE_BE_50	38.24967498888835
DE_BE_67	Litho_REG_FE_64	49.117801113763925
DE_BE_67	DefMet_FE_10	80.28803894626273
DE_BE_67	Litho_REG_BE_63	57.548101384732036
DE_BE_67	WE_BE_16	78.43059613313933
DE_BE_67	Litho_BE_93	63.660864114645356
DE_BE_67	LithoTrack_FE_96	67.35344632904166
DE_BE_67	DE_FE_53	38.15349186471077
DE_BE_67	DefMet_BE_33	67.59965104058303
DE_BE_67	DE_FE_54	52.57502818539725
DE_BE_67	DE_BE_11	51.96417083746875
DE_BE_67	DE_FE_51	39.912627818402136
DE_BE_67	DE_FE_71	53.7395962173982
DE_BE_67	WE_BE_14	90.53489191248856
DE_BE_67	Planar_FE_76	68.74233521704166
DE_BE_67	TF_BE_26	77.24868015144943
DE_BE_67	COMMIT	106.73110088890283
DE_BE_67	EPI_36	85.6103731705713
DE_BE_67	EPI_38	84.36037317057131
DE_BE_67	Diffusion_FE_122	75.88611761684716
DE_BE_67	Implant_119	86.86037317057128
DE_BE_67	DE_BE_69	14.832741757545959
DE_BE_67	TF_FE_5	99.15011731482062
DE_BE_67	WE_FE_83	89.56581069590699
DE_BE_67	LithoMet_FE_19	47.11712336451481
DE_BE_67	Dielectric_BE_60	67.3041768193016
DE_BE_67	Implant_91	82.15235971940331
DE_BE_67	Implant_90	78.34283590940332
Planar_BE_75	Diffusion_FE_101	90.94344009467817
Planar_BE_75	TF_FE_104	43.05114032801421
Planar_BE_75	Implant_88	67.79718922065159
Planar_BE_75	DefMet_BE_42	80.56467183443391
Planar_BE_75	DE_FE_86	63.64980346269252
Planar_BE_75	TF_FE_103	53.00279120860748
Planar_BE_75	TF_BE_40	42.618143795882396
Planar_BE_75	LithoMet_BE_18	60.81999018870359
Planar_BE_75	Dielectric_BE_27	83.74824488930383
Planar_BE_75	Dielectric_FE_130	91.39887771174145
Planar_BE_75	STOCKER	52.51145516230166
Planar_BE_75	DE_BE_12	84.7360899904738
Planar_BE_75	Dielectric_FE_30	75.0941634042108
Planar_BE_75	Diffusion_FE_127	80.31752304399215
Planar_BE_75	DE_FE_56	70.38895593578884
Planar_BE_75	TF_Met_FE_61	41.062881423316085
Planar_BE_75	DefMet_FE_118	86.58244734910379
Planar_BE_75	TF_BE_23	35.99099697102627
Planar_BE_75	Diffusion_FE_126	77.34877304899216
Planar_BE_75	DE_FE_1	67.8096381481638
Planar_BE_75	Litho_FE_92	58.990611998325065
Planar_BE_75	DefMet_FE_34	86.58244734910379
Planar_BE_75	DE_BE_13	73.59088956598158
Planar_BE_75	Diffusion_FE_120	89.02320522016365
Planar_BE_75	Planar_FE_80	27.46389159009964
Planar_BE_75	WE_FE_108	58.11219805524679
Planar_BE_75	Implant_128	66.21679171935081
Planar_BE_75	Implant_132	58.94996441851589
Planar_BE_75	WE_FE_41	51.42206231021229
Planar_BE_75	WE_BE_17	62.70326096404107
Planar_BE_75	WE_BE_7	51.18386345595451
Planar_BE_75	WE_BE_82	49.15128824171778
Planar_BE_75	TF_BE_24	31.608241041361595
Planar_BE_75	DE_FE_70	64.75231916033631
Planar_BE_75	Diffusion_FE_100	77.86555774078242
Planar_BE_75	COMPLETE	106.8914364187132
Planar_BE_75	LithoTrack_BE_117	50.44529325785207
Planar_BE_75	WE_BE_81	45.62905590118906
Planar_BE_75	LithoTrack_FE_115	50.449142751330946
Planar_BE_75	DefMet_FE_43	74.00911629738874
Planar_BE_75	Diffusion_FE_44	94.09277093181893
Planar_BE_75	LithoTrack_FE_95	43.6218266540993
Planar_BE_75	Litho_FE_35	45.20361478405379
Planar_BE_75	DE_BE_48	79.98335504630313
Planar_BE_75	Diffusion_BE_123	74.53685404233893
Planar_BE_75	Implant_74	64.8427593759576
Planar_BE_75	Planar_FE_79	32.9555944710577
Planar_BE_75	DE_FE_59	59.20613552523982
Planar_BE_75	Diffusion_FE_94	89.86490118921057
Planar_BE_75	WE_FE_84	59.951129153262315
Planar_BE_75	TF_FE_131	52.18261975923137
Planar_BE_75	Dielectric_BE_20	66.05866256695431
Planar_BE_75	DE_BE_66	73.16919848182084
Planar_BE_75	TF_BE_2	25.351537959366354
Planar_BE_75	WE_BE_9	62.4108132044744
Planar_BE_75	TF_FE_3	56.580104558124276
Planar_BE_75	DE_FE_72	49.743860363178385
Planar_BE_75	Dielectric_BE_21	68.82621071550075
Planar_BE_75	Diffusion_FE_125	74.88210637699216
Planar_BE_75	TF_Met_FE_45	38.785103645316084
Planar_BE_75	WE_FE_8	56.7764159875392
Planar_BE_75	Dielectric_FE_29	85.99832339069032
Planar_BE_75	Litho_FE_98	56.86915937358577
Planar_BE_75	DE_BE_65	74.0192348898847
Planar_BE_75	DefMet_FE_106	83.49911400824789
Planar_BE_75	DE_BE_67	78.69377866024523
Planar_BE_75	Dielectric_BE_28	71.54844822182
Planar_BE_75	Litho_FE_111	60.411899730923196
Planar_BE_75	WE_FE_47	53.69308265553922
Planar_BE_75	Litho_BE_99	49.0618300142081
Planar_BE_75	WE_FE_85	63.43235625873042
Planar_BE_75	DE_FE_62	60.45530246367428
Planar_BE_75	Litho_BE_110	65.6002178599473
Planar_BE_75	Dielectric_FE_112	79.3336083312515
Planar_BE_75	Planar_FE_78	28.4555944703777
Planar_BE_75	Planar_FE_77	34.371005549610395
Planar_BE_75	TF_FE_113	41.3435550955392
Planar_BE_75	DE_FE_58	71.02733958778371
Planar_BE_75	Dielectric_FE_31	70.24055774026884
Planar_BE_75	DE_BE_50	83.5784338455086
Planar_BE_75	Litho_REG_FE_64	46.66642799295593
Planar_BE_75	DefMet_FE_10	82.52096661697657
Planar_BE_75	Litho_REG_BE_63	55.09672826450484
Planar_BE_75	WE_BE_16	55.91212875934871
Planar_BE_75	Litho_BE_93	62.91892316004504
Planar_BE_75	LithoTrack_FE_96	39.60435428101615
Planar_BE_75	DE_FE_53	74.4102595315537
Planar_BE_75	DefMet_BE_33	69.83257870017853
Planar_BE_75	DE_FE_54	67.66785647273029
Planar_BE_75	DE_BE_11	63.87554966647908
Planar_BE_75	DE_FE_51	65.96670716929248
Planar_BE_75	DE_FE_71	56.45722379580662
Planar_BE_75	WE_BE_14	45.93613319975327
Planar_BE_75	Planar_FE_76	40.993243169016154
Planar_BE_75	TF_BE_26	43.90271929864544
Planar_BE_75	COMMIT	106.8914364187132
Planar_BE_75	EPI_36	70.54785515115928
Planar_BE_75	EPI_38	69.18352831457565
Planar_BE_75	Diffusion_FE_122	78.11904530082342
Planar_BE_75	Implant_119	71.91218198774294
Planar_BE_75	DE_BE_69	76.68764399163042
Planar_BE_75	TF_FE_5	49.54787054399748
Planar_BE_75	WE_FE_83	68.11329658159038
Planar_BE_75	LithoMet_FE_19	44.66575024366034
Planar_BE_75	Dielectric_BE_60	69.53710449728648
Planar_BE_75	Implant_91	73.06350867489003
Planar_BE_75	Implant_90	70.9599523993456
Dielectric_BE_28	Diffusion_FE_101	44.59979836885352
Dielectric_BE_28	TF_FE_104	65.73819521629481
Dielectric_BE_28	Implant_88	41.56298980388712
Dielectric_BE_28	DefMet_BE_42	30.326492788502808
Dielectric_BE_28	DE_FE_86	51.77186832763495
Dielectric_BE_28	TF_FE_103	58.29810667487591
Dielectric_BE_28	TF_BE_40	68.07287944285787
Dielectric_BE_28	LithoMet_BE_18	98.72580101942182
Dielectric_BE_28	Dielectric_BE_27	30.34776708131046
Dielectric_BE_28	Dielectric_FE_130	34.143060384633344
Dielectric_BE_28	STOCKER	60.528464323655896
Dielectric_BE_28	DE_BE_12	79.87987492971537
Dielectric_BE_28	Dielectric_FE_30	23.814760307883947
Dielectric_BE_28	Diffusion_FE_127	34.68870268137202
Dielectric_BE_28	DE_FE_56	62.10598536472594
Dielectric_BE_28	TF_Met_FE_61	71.67182259442986
Dielectric_BE_28	DefMet_FE_118	35.21672685347054
Dielectric_BE_28	TF_BE_23	69.74080664392181
Dielectric_BE_28	Diffusion_FE_126	31.719952686372018
Dielectric_BE_28	DE_FE_1	74.7644235586406
Dielectric_BE_28	Litho_FE_92	96.89642283485132
Dielectric_BE_28	DefMet_FE_34	35.21672685347054
Dielectric_BE_28	DE_BE_13	87.0177388205702
Dielectric_BE_28	Diffusion_FE_120	42.70128559448986
Dielectric_BE_28	Planar_FE_80	84.30123322345834
Dielectric_BE_28	WE_FE_108	52.87988061759107
Dielectric_BE_28	Implant_128	50.178681300212524
Dielectric_BE_28	Implant_132	58.97220108627898
Dielectric_BE_28	WE_FE_41	60.46811264592355
Dielectric_BE_28	WE_BE_17	52.39417631353648
Dielectric_BE_28	WE_BE_7	54.894176305405296
Dielectric_BE_28	WE_BE_82	61.79362166541381
Dielectric_BE_28	TF_BE_24	80.48952382590346
Dielectric_BE_28	DE_FE_70	62.780067366335054
Dielectric_BE_28	Diffusion_FE_100	31.652248615863098
Dielectric_BE_28	COMPLETE	105.85430291397992
Dielectric_BE_28	LithoTrack_BE_117	88.35110409281013
Dielectric_BE_28	WE_BE_81	63.09379779087795
Dielectric_BE_28	LithoTrack_FE_115	88.35495358704911
Dielectric_BE_28	DefMet_FE_43	38.41117129813721
Dielectric_BE_28	Diffusion_FE_44	48.46395056919878
Dielectric_BE_28	LithoTrack_FE_95	81.70682054948537
Dielectric_BE_28	Litho_FE_35	83.10942562145124
Dielectric_BE_28	DE_BE_48	84.68746486592156
Dielectric_BE_28	Diffusion_BE_123	28.323544918085318
Dielectric_BE_28	Implant_74	48.38736971101479
Dielectric_BE_28	Planar_FE_79	71.9601343185902
Dielectric_BE_28	DE_FE_59	70.85383174600602
Dielectric_BE_28	Diffusion_FE_94	46.93975018826658
Dielectric_BE_28	WE_FE_84	58.9676461500263
Dielectric_BE_28	TF_FE_131	55.40203721317124
Dielectric_BE_28	Dielectric_BE_20	31.90974647404354
Dielectric_BE_28	DE_BE_66	77.97113348641456
Dielectric_BE_28	TF_BE_2	83.51440563769371
Dielectric_BE_28	WE_BE_9	46.402627636946576
Dielectric_BE_28	TF_FE_3	56.044058195569264
Dielectric_BE_28	DE_FE_72	66.21961061660515
Dielectric_BE_28	Dielectric_BE_21	32.09210040110814
Dielectric_BE_28	Diffusion_FE_125	29.253286014372016
Dielectric_BE_28	TF_Met_FE_45	69.17682380370238
Dielectric_BE_28	WE_FE_8	59.72145559032927
Dielectric_BE_28	Dielectric_FE_29	28.905421812119492
Dielectric_BE_28	Litho_FE_98	94.77497020895042
Dielectric_BE_28	DE_BE_65	80.93461051615078
Dielectric_BE_28	DefMet_FE_106	32.13339351347054
Dielectric_BE_28	DE_BE_67	72.22831770167204
Dielectric_BE_28	Planar_BE_75	74.65157742140231
Dielectric_BE_28	Litho_FE_111	98.31771056296148
Dielectric_BE_28	WE_FE_47	60.44396633632368
Dielectric_BE_28	Litho_BE_99	86.96764084753998
Dielectric_BE_28	WE_FE_85	55.65490695957653
Dielectric_BE_28	DE_FE_62	66.48151840254361
Dielectric_BE_28	Litho_BE_110	103.50602869913358
Dielectric_BE_28	Dielectric_FE_112	22.34438041084078
Dielectric_BE_28	Planar_FE_78	67.46013431547087
Dielectric_BE_28	Planar_FE_77	72.82618089492128
Dielectric_BE_28	TF_FE_113	70.11837229659983
Dielectric_BE_28	DE_FE_58	63.96709647805927
Dielectric_BE_28	Dielectric_FE_31	24.26104412078276
Dielectric_BE_28	DE_BE_50	79.69527841815619
Dielectric_BE_28	Litho_REG_FE_64	84.57223882845607
Dielectric_BE_28	DefMet_FE_10	31.53109327181463
Dielectric_BE_28	Litho_REG_BE_63	93.00253908970551
Dielectric_BE_28	WE_BE_16	53.38746124152588
Dielectric_BE_28	Litho_BE_93	100.82473398727853
Dielectric_BE_28	LithoTrack_FE_96	78.60889413830606
Dielectric_BE_28	DE_FE_53	75.38849299663751
Dielectric_BE_28	DefMet_BE_33	45.36548664772593
Dielectric_BE_28	DE_FE_54	58.80042980472594
Dielectric_BE_28	DE_BE_11	91.16138263721128
Dielectric_BE_28	DE_FE_51	73.48337666615083
Dielectric_BE_28	DE_FE_71	59.47949599779134
Dielectric_BE_28	WE_BE_14	68.42026800632786
Dielectric_BE_28	Planar_FE_76	79.9977830208853
Dielectric_BE_28	TF_BE_26	65.9183910804074
Dielectric_BE_28	COMMIT	105.85430291397992
Dielectric_BE_28	EPI_36	42.21448047570425
Dielectric_BE_28	EPI_38	40.964480475704235
Dielectric_BE_28	Diffusion_FE_122	32.197980557053704
Dielectric_BE_28	Implant_119	43.46448047570425
Dielectric_BE_28	DE_BE_69	70.85019363745148
Dielectric_BE_28	TF_FE_5	59.307947085180196
Dielectric_BE_28	WE_FE_83	46.16991800335753
Dielectric_BE_28	LithoMet_FE_19	82.5715610767663
Dielectric_BE_28	Dielectric_BE_60	12.607118667252944
Dielectric_BE_28	Implant_91	38.75646704075946
Dielectric_BE_28	Implant_90	34.94694323075946
Litho_FE_111	Diffusion_FE_101	116.6164622559146
Litho_FE_111	TF_FE_104	65.70628449181883
Litho_FE_111	Implant_88	89.245274596876
Litho_FE_111	DefMet_BE_42	106.23769401975538
Litho_FE_111	DE_FE_86	89.32834854978557
Litho_FE_111	TF_FE_103	75.87656185940965
Litho_FE_111	TF_BE_40	64.37451762499808
Litho_FE_111	LithoMet_BE_18	35.90571460190727
Litho_FE_111	Dielectric_BE_27	109.42126705687659
Litho_FE_111	Dielectric_FE_130	117.0718998784479
Litho_FE_111	STOCKER	66.59962654764401
Litho_FE_111	DE_BE_12	61.711032125141244
Litho_FE_111	Dielectric_FE_30	100.76718557184319
Litho_FE_111	Diffusion_FE_127	105.99054520280771
Litho_FE_111	DE_FE_56	84.00375460631854
Litho_FE_111	TF_Met_FE_61	63.71802558712068
Litho_FE_111	DefMet_FE_118	112.25546951393507
Litho_FE_111	TF_BE_23	62.70994039385461
Litho_FE_111	Diffusion_FE_126	103.02179520845452
Litho_FE_111	DE_FE_1	62.41090284819718
Litho_FE_111	Litho_FE_92	30.037146464719946
Litho_FE_111	DefMet_FE_34	112.25546951393507
Litho_FE_111	DE_BE_13	51.507724584966745
Litho_FE_111	Diffusion_FE_120	114.69622738480031
Litho_FE_111	Planar_FE_80	46.31583828091095
Litho_FE_111	WE_FE_108	80.26201869564888
Litho_FE_111	Implant_128	88.96837836630576
Litho_FE_111	Implant_132	80.73132393248667
Litho_FE_111	WE_FE_41	74.0772064740169
Litho_FE_111	WE_BE_17	85.64990289026558
Litho_FE_111	WE_BE_7	73.8390076197591
Litho_FE_111	WE_BE_82	72.0214292170829
Litho_FE_111	TF_BE_24	54.38643547884381
Litho_FE_111	DE_FE_70	78.23104527717081
Litho_FE_111	Diffusion_FE_100	103.53857990172314
Litho_FE_111	COMPLETE	106.70647957051742
Litho_FE_111	LithoTrack_BE_117	42.71541312376434
Litho_FE_111	WE_BE_81	68.28420006499368
Litho_FE_111	LithoTrack_FE_115	45.48519019016426
Litho_FE_111	DefMet_FE_43	99.68213849033563
Litho_FE_111	Diffusion_FE_44	119.76579309825078
Litho_FE_111	LithoTrack_FE_95	51.579712561896876
Litho_FE_111	Litho_FE_35	27.66217936107696
Litho_FE_111	DE_BE_48	59.235321489695096
Litho_FE_111	Diffusion_BE_123	100.20987620369897
Litho_FE_111	Implant_74	84.43965726534381
Litho_FE_111	Planar_FE_79	63.192920108742996
Litho_FE_111	DE_FE_59	67.98109707699328
Litho_FE_111	Diffusion_FE_94	114.98859455916913
Litho_FE_111	WE_FE_84	82.40560277203218
Litho_FE_111	TF_FE_131	76.41396553090783
Litho_FE_111	Dielectric_BE_20	91.73168474499818
Litho_FE_111	DE_BE_66	64.40297906367478
Litho_FE_111	TF_BE_2	51.361553598843805
Litho_FE_111	WE_BE_9	87.29153430380889
Litho_FE_111	TF_FE_3	80.91861903993066
Litho_FE_111	DE_FE_72	75.45825186618876
Litho_FE_111	Dielectric_BE_21	94.4992328827101
Litho_FE_111	Diffusion_FE_125	100.55512853763723
Litho_FE_111	TF_Met_FE_45	61.44024780912066
Litho_FE_111	WE_FE_8	79.43156015134383
Litho_FE_111	Dielectric_FE_29	111.67134555832267
Litho_FE_111	Litho_FE_98	35.33857402026051
Litho_FE_111	DE_BE_65	59.60708473226959
Litho_FE_111	DefMet_FE_106	109.17213618650136
Litho_FE_111	DE_BE_67	69.50904764953516
Litho_FE_111	Planar_BE_75	58.80171109714092
Litho_FE_111	Dielectric_BE_28	97.22147039300249
Litho_FE_111	WE_FE_47	76.34822681934381
Litho_FE_111	Litho_BE_99	26.080391197202204
Litho_FE_111	WE_FE_85	81.41477529713407
Litho_FE_111	DE_FE_62	75.65567626327856
Litho_FE_111	Litho_BE_110	37.54190447644836
Litho_FE_111	Dielectric_FE_112	105.00663049702709
Litho_FE_111	Planar_FE_78	64.4172782162656
Litho_FE_111	Planar_FE_77	56.93409282266041
Litho_FE_111	TF_FE_113	63.99869925934381
Litho_FE_111	DE_FE_58	80.60894065755434
Litho_FE_111	Dielectric_FE_31	95.91357989950556
Litho_FE_111	DE_BE_50	61.73278450655396
Litho_FE_111	Litho_REG_FE_64	48.95834161649089
Litho_FE_111	DefMet_FE_10	108.19398879758606
Litho_FE_111	Litho_REG_BE_63	36.76897185517269
Litho_FE_111	WE_BE_16	77.03835330781986
Litho_FE_111	Litho_BE_93	28.268494594838355
Litho_FE_111	LithoTrack_FE_96	50.124289803120696
Litho_FE_111	DE_FE_53	66.0594417834288
Litho_FE_111	DefMet_BE_33	95.5056008869784
Litho_FE_111	DE_FE_54	80.48097811317226
Litho_FE_111	DE_BE_11	40.85049180372139
Litho_FE_111	DE_FE_51	69.00905107204304
Litho_FE_111	DE_FE_71	81.64554605462239
Litho_FE_111	WE_BE_14	66.77358114312071
Litho_FE_111	Planar_FE_76	51.51317869112067
Litho_FE_111	TF_BE_26	67.88367096125387
Litho_FE_111	COMMIT	106.70647957051742
Litho_FE_111	EPI_36	93.45418512277386
Litho_FE_111	EPI_38	92.07582726533677
Litho_FE_111	Diffusion_FE_122	103.79206746176416
Litho_FE_111	Implant_119	94.83254298021096
Litho_FE_111	DE_BE_69	70.13658516391189
Litho_FE_111	TF_FE_5	72.20301470780208
Litho_FE_111	WE_FE_83	92.72762517842261
Litho_FE_111	LithoMet_FE_19	50.07487307279107
Litho_FE_111	Dielectric_BE_60	95.21012666263461
Litho_FE_111	Implant_91	96.33601457127403
Litho_FE_111	Implant_90	94.25922526240815
WE_FE_47	Diffusion_FE_101	56.49040600452528
WE_FE_47	TF_FE_104	41.818699290227855
WE_FE_47	Implant_88	52.73877607635434
WE_FE_47	DefMet_BE_42	53.764821205440136
WE_FE_47	DE_FE_86	61.89849323643605
WE_FE_47	TF_FE_103	34.37861074982534
WE_FE_47	TF_BE_40	44.153383518726905
WE_FE_47	LithoMet_BE_18	74.80630510003402
WE_FE_47	Dielectric_BE_27	55.69535222202127
WE_FE_47	Dielectric_FE_130	56.945843618986515
WE_FE_47	STOCKER	48.60741196895946
WE_FE_47	DE_BE_12	98.72240490721198
WE_FE_47	Dielectric_FE_30	40.64112930892239
WE_FE_47	Diffusion_FE_127	45.86448895383924
WE_FE_47	DE_FE_56	84.37527085736549
WE_FE_47	TF_Met_FE_61	47.75232667649406
WE_FE_47	DefMet_FE_118	59.34815454544014
WE_FE_47	TF_BE_23	45.82131071570249
WE_FE_47	Diffusion_FE_126	42.89573895883923
WE_FE_47	DE_FE_1	81.79595307037476
WE_FE_47	Litho_FE_92	72.9769269096555
WE_FE_47	DefMet_FE_34	59.34815454544014
WE_FE_47	DE_BE_13	87.57720449213494
WE_FE_47	Diffusion_FE_120	54.57017113001071
WE_FE_47	Planar_FE_80	60.3817372933258
WE_FE_47	WE_FE_108	27.971284273995767
WE_FE_47	Implant_128	50.03103782840345
WE_FE_47	Implant_132	49.25590195938138
WE_FE_47	WE_FE_41	30.631038808611017
WE_FE_47	WE_BE_17	28.474680391535095
WE_FE_47	WE_BE_7	30.974680391535088
WE_FE_47	WE_BE_82	37.87412575838663
WE_FE_47	TF_BE_24	56.570027895770934
WE_FE_47	DE_FE_70	78.73863410998543
WE_FE_47	Diffusion_FE_100	43.412523650629495
WE_FE_47	COMPLETE	108.15467082870437
WE_FE_47	LithoTrack_BE_117	64.4316081691825
WE_FE_47	WE_BE_81	39.174301877195575
WE_FE_47	LithoTrack_FE_115	64.4354576626614
WE_FE_47	DefMet_FE_43	51.655479390610466
WE_FE_47	Diffusion_FE_44	59.63973684166601
WE_FE_47	LithoTrack_FE_95	57.78732462272641
WE_FE_47	Litho_FE_35	59.18992969538424
WE_FE_47	DE_BE_48	93.969669983403
WE_FE_47	Diffusion_BE_123	40.08381995285171
WE_FE_47	Implant_74	59.56315598348201
WE_FE_47	Planar_FE_79	48.04063839821509
WE_FE_47	DE_FE_59	73.19245045134188
WE_FE_47	Diffusion_FE_94	56.60594162155088
WE_FE_47	WE_FE_84	33.723876960795195
WE_FE_47	TF_FE_131	31.482541287685066
WE_FE_47	Dielectric_BE_20	43.70502568502009
WE_FE_47	DE_BE_66	87.15551341992011
WE_FE_47	TF_BE_2	59.59490970756117
WE_FE_47	WE_BE_9	22.483131739902202
WE_FE_47	TF_FE_3	32.12456227153509
WE_FE_47	DE_FE_72	63.7301753246718
WE_FE_47	Dielectric_BE_21	52.022285498837434
WE_FE_47	Diffusion_FE_125	40.42907228683924
WE_FE_47	TF_Met_FE_45	45.25732788373379
WE_FE_47	WE_FE_8	7.530952379885714
WE_FE_47	Dielectric_FE_29	51.54528929540188
WE_FE_47	Litho_FE_98	70.85547428491623
WE_FE_47	DE_BE_65	88.00554980271266
WE_FE_47	DefMet_FE_106	56.264821205440136
WE_FE_47	DE_BE_67	92.68009358155598
WE_FE_47	Planar_BE_75	50.732081495335365
WE_FE_47	Dielectric_BE_28	43.145112733125316
WE_FE_47	Litho_FE_111	74.39821464225365
WE_FE_47	Litho_BE_99	63.04814492553854
WE_FE_47	WE_FE_85	45.69636548348312
WE_FE_47	DE_FE_62	74.4416174006383
WE_FE_47	Litho_BE_110	79.58653277127775
WE_FE_47	Dielectric_FE_112	44.88057423151232
WE_FE_47	Planar_FE_78	43.54063839753509
WE_FE_47	Planar_FE_77	48.90668496885431
WE_FE_47	TF_FE_113	46.198876370532865
WE_FE_47	DE_FE_58	85.01365451135267
WE_FE_47	Dielectric_FE_31	35.78752365062949
WE_FE_47	DE_BE_50	97.56474876875315
WE_FE_47	Litho_REG_FE_64	60.65274290428635
WE_FE_47	DefMet_FE_10	55.43148787210679
WE_FE_47	Litho_REG_BE_63	69.08304317583529
WE_FE_47	WE_BE_16	29.467965319524502
WE_FE_47	Litho_BE_93	76.90523807137549
WE_FE_47	LithoTrack_FE_96	54.68939820817354
WE_FE_47	DE_FE_53	88.39657445910731
WE_FE_47	DefMet_BE_33	47.47894179168843
WE_FE_47	DE_FE_54	81.65417141519235
WE_FE_47	DE_BE_11	77.86186457780953
WE_FE_47	DE_FE_51	79.9530221017152
WE_FE_47	DE_FE_71	68.3592353474891
WE_FE_47	WE_BE_14	44.50077208676585
WE_FE_47	Planar_FE_76	56.07828709617355
WE_FE_47	TF_BE_26	41.998895150274855
WE_FE_47	COMMIT	108.15467082870437
WE_FE_47	EPI_36	48.210363892844654
WE_FE_47	EPI_38	46.96036389284465
WE_FE_47	Diffusion_FE_122	43.66601121067049
WE_FE_47	Implant_119	49.460363892844654
WE_FE_47	DE_BE_69	90.67395890296088
WE_FE_47	TF_FE_5	35.38845116046842
WE_FE_47	WE_FE_83	20.443601078190788
WE_FE_47	LithoMet_FE_19	58.65206515499078
WE_FE_47	Dielectric_BE_60	35.08407039686258
WE_FE_47	Implant_91	49.93225331322667
WE_FE_47	Implant_90	46.12272950322667
Litho_BE_99	Diffusion_FE_101	116.62497146346138
Litho_BE_99	TF_FE_104	64.39509149406116
Litho_BE_99	Implant_88	94.58871294787447
Litho_BE_99	DefMet_BE_42	106.2462032330186
Litho_BE_99	DE_FE_86	89.3368577565961
Litho_BE_99	TF_FE_103	86.44020803054629
Litho_BE_99	TF_BE_40	65.33989185008885
Litho_BE_99	LithoMet_BE_18	34.59452160414962
Litho_BE_99	Dielectric_BE_27	109.42977626443974
Litho_BE_99	Dielectric_FE_130	117.0804090816087
Litho_BE_99	STOCKER	69.53584724184881
Litho_BE_99	DE_BE_12	61.62861001744951
Litho_BE_99	Dielectric_FE_30	100.77569477870004
Litho_BE_99	Diffusion_FE_127	105.99905441345292
Litho_BE_99	DE_FE_56	84.01226372766662
Litho_BE_99	TF_Met_FE_61	62.40683258936302
Litho_BE_99	DefMet_FE_118	112.26397873015505
Litho_BE_99	TF_BE_23	67.94850050456294
Litho_BE_99	Diffusion_FE_126	103.03030442319611
Litho_BE_99	DE_FE_1	62.41941196954529
Litho_BE_99	Litho_FE_92	35.22727201123674
Litho_BE_99	DefMet_FE_34	112.26397873015505
Litho_BE_99	DE_BE_13	51.425302477319555
Litho_BE_99	Diffusion_FE_120	114.70473659165715
Litho_BE_99	Planar_FE_80	45.0046452831533
Litho_BE_99	WE_FE_108	83.55090370288937
Litho_BE_99	Implant_128	93.50212332300198
Litho_BE_99	Implant_132	79.42013093472903
Litho_BE_99	WE_FE_41	72.7660134762592
Litho_BE_99	WE_BE_17	100.17186739178008
Litho_BE_99	WE_BE_7	72.52781462200144
Litho_BE_99	WE_BE_82	70.68547927137881
Litho_BE_99	TF_BE_24	53.07524248108617
Litho_BE_99	DE_FE_70	78.23955442260156
Litho_BE_99	Diffusion_FE_100	103.54708911498638
Litho_BE_99	COMPLETE	106.00967201766981
Litho_BE_99	LithoTrack_BE_117	41.404220126006685
Litho_BE_99	WE_BE_81	66.973007067236
Litho_BE_99	LithoTrack_FE_115	44.113316098632964
Litho_BE_99	DefMet_FE_43	99.6906476940714
Litho_BE_99	Diffusion_FE_44	119.77430230137645
Litho_BE_99	LithoTrack_FE_95	53.2842545447761
Litho_BE_99	Litho_FE_35	42.31025433099217
Litho_BE_99	DE_BE_48	59.152899382321124
Litho_BE_99	Diffusion_BE_123	100.21838540937857
Litho_BE_99	Implant_74	83.12846426758614
Litho_BE_99	Planar_FE_79	71.38162161054866
Litho_BE_99	DE_FE_59	67.98960619834136
Litho_BE_99	Diffusion_FE_94	114.9028393214312
Litho_BE_99	WE_FE_84	81.09440977427451
Litho_BE_99	TF_FE_131	74.94423844890864
Litho_BE_99	Dielectric_BE_20	91.7401939486929
Litho_BE_99	DE_BE_66	64.41148818502288
Litho_BE_99	TF_BE_2	50.05036060108617
Litho_BE_99	WE_BE_9	85.76691680871778
Litho_BE_99	TF_FE_3	79.45376428501926
Litho_BE_99	DE_FE_72	75.4667610837167
Litho_BE_99	Dielectric_BE_21	94.50774209298571
Litho_BE_99	Diffusion_FE_125	100.56363775119608
Litho_BE_99	TF_Met_FE_45	60.12905481136301
Litho_BE_99	WE_FE_8	78.12036715358614
Litho_BE_99	Dielectric_FE_29	111.67985476517948
Litho_BE_99	Litho_FE_98	34.73035399943533
Litho_BE_99	DE_BE_65	59.58761501404172
Litho_BE_99	DefMet_FE_106	109.18064539015502
Litho_BE_99	DE_BE_67	69.51755677088325
Litho_BE_99	Planar_BE_75	57.423570165779694
Litho_BE_99	Dielectric_BE_28	97.22997959794974
Litho_BE_99	Litho_FE_111	18.943045660277754
Litho_BE_99	WE_FE_47	75.03703382158614
Litho_BE_99	WE_FE_85	80.1035822993764
Litho_BE_99	DE_FE_62	75.66418538462668
Litho_BE_99	Litho_BE_110	36.32666262156457
Litho_BE_99	Dielectric_FE_112	105.0151397054295
Litho_BE_99	Planar_FE_78	78.93924271778012
Litho_BE_99	Planar_FE_77	63.66783642757159
Litho_BE_99	TF_FE_113	62.687506261586144
Litho_BE_99	DE_FE_58	80.61744977890243
Litho_BE_99	Dielectric_FE_31	95.9220891095656
Litho_BE_99	DE_BE_50	61.68067280868556
Litho_BE_99	Litho_REG_FE_64	48.494935589666255
Litho_BE_99	DefMet_FE_10	108.20249800444289
Litho_BE_99	Litho_REG_BE_63	35.87956264357453
Litho_BE_99	WE_BE_16	85.6870626736237
Litho_BE_99	Litho_BE_93	17.793601081455993
Litho_BE_99	LithoTrack_FE_96	48.81309680536304
Litho_BE_99	DE_FE_53	66.06795090477686
Litho_BE_99	DefMet_BE_33	95.51411009334242
Litho_BE_99	DE_FE_54	80.48948723452035
Litho_BE_99	DE_BE_11	40.768069695783836
Litho_BE_99	DE_FE_51	69.01756019339113
Litho_BE_99	DE_FE_71	81.65405527557832
Litho_BE_99	WE_BE_14	65.46238814536301
Litho_BE_99	Planar_FE_76	50.201985693363035
Litho_BE_99	TF_BE_26	66.45752445544441
Litho_BE_99	COMMIT	106.00967201766981
Litho_BE_99	EPI_36	108.34492935720148
Litho_BE_99	EPI_38	107.09492935720148
Litho_BE_99	Diffusion_FE_122	103.80057666960657
Litho_BE_99	Implant_119	109.59492935720148
Litho_BE_99	DE_BE_69	70.14509428525997
Litho_BE_99	TF_FE_5	70.89182171004444
Litho_BE_99	WE_FE_83	91.32264382796512
Litho_BE_99	LithoMet_FE_19	60.241552031942234
Litho_BE_99	Dielectric_BE_60	95.21863586973785
Litho_BE_99	Implant_91	106.43276102416215
Litho_BE_99	Implant_90	106.25729496216279
WE_FE_85	Diffusion_FE_101	57.03195447539749
WE_FE_85	TF_FE_104	42.360247784641224
WE_FE_85	Implant_88	44.27396655343789
WE_FE_85	DefMet_BE_42	54.30636968363039
WE_FE_85	DE_FE_86	62.4400417212571
WE_FE_85	TF_FE_103	34.92015924423872
WE_FE_85	TF_BE_40	44.69493201314028
WE_FE_85	LithoMet_BE_18	75.34785359444741
WE_FE_85	Dielectric_BE_27	56.23690070021154
WE_FE_85	Dielectric_FE_130	57.48739209977875
WE_FE_85	STOCKER	48.21672076131639
WE_FE_85	DE_BE_12	99.26395340162536
WE_FE_85	Dielectric_FE_30	41.182677787112645
WE_FE_85	Diffusion_FE_127	46.406037432029514
WE_FE_85	DE_FE_56	84.91681935177887
WE_FE_85	TF_Met_FE_61	48.29387517090745
WE_FE_85	DefMet_FE_118	59.889703023630396
WE_FE_85	TF_BE_23	46.36285921011586
WE_FE_85	Diffusion_FE_126	43.43728743702951
WE_FE_85	DE_FE_1	82.33750156061647
WE_FE_85	Litho_FE_92	73.5184754040689
WE_FE_85	DefMet_FE_34	59.889703023630396
WE_FE_85	DE_BE_13	88.11875298553437
WE_FE_85	Diffusion_FE_120	55.11171960413539
WE_FE_85	Planar_FE_80	60.92328578773918
WE_FE_85	WE_FE_108	29.50193321496008
WE_FE_85	Implant_128	24.424078182499045
WE_FE_85	Implant_132	38.38365512660169
WE_FE_85	WE_FE_41	36.32465895829727
WE_FE_85	WE_BE_17	29.016228885948472
WE_FE_85	WE_BE_7	31.516228885948472
WE_FE_85	WE_BE_82	38.41567425280001
WE_FE_85	TF_BE_24	57.11157639018431
WE_FE_85	DE_FE_70	79.2801826043988
WE_FE_85	Diffusion_FE_100	43.95407212881976
WE_FE_85	COMPLETE	105.00220515815295
WE_FE_85	LithoTrack_BE_117	64.97315666359586
WE_FE_85	WE_BE_81	39.71585037160896
WE_FE_85	LithoTrack_FE_115	64.97700615707477
WE_FE_85	DefMet_FE_43	52.197027868800745
WE_FE_85	Diffusion_FE_44	60.181285319856286
WE_FE_85	LithoTrack_FE_95	58.32887311713977
WE_FE_85	Litho_FE_35	59.73147818979761
WE_FE_85	DE_BE_48	94.51121848129274
WE_FE_85	Diffusion_BE_123	40.625368431041984
WE_FE_85	Implant_74	42.09198845945883
WE_FE_85	Planar_FE_79	48.58218689262847
WE_FE_85	DE_FE_59	73.73399893764369
WE_FE_85	Diffusion_FE_94	54.03225995802695
WE_FE_85	WE_FE_84	26.43936024243264
WE_FE_85	TF_FE_131	32.02408978209844
WE_FE_85	Dielectric_BE_20	44.24657416321033
WE_FE_85	DE_BE_66	87.69706191047082
WE_FE_85	TF_BE_2	60.136458201974555
WE_FE_85	WE_BE_9	23.024680234315586
WE_FE_85	TF_FE_3	32.66611076594847
WE_FE_85	DE_FE_72	64.27172382093927
WE_FE_85	Dielectric_BE_21	52.563833977027706
WE_FE_85	Diffusion_FE_125	40.97062076502951
WE_FE_85	TF_Met_FE_45	45.79887637814717
WE_FE_85	WE_FE_8	29.505854251123434
WE_FE_85	Dielectric_FE_29	52.08683777359215
WE_FE_85	Litho_FE_98	71.3970227793296
WE_FE_85	DE_BE_65	88.547098305612
WE_FE_85	DefMet_FE_106	56.80636968363039
WE_FE_85	DE_BE_67	93.22164208616682
WE_FE_85	Planar_BE_75	51.27362998974875
WE_FE_85	Dielectric_BE_28	43.68666121131559
WE_FE_85	Litho_FE_111	74.93976313666703
WE_FE_85	WE_FE_47	32.642742658947554
WE_FE_85	Litho_BE_99	63.58969341995192
WE_FE_85	DE_FE_62	74.98316589505168
WE_FE_85	Litho_BE_110	80.12808126569112
WE_FE_85	Dielectric_FE_112	45.422122710885326
WE_FE_85	Planar_FE_78	44.082186891948474
WE_FE_85	Planar_FE_77	49.4482334632677
WE_FE_85	TF_FE_113	46.740424864946256
WE_FE_85	DE_FE_58	85.55520300576605
WE_FE_85	Dielectric_FE_31	36.32907212881975
WE_FE_85	DE_BE_50	98.10629726668155
WE_FE_85	Litho_REG_FE_64	61.19429139869973
WE_FE_85	DefMet_FE_10	55.973036350297065
WE_FE_85	Litho_REG_BE_63	69.62459167024866
WE_FE_85	WE_BE_16	30.009513813937886
WE_FE_85	Litho_BE_93	77.44678656578887
WE_FE_85	LithoTrack_FE_96	55.23094670258692
WE_FE_85	DE_FE_53	88.93812294270525
WE_FE_85	DefMet_BE_33	48.020490269878685
WE_FE_85	DE_FE_54	82.19571990960573
WE_FE_85	DE_BE_11	78.40341307222292
WE_FE_85	DE_FE_51	80.49457059885408
WE_FE_85	DE_FE_71	68.90078383202753
WE_FE_85	WE_BE_14	45.042320581179226
WE_FE_85	Planar_FE_76	56.61983559058692
WE_FE_85	TF_BE_26	42.54044364468823
WE_FE_85	COMMIT	105.00220515815295
WE_FE_85	EPI_36	15.908668632778411
WE_FE_85	EPI_38	14.658668632778411
WE_FE_85	Diffusion_FE_122	44.207559688860776
WE_FE_85	Implant_119	17.15866863277841
WE_FE_85	DE_BE_69	91.21550740278195
WE_FE_85	TF_FE_5	35.929999654881804
WE_FE_85	WE_FE_83	16.1491462532318
WE_FE_85	LithoMet_FE_19	59.19361364940418
WE_FE_85	Dielectric_BE_60	35.625618875052844
WE_FE_85	Implant_91	49.49067849277554
WE_FE_85	Implant_90	46.66427797735135
DE_FE_62	Diffusion_FE_101	75.85916921359443
DE_FE_62	TF_FE_104	66.09763061308603
DE_FE_62	Implant_88	72.10753928542348
DE_FE_62	DefMet_BE_42	65.48040097773091
DE_FE_62	DE_FE_86	48.5710555043281
DE_FE_62	TF_FE_103	58.39030550637062
DE_FE_62	TF_BE_40	70.0824834593492
DE_FE_62	LithoMet_BE_18	75.26700676386672
DE_FE_62	Dielectric_BE_27	68.66397401421146
DE_FE_62	Dielectric_FE_130	76.31460683065765
DE_FE_62	STOCKER	51.53285175154747
DE_FE_62	DE_BE_12	49.63737217619614
DE_FE_62	Dielectric_FE_30	60.00989252612271
DE_FE_62	Diffusion_FE_127	65.23325216290839
DE_FE_62	DE_FE_56	31.54759903685035
DE_FE_62	TF_Met_FE_61	78.98276265488353
DE_FE_62	DefMet_FE_118	71.49817647486736
DE_FE_62	TF_BE_23	57.25370439413994
DE_FE_62	Diffusion_FE_126	62.26450216790839
DE_FE_62	DE_FE_1	47.72776616202501
DE_FE_62	Litho_FE_92	73.43762857592205
DE_FE_62	DefMet_FE_34	71.49817647486736
DE_FE_62	DE_BE_13	60.09592763503596
DE_FE_62	Diffusion_FE_120	73.93893433907985
DE_FE_62	Planar_FE_80	60.996148934959514
DE_FE_62	WE_FE_108	77.51530153260897
DE_FE_62	Implant_128	80.72323078961466
DE_FE_62	Implant_132	89.51675057774789
DE_FE_62	WE_FE_41	84.89309356346634
DE_FE_62	WE_BE_17	64.5859680080424
DE_FE_62	WE_BE_7	67.08596800804239
DE_FE_62	WE_BE_82	81.24516896573893
DE_FE_62	TF_BE_24	68.48232549115431
DE_FE_62	DE_FE_70	30.679948396516313
DE_FE_62	Diffusion_FE_100	62.78128685969865
DE_FE_62	COMPLETE	106.29910685025887
DE_FE_62	LithoTrack_BE_117	64.89230983144427
DE_FE_62	WE_BE_81	75.82004088365152
DE_FE_62	LithoTrack_FE_115	64.89615932565717
DE_FE_62	DefMet_FE_43	58.92484544239757
DE_FE_62	Diffusion_FE_44	79.00850005073514
DE_FE_62	LithoTrack_FE_95	57.98524078202181
DE_FE_62	Litho_FE_35	59.650631361982654
DE_FE_62	DE_BE_48	54.317657153488
DE_FE_62	Diffusion_BE_123	59.45258316192086
DE_FE_62	Implant_74	78.93191919255115
DE_FE_62	Planar_FE_79	47.853343333795394
DE_FE_62	DE_FE_59	32.799068461164524
DE_FE_62	Diffusion_FE_94	77.4842996699685
DE_FE_62	WE_FE_84	90.89478676413239
DE_FE_62	TF_FE_131	67.59382890939617
DE_FE_62	Dielectric_BE_20	50.97439169521216
DE_FE_62	DE_BE_66	47.195094797269604
DE_FE_62	TF_BE_2	66.62634989285053
DE_FE_62	WE_BE_9	70.69401201126846
DE_FE_62	TF_FE_3	71.93560871704649
DE_FE_62	DE_FE_72	34.615525772671326
DE_FE_62	Dielectric_BE_21	53.741939840408406
DE_FE_62	Diffusion_FE_125	59.79783549590839
DE_FE_62	TF_Met_FE_45	76.70498487701232
DE_FE_62	WE_FE_8	90.26600508577118
DE_FE_62	Dielectric_FE_29	70.91405251260221
DE_FE_62	Litho_FE_98	71.31617594686824
DE_FE_62	DE_BE_65	54.09219416288889
DE_FE_62	DefMet_FE_106	68.41484313486737
DE_FE_62	DE_BE_67	42.78457137971836
DE_FE_62	Planar_BE_75	62.74463917145631
DE_FE_62	Dielectric_BE_28	56.46417734672764
DE_FE_62	Litho_FE_111	74.85891630885206
DE_FE_62	WE_FE_47	88.48724978245232
DE_FE_62	Litho_BE_99	63.50884659213696
DE_FE_62	WE_FE_85	86.19945644613436
DE_FE_62	Litho_BE_110	80.04723443787614
DE_FE_62	Dielectric_FE_112	64.24933745506979
DE_FE_62	Planar_FE_78	43.35334333404243
DE_FE_62	Planar_FE_77	48.71938990536165
DE_FE_62	TF_FE_113	76.26036755532097
DE_FE_62	DE_FE_58	33.40871015018368
DE_FE_62	Dielectric_FE_31	55.156286859698646
DE_FE_62	DE_BE_50	50.503964711970305
DE_FE_62	Litho_REG_FE_64	61.11344456551562
DE_FE_62	DefMet_FE_10	67.43669574915522
DE_FE_62	Litho_REG_BE_63	69.54374484243368
DE_FE_62	WE_BE_16	65.57925293487301
DE_FE_62	Litho_BE_93	77.36593973797393
DE_FE_62	LithoTrack_FE_96	54.50210314468088
DE_FE_62	DE_FE_53	45.661296894241936
DE_FE_62	DefMet_BE_33	54.748307843475516
DE_FE_62	DE_FE_54	28.69376583832684
DE_FE_62	DE_BE_11	65.4545695092197
DE_FE_62	DE_FE_51	43.53168751288463
DE_FE_62	DE_FE_71	40.327750948278904
DE_FE_62	WE_BE_14	77.68354871854838
DE_FE_62	Planar_FE_76	55.89099203268088
DE_FE_62	TF_BE_26	64.3973369543419
DE_FE_62	COMMIT	106.29910685025887
DE_FE_62	EPI_36	72.759029966511
DE_FE_62	EPI_38	71.50902996728351
DE_FE_62	Diffusion_FE_122	63.034774419739676
DE_FE_62	Implant_119	74.00902996573846
DE_FE_62	DE_BE_69	41.19525203252891
DE_FE_62	TF_FE_5	86.29877411153286
DE_FE_62	WE_FE_83	76.71446749545179
DE_FE_62	LithoMet_FE_19	59.112766814361486
DE_FE_62	Dielectric_BE_60	54.452833622194106
DE_FE_62	Implant_91	69.30101652229582
DE_FE_62	Implant_90	65.49149271229582
Litho_BE_110	Diffusion_FE_101	108.5406652079326
Litho_BE_110	TF_FE_104	71.58931573759907
Litho_BE_110	Implant_88	92.60453306020224
Litho_BE_110	DefMet_BE_42	98.16189697206909
Litho_BE_110	DE_FE_86	81.25255149916829
Litho_BE_110	TF_FE_103	79.7610325655689
Litho_BE_110	TF_BE_40	70.82871579921633
Litho_BE_110	LithoMet_BE_18	43.41366081980119
Litho_BE_110	Dielectric_BE_27	101.34547000863635
Litho_BE_110	Dielectric_FE_130	108.99610282616673
Litho_BE_110	STOCKER	64.4440032062143
Litho_BE_110	DE_BE_12	54.345789150678584
Litho_BE_110	Dielectric_FE_30	92.69138852078615
Litho_BE_110	Diffusion_FE_127	97.91474815789707
Litho_BE_110	DE_FE_56	75.92795746866865
Litho_BE_110	TF_Met_FE_61	69.71887588739989
Litho_BE_110	DefMet_FE_118	104.17967247050652
Litho_BE_110	TF_BE_23	68.80527789269968
Litho_BE_110	Diffusion_FE_126	94.94599816289706
Litho_BE_110	DE_FE_1	54.335105720691125
Litho_BE_110	Litho_FE_92	41.978456812724275
Litho_BE_110	DefMet_FE_34	104.17967247050652
Litho_BE_110	DE_BE_13	43.491274737606
Litho_BE_110	Diffusion_FE_120	106.62043033471905
Litho_BE_110	Planar_FE_80	52.31668858119016
Litho_BE_110	WE_FE_108	85.89413250858367
Litho_BE_110	Implant_128	93.9627573337928
Litho_BE_110	Implant_132	87.09864135650464
Litho_BE_110	WE_FE_41	80.04860722631939
Litho_BE_110	WE_BE_17	88.88783834869326
Litho_BE_110	WE_BE_7	79.66314501493706
Litho_BE_110	WE_BE_82	77.68459021190304
Litho_BE_110	TF_BE_24	60.38728577912301
Litho_BE_110	DE_FE_70	70.15524816360355
Litho_BE_110	Diffusion_FE_100	95.46278285403682
Litho_BE_110	COMPLETE	106.82576861538598
Litho_BE_110	LithoTrack_BE_117	48.574905612654995
Litho_BE_110	WE_BE_81	74.22614606357244
Litho_BE_110	LithoTrack_FE_115	50.50697226952254
Litho_BE_110	DefMet_FE_43	91.6063414380367
Litho_BE_110	Diffusion_FE_44	111.68999604702482
Litho_BE_110	LithoTrack_FE_95	57.03892381780132
Litho_BE_110	Litho_FE_35	46.7092458470394
Litho_BE_110	DE_BE_48	51.06859313346697
Litho_BE_110	Diffusion_BE_123	92.1340791548135
Litho_BE_110	Implant_74	91.7231424987087
Litho_BE_110	Planar_FE_79	67.46533633771767
Litho_BE_110	DE_FE_59	59.90529994340091
Litho_BE_110	Diffusion_FE_94	108.23015214222758
Litho_BE_110	WE_FE_84	88.36838717978276
Litho_BE_110	TF_FE_131	79.95400567720284
Litho_BE_110	Dielectric_BE_20	83.65588769117655
Litho_BE_110	DE_BE_66	56.327181936168714
Litho_BE_110	TF_BE_2	57.36240389912302
Litho_BE_110	WE_BE_9	89.82451719754455
Litho_BE_110	TF_FE_3	84.30149797624506
Litho_BE_110	DE_FE_72	67.3824548247187
Litho_BE_110	Dielectric_BE_21	86.42343583409607
Litho_BE_110	Diffusion_FE_125	92.47933148985628
Litho_BE_110	TF_Met_FE_45	67.44109810939989
Litho_BE_110	WE_FE_8	85.43241045162304
Litho_BE_110	Dielectric_FE_29	103.59554850889191
Litho_BE_110	Litho_FE_98	42.04239729747219
Litho_BE_110	DE_BE_65	51.503308765187526
Litho_BE_110	DefMet_FE_106	101.09633913115702
Litho_BE_110	DE_BE_67	61.4332505220291
Litho_BE_110	Planar_BE_75	63.706248343610504
Litho_BE_110	Dielectric_BE_28	89.1456733420415
Litho_BE_110	Litho_FE_111	37.70991770300286
Litho_BE_110	WE_FE_47	82.34907711962305
Litho_BE_110	Litho_BE_99	38.46322522166748
Litho_BE_110	WE_FE_85	91.78194310979573
Litho_BE_110	DE_FE_62	67.57987912562866
Litho_BE_110	Dielectric_FE_112	96.93083344875747
Litho_BE_110	Planar_FE_78	67.6552136779379
Litho_BE_110	Planar_FE_77	63.71356654677325
Litho_BE_110	TF_FE_113	69.999549559623
Litho_BE_110	DE_FE_58	72.53314352328574
Litho_BE_110	Dielectric_FE_31	87.83778285273584
Litho_BE_110	DE_BE_50	53.59636655983139
Litho_BE_110	Litho_REG_FE_64	52.990632412842594
Litho_BE_110	DefMet_FE_10	100.11819174479434
Litho_BE_110	Litho_REG_BE_63	43.19160594161138
Litho_BE_110	WE_BE_16	82.91990289234164
Litho_BE_110	Litho_BE_93	27.97455451208561
Litho_BE_110	LithoTrack_FE_96	60.34498519912452
Litho_BE_110	DE_FE_53	57.98364465592272
Litho_BE_110	DefMet_BE_33	87.42980383781367
Litho_BE_110	DE_FE_54	72.40518098059428
Litho_BE_110	DE_BE_11	35.088219593179375
Litho_BE_110	DE_FE_51	60.93325394453697
Litho_BE_110	DE_FE_71	73.5697490165803
Litho_BE_110	WE_BE_14	74.46236948272801
Litho_BE_110	Planar_FE_76	61.73387408712452
Litho_BE_110	TF_BE_26	72.03801051776193
Litho_BE_110	COMMIT	106.82576861538598
Litho_BE_110	EPI_36	96.8362283518085
Litho_BE_110	EPI_38	95.50802879623421
Litho_BE_110	Diffusion_FE_122	95.71627041342735
Litho_BE_110	Implant_119	98.16442790738277
Litho_BE_110	DE_BE_69	62.06078803640582
Litho_BE_110	TF_FE_5	78.20386500808128
Litho_BE_110	WE_FE_83	95.54754646558413
Litho_BE_110	LithoMet_FE_19	54.53643991321372
Litho_BE_110	Dielectric_BE_60	87.13432961606765
Litho_BE_110	Implant_91	96.31981004459297
Litho_BE_110	Implant_90	93.69425695569578
Dielectric_FE_112	Diffusion_FE_101	51.07679772240284
Dielectric_FE_112	TF_FE_104	77.66489105459107
Dielectric_FE_112	Implant_88	48.91278945021208
Dielectric_FE_112	DefMet_BE_42	22.6644989591993
Dielectric_FE_112	DE_FE_86	45.00033854437748
Dielectric_FE_112	TF_FE_103	70.22479954501148
Dielectric_FE_112	TF_BE_40	79.99957231011145
Dielectric_FE_112	LithoMet_BE_18	110.65249389701542
Dielectric_FE_112	Dielectric_BE_27	25.115892316640615
Dielectric_FE_112	Dielectric_FE_130	15.17626060735876
Dielectric_FE_112	STOCKER	66.04191590518015
Dielectric_FE_112	DE_BE_12	71.63031995181525
Dielectric_FE_112	Dielectric_FE_30	25.727232150922987
Dielectric_FE_112	Diffusion_FE_127	42.03850232769696
Dielectric_FE_112	DE_FE_56	54.443991535422455
Dielectric_FE_112	TF_Met_FE_61	83.59853331926737
Dielectric_FE_112	DefMet_FE_118	28.247832299199295
Dielectric_FE_112	TF_BE_23	81.66749950932325
Dielectric_FE_112	Diffusion_FE_126	39.06975233269697
Dielectric_FE_112	DE_FE_1	69.5295439667999
Dielectric_FE_112	Litho_FE_92	108.82311570404971
Dielectric_FE_112	DefMet_FE_34	28.247832299199295
Dielectric_FE_112	DE_BE_13	81.79409453174398
Dielectric_FE_112	Diffusion_FE_120	49.20000704819006
Dielectric_FE_112	Planar_FE_80	96.22792609146873
Dielectric_FE_112	WE_FE_108	64.80660905879594
Dielectric_FE_112	Implant_128	57.52848094653748
Dielectric_FE_112	Implant_132	66.32200073260395
Dielectric_FE_112	WE_FE_41	71.55902195877195
Dielectric_FE_112	WE_BE_17	64.32088703430837
Dielectric_FE_112	WE_BE_7	66.8208870343084
Dielectric_FE_112	WE_BE_82	73.7203430184455
Dielectric_FE_112	TF_BE_24	92.41621668800028
Dielectric_FE_112	DE_FE_70	55.71448024530581
Dielectric_FE_112	Diffusion_FE_100	38.25958057031777
Dielectric_FE_112	COMPLETE	105.69820582083148
Dielectric_FE_112	LithoTrack_BE_117	100.277796964073
Dielectric_FE_112	WE_BE_81	75.02051441846085
Dielectric_FE_112	LithoTrack_FE_115	100.28164645939022
Dielectric_FE_112	DefMet_FE_43	31.442276743865968
Dielectric_FE_112	Diffusion_FE_44	55.81375021552375
Dielectric_FE_112	LithoTrack_FE_95	93.63351341932803
Dielectric_FE_112	Litho_FE_35	95.03611848170007
Dielectric_FE_112	DE_BE_48	76.22756326394648
Dielectric_FE_112	Diffusion_BE_123	34.93087687254
Dielectric_FE_112	Implant_74	55.73716935733974
Dielectric_FE_112	Planar_FE_79	83.8868271836438
Dielectric_FE_112	DE_FE_59	66.65498369760915
Dielectric_FE_112	Diffusion_FE_94	54.289549834591526
Dielectric_FE_112	WE_FE_84	65.9403616549933
Dielectric_FE_112	TF_FE_131	67.32874793742796
Dielectric_FE_112	Dielectric_BE_20	39.85461255415515
Dielectric_FE_112	DE_BE_66	69.15365750958551
Dielectric_FE_112	TF_BE_2	95.44109850570409
Dielectric_FE_112	WE_BE_9	58.329356078151434
Dielectric_FE_112	TF_FE_3	67.97076891837398
Dielectric_FE_112	DE_FE_72	58.31592414471769
Dielectric_FE_112	Dielectric_BE_21	40.14768070961982
Dielectric_FE_112	Diffusion_FE_125	36.60308566069696
Dielectric_FE_112	TF_Met_FE_45	81.10353452650709
Dielectric_FE_112	WE_FE_8	67.07125523665424
Dielectric_FE_112	Dielectric_FE_29	17.659593943358765
Dielectric_FE_112	Litho_FE_98	106.70166308305919
Dielectric_FE_112	DE_BE_65	75.93659005895825
Dielectric_FE_112	DefMet_FE_106	25.164498959199303
Dielectric_FE_112	DE_BE_67	64.76512843768336
Dielectric_FE_112	Planar_BE_75	86.57827028810937
Dielectric_FE_112	Dielectric_BE_28	29.09029928078878
Dielectric_FE_112	Litho_FE_111	110.24440343743983
Dielectric_FE_112	WE_FE_47	69.6245375006006
Dielectric_FE_112	Litho_BE_99	98.89433371776799
Dielectric_FE_112	WE_FE_85	63.00470660590149
Dielectric_FE_112	DE_FE_62	57.642177420926245
Dielectric_FE_112	Litho_BE_110	115.43272156847458
Dielectric_FE_112	Planar_FE_78	79.38682717941566
Dielectric_FE_112	Planar_FE_77	84.75287376477966
Dielectric_FE_112	TF_FE_113	82.04507408507739
Dielectric_FE_112	DE_FE_58	56.305102648755785
Dielectric_FE_112	Dielectric_FE_31	31.165363151985556
Dielectric_FE_112	DE_BE_50	72.46113937897904
Dielectric_FE_112	Litho_REG_FE_64	96.49893170242935
Dielectric_FE_112	DefMet_FE_10	24.331165625865967
Dielectric_FE_112	Litho_REG_BE_63	104.92923197028226
Dielectric_FE_112	WE_BE_16	65.3141719622978
Dielectric_FE_112	Litho_BE_93	112.75142686360492
Dielectric_FE_112	LithoTrack_FE_96	90.53558700631648
Dielectric_FE_112	DE_FE_53	68.65423205573619
Dielectric_FE_112	DefMet_BE_33	38.39659209345468
Dielectric_FE_112	DE_FE_54	51.138435975422446
Dielectric_FE_112	DE_BE_11	88.88787606987225
Dielectric_FE_112	DE_FE_51	65.6590519531572
Dielectric_FE_112	DE_FE_71	53.23408525645688
Dielectric_FE_112	WE_BE_14	80.34697872953913
Dielectric_FE_112	Planar_FE_76	91.92447589135969
Dielectric_FE_112	TF_BE_26	77.84508394526387
Dielectric_FE_112	COMMIT	105.69820582083148
Dielectric_FE_112	EPI_36	49.56428012202921
Dielectric_FE_112	EPI_38	48.3142801220292
Dielectric_FE_112	Diffusion_FE_122	39.176546357443506
Dielectric_FE_112	Implant_119	50.81428012202921
Dielectric_FE_112	DE_BE_69	63.188199808148
Dielectric_FE_112	TF_FE_5	71.2346578086625
Dielectric_FE_112	WE_FE_83	53.51971764968249
Dielectric_FE_112	LithoMet_FE_19	94.49825394951992
Dielectric_FE_112	Dielectric_BE_60	31.753193610240192
Dielectric_FE_112	Implant_91	46.10626668708441
Dielectric_FE_112	Implant_90	42.29674287708441
Planar_FE_78	Diffusion_FE_101	99.67946805776998
Planar_FE_78	TF_FE_104	41.832029401657174
Planar_FE_78	Implant_88	66.97311541430982
Planar_FE_78	DefMet_BE_42	89.3006998072703
Planar_FE_78	DE_FE_86	72.39135434358126
Planar_FE_78	TF_FE_103	53.094986834608086
Planar_FE_78	TF_BE_40	40.68170973996236
Planar_FE_78	LithoMet_BE_18	57.49779457707247
Planar_FE_78	Dielectric_BE_27	92.484272844835
Planar_FE_78	Dielectric_FE_130	100.13490567645947
Planar_FE_78	STOCKER	54.22368049427547
Planar_FE_78	DE_BE_12	81.41389437884271
Planar_FE_78	Dielectric_FE_30	83.83019136379332
Planar_FE_78	Diffusion_FE_127	89.05355100871017
Planar_FE_78	DE_FE_56	67.0667603181808
Planar_FE_78	TF_Met_FE_61	39.843770496959046
Planar_FE_78	DefMet_FE_118	95.31847530440676
Planar_FE_78	TF_BE_23	39.41465715522621
Planar_FE_78	Diffusion_FE_126	86.08480101371018
Planar_FE_78	DE_FE_1	64.48744253628874
Planar_FE_78	Litho_FE_92	55.66841638669397
Planar_FE_78	DefMet_FE_34	95.31847530440676
Planar_FE_78	DE_BE_13	70.26869399258305
Planar_FE_78	Diffusion_FE_120	97.75923317675048
Planar_FE_78	Planar_FE_80	21.85709443299698
Planar_FE_78	WE_FE_108	56.78603624559401
Planar_FE_78	Implant_128	65.56337204407617
Planar_FE_78	Implant_132	56.85706884232502
Planar_FE_78	WE_FE_41	50.202951383855236
Planar_FE_78	WE_BE_17	63.23252782570826
Planar_FE_78	WE_BE_7	49.96475252959746
Planar_FE_78	WE_BE_82	48.12241717897483
Planar_FE_78	TF_BE_24	30.512180388682175
Planar_FE_78	DE_FE_70	61.29405101311569
Planar_FE_78	Diffusion_FE_100	86.60158568923806
Planar_FE_78	COMPLETE	104.62078314694413
Planar_FE_78	LithoTrack_BE_117	47.123097646220934
Planar_FE_78	WE_BE_81	44.40994497483201
Planar_FE_78	LithoTrack_FE_115	47.12694713969983
Planar_FE_78	DefMet_FE_43	82.74514427193695
Planar_FE_78	Diffusion_FE_44	102.82879889653698
Planar_FE_78	LithoTrack_FE_95	37.1030258725835
Planar_FE_78	Litho_FE_35	41.88141917242268
Planar_FE_78	DE_BE_48	76.6611595220608
Planar_FE_78	Diffusion_BE_123	83.27288199146028
Planar_FE_78	Implant_74	60.56540217518215
Planar_FE_78	Planar_FE_79	8.714285714965715
Planar_FE_78	DE_FE_59	55.88393991215717
Planar_FE_78	Diffusion_FE_94	97.55608172418032
Planar_FE_78	WE_FE_84	58.53134768187053
Planar_FE_78	TF_FE_131	52.38117635650467
Planar_FE_78	Dielectric_BE_20	74.79469053830354
Planar_FE_78	DE_BE_66	69.84702779002195
Planar_FE_78	TF_BE_2	27.487298508682166
Planar_FE_78	WE_BE_9	63.203854716313835
Planar_FE_78	TF_FE_3	56.89070219261529
Planar_FE_78	DE_FE_72	58.52125767423085
Planar_FE_78	Dielectric_BE_21	77.5622386719806
Planar_FE_78	Diffusion_FE_125	83.61813434171016
Planar_FE_78	TF_Met_FE_45	37.56599271895904
Planar_FE_78	WE_FE_8	55.55730506118216
Planar_FE_78	Dielectric_FE_29	94.73435135027285
Planar_FE_78	Litho_FE_98	53.546963761954665
Planar_FE_78	DE_BE_65	70.6970392782536
Planar_FE_78	DefMet_FE_106	92.23514198066914
Planar_FE_78	DE_BE_67	75.3715923935512
Planar_FE_78	Planar_BE_75	33.70025394551985
Planar_FE_78	Dielectric_BE_28	80.28447618846381
Planar_FE_78	Litho_FE_111	57.08970411929209
Planar_FE_78	WE_FE_47	52.47397172918215
Planar_FE_78	Litho_BE_99	45.739634402576996
Planar_FE_78	WE_FE_85	57.54052020697241
Planar_FE_78	DE_FE_62	58.718681975140804
Planar_FE_78	Litho_BE_110	62.27802224831619
Planar_FE_78	Dielectric_FE_112	88.06963629052278
Planar_FE_78	Planar_FE_77	22.812425428243394
Planar_FE_78	TF_FE_113	40.12444416918217
Planar_FE_78	DE_FE_58	67.70514397216797
Planar_FE_78	Dielectric_FE_31	78.97658569574301
Planar_FE_78	DE_BE_50	80.256238267862
Planar_FE_78	Litho_REG_FE_64	43.34423238132482
Planar_FE_78	DefMet_FE_10	91.25699458953619
Planar_FE_78	Litho_REG_BE_63	51.77453265287373
Planar_FE_78	WE_BE_16	54.0302166691496
Planar_FE_78	Litho_BE_93	59.596727548413945
Planar_FE_78	LithoTrack_FE_96	15.363045524924168
Planar_FE_78	DE_FE_53	71.08806391992259
Planar_FE_78	DefMet_BE_33	78.5686066892773
Planar_FE_78	DE_FE_54	64.34569356539049
Planar_FE_78	DE_BE_11	60.55335405484798
Planar_FE_78	DE_FE_51	62.64453248775888
Planar_FE_78	DE_FE_71	64.70855186609244
Planar_FE_78	WE_BE_14	42.89932605295904
Planar_FE_78	Planar_FE_76	16.751934412924168
Planar_FE_78	TF_BE_26	43.89446236304041
Planar_FE_78	COMMIT	104.62078314694413
Planar_FE_78	EPI_36	70.78150101235363
Planar_FE_78	EPI_38	69.3142800228447
Planar_FE_78	Diffusion_FE_122	86.85507325741027
Planar_FE_78	Implant_119	72.24872200186256
Planar_FE_78	DE_BE_69	73.36544837999931
Planar_FE_78	TF_FE_5	48.32875961764045
Planar_FE_78	WE_FE_83	68.75958173556113
Planar_FE_78	LithoMet_FE_19	41.343554632029246
Planar_FE_78	Dielectric_BE_60	78.2731324610263
Planar_FE_78	Implant_91	75.20820960715177
Planar_FE_78	Implant_90	73.58916198743748
Planar_FE_77	Diffusion_FE_101	93.89675481926386
Planar_FE_77	TF_FE_104	48.16036574159681
Planar_FE_77	Implant_88	71.17658435321945
Planar_FE_77	DefMet_BE_42	83.51798657608227
Planar_FE_77	DE_FE_86	66.60864110311603
Planar_FE_77	TF_FE_103	57.83770004796499
Planar_FE_77	TF_BE_40	46.77207785476484
Planar_FE_77	LithoMet_BE_18	51.71508133775326
Planar_FE_77	Dielectric_BE_27	86.70155961202073
Planar_FE_77	Dielectric_FE_130	94.35219243714023
Planar_FE_77	STOCKER	51.157758414935
Planar_FE_77	DE_BE_12	75.63118113952346
Planar_FE_77	Dielectric_FE_30	78.04747812853967
Planar_FE_77	Diffusion_FE_127	83.27083776939091
Planar_FE_77	DE_FE_56	61.28404707886156
Planar_FE_77	TF_Met_FE_61	46.17210683689868
Planar_FE_77	DefMet_FE_118	89.53576207321872
Planar_FE_77	TF_BE_23	44.89803755512641
Planar_FE_77	Diffusion_FE_126	80.30208777439093
Planar_FE_77	DE_FE_1	58.70472929696952
Planar_FE_77	Litho_FE_92	49.88570314737474
Planar_FE_77	DefMet_FE_34	89.53576207321872
Planar_FE_77	DE_BE_13	64.48598075326382
Planar_FE_77	Diffusion_FE_120	91.97651994149683
Planar_FE_77	Planar_FE_80	28.18543077293662
Planar_FE_77	WE_FE_108	62.57337635016902
Planar_FE_77	Implant_128	71.19690925444043
Planar_FE_77	Implant_132	63.18540518226463
Planar_FE_77	WE_FE_41	56.53128772379488
Planar_FE_77	WE_BE_17	67.44673266468202
Planar_FE_77	WE_BE_7	56.2930888695371
Planar_FE_77	WE_BE_82	54.56355390997523
Planar_FE_77	TF_BE_24	36.84051672862181
Planar_FE_77	DE_FE_70	55.51133777379647
Planar_FE_77	Diffusion_FE_100	80.81887245805001
Planar_FE_77	COMPLETE	104.89359469928222
Planar_FE_77	LithoTrack_BE_117	41.34038440690172
Planar_FE_77	WE_BE_81	50.738281314771655
Planar_FE_77	LithoTrack_FE_115	41.344233900380615
Planar_FE_77	DefMet_FE_43	76.96243104074892
Planar_FE_77	Diffusion_FE_44	97.0460856490865
Planar_FE_77	LithoTrack_FE_95	33.0316562893893
Planar_FE_77	Litho_FE_35	36.09870593310346
Planar_FE_77	DE_BE_48	70.87844628274156
Planar_FE_77	Diffusion_BE_123	77.49016876027223
Planar_FE_77	Implant_74	66.89373851512178
Planar_FE_77	Planar_FE_79	15.042622054905351
Planar_FE_77	DE_FE_59	50.10122667283795
Planar_FE_77	Diffusion_FE_94	92.63844345480814
Planar_FE_77	WE_FE_84	65.04538140458122
Planar_FE_77	TF_FE_131	59.422111796765805
Planar_FE_77	Dielectric_BE_20	69.01197730033948
Planar_FE_77	DE_BE_66	64.06431455070272
Planar_FE_77	TF_BE_2	33.81563484862181
Planar_FE_77	WE_BE_9	70.48641811360645
Planar_FE_77	TF_FE_3	63.90210129125187
Planar_FE_77	DE_FE_72	52.73854443142683
Planar_FE_77	Dielectric_BE_21	71.77952543977617
Planar_FE_77	Diffusion_FE_125	77.83542110239091
Planar_FE_77	TF_Met_FE_45	43.89432905889868
Planar_FE_77	WE_FE_8	61.88564140112179
Planar_FE_77	Dielectric_FE_29	88.9516381150192
Planar_FE_77	Litho_FE_98	47.764250522635436
Planar_FE_77	DE_BE_65	64.91432603893435
Planar_FE_77	DefMet_FE_106	86.4524287413499
Planar_FE_77	DE_BE_67	69.58887915423195
Planar_FE_77	Planar_BE_75	40.028590285459494
Planar_FE_77	Dielectric_BE_28	74.50176294711177
Planar_FE_77	Litho_FE_111	51.30699087997286
Planar_FE_77	WE_FE_47	58.80230806912179
Planar_FE_77	Litho_BE_99	39.95692116325777
Planar_FE_77	WE_FE_85	63.86885654691204
Planar_FE_77	DE_FE_62	52.93596873582158
Planar_FE_77	Litho_BE_110	56.495309008996955
Planar_FE_77	Dielectric_FE_112	82.28692305637793
Planar_FE_77	Planar_FE_78	10.542622054225355
Planar_FE_77	TF_FE_113	46.45278050912181
Planar_FE_77	DE_FE_58	61.922430732848746
Planar_FE_77	Dielectric_FE_31	73.1938724613025
Planar_FE_77	DE_BE_50	74.47352502854277
Planar_FE_77	Litho_REG_FE_64	37.56151914200559
Planar_FE_77	DefMet_FE_10	85.47428135292735
Planar_FE_77	Litho_REG_BE_63	45.9918194135545
Planar_FE_77	WE_BE_16	59.091526066499426
Planar_FE_77	Litho_BE_93	53.81401430909472
Planar_FE_77	LithoTrack_FE_96	21.691381864863807
Planar_FE_77	DE_FE_53	65.30535068060337
Planar_FE_77	DefMet_BE_33	72.78589344995807
Planar_FE_77	DE_FE_54	58.56298032607126
Planar_FE_77	DE_BE_11	54.77064081552874
Planar_FE_77	DE_FE_51	56.86181924843965
Planar_FE_77	DE_FE_71	58.92583862677323
Planar_FE_77	WE_BE_14	49.22766239289868
Planar_FE_77	Planar_FE_76	14.0853974641417
Planar_FE_77	TF_BE_26	50.73747764580724
Planar_FE_77	COMMIT	104.89359469928222
Planar_FE_77	EPI_36	75.3077502407154
Planar_FE_77	EPI_38	73.94913974596093
Planar_FE_77	Diffusion_FE_122	81.07236002215662
Planar_FE_77	Implant_119	76.66636073546987
Planar_FE_77	DE_BE_69	67.58273514068007
Planar_FE_77	TF_FE_5	54.657095957580076
Planar_FE_77	WE_FE_83	76.2745093661458
Planar_FE_77	LithoMet_FE_19	35.56084139271001
Planar_FE_77	Dielectric_BE_60	72.49041922519187
Planar_FE_77	Implant_91	77.89391611675424
Planar_FE_77	Implant_90	75.66776352531711
TF_FE_113	Diffusion_FE_101	68.8982015833635
TF_FE_113	TF_FE_104	29.125763982597793
TF_FE_113	Implant_88	65.14657165519257
TF_FE_113	DefMet_BE_42	58.5194333475
TF_FE_113	DE_FE_86	51.14573557305487
TF_FE_113	TF_FE_103	21.418438874466098
TF_FE_113	TF_BE_40	31.51441018302322
TF_FE_113	LithoMet_BE_18	63.01511087343403
TF_FE_113	Dielectric_BE_27	61.70300638343847
TF_FE_113	Dielectric_FE_130	69.35363920042674
TF_FE_113	STOCKER	45.24235994213349
TF_FE_113	DE_BE_12	86.93121068061198
TF_FE_113	Dielectric_FE_30	53.04892488776062
TF_FE_113	Diffusion_FE_127	58.27228453267749
TF_FE_113	DE_FE_56	72.5840766307655
TF_FE_113	TF_Met_FE_61	40.407476677769615
TF_FE_113	DefMet_FE_118	64.53720884463647
TF_FE_113	TF_BE_23	34.03011648910247
TF_FE_113	Diffusion_FE_126	55.303534537677486
TF_FE_113	DE_FE_1	70.00475884423827
TF_FE_113	Litho_FE_92	61.18573268305551
TF_FE_113	DefMet_FE_34	64.53720884463647
TF_FE_113	DE_BE_13	75.78601026502798
TF_FE_113	Diffusion_FE_120	66.97796670884895
TF_FE_113	Planar_FE_80	48.590543066725786
TF_FE_113	WE_FE_108	57.02379723952915
TF_FE_113	Implant_128	63.167701914361444
TF_FE_113	Implant_132	61.6637440441457
TF_FE_113	WE_FE_41	52.370076911549
TF_FE_113	WE_BE_17	52.44509750626155
TF_FE_113	WE_BE_7	50.528458710408046
TF_FE_113	WE_BE_82	49.64251420426922
TF_FE_113	TF_BE_24	44.77883366917092
TF_FE_113	DE_FE_70	66.94743988164723
TF_FE_113	Diffusion_FE_100	55.82031922946774
TF_FE_113	COMPLETE	108.46300406302755
TF_FE_113	LithoTrack_BE_117	52.640413942582505
TF_FE_113	WE_BE_81	46.04259738689805
TF_FE_113	LithoTrack_FE_115	52.64426343606141
TF_FE_113	DefMet_FE_43	51.96387781216665
TF_FE_113	Diffusion_FE_44	72.04753242050424
TF_FE_113	LithoTrack_FE_95	45.99613039612642
TF_FE_113	Litho_FE_35	47.39873546878424
TF_FE_113	DE_BE_48	82.17847575796178
TF_FE_113	Diffusion_BE_123	52.491615531689945
TF_FE_113	Implant_74	71.97095156232024
TF_FE_113	Planar_FE_79	36.24944417161508
TF_FE_113	DE_FE_59	61.40125622149725
TF_FE_113	Diffusion_FE_94	70.15333897847727
TF_FE_113	WE_FE_84	61.21003474767045
TF_FE_113	TF_FE_131	16.576495160089234
TF_FE_113	Dielectric_BE_20	44.01342406498123
TF_FE_113	DE_BE_66	75.36431919486515
TF_FE_113	TF_BE_2	47.803715480961166
TF_FE_113	WE_BE_9	58.55314151350476
TF_FE_113	TF_FE_3	24.77971227281065
TF_FE_113	DE_FE_72	51.938981099925854
TF_FE_113	Dielectric_BE_21	46.78097221017748
TF_FE_113	Diffusion_FE_125	52.83686786567747
TF_FE_113	TF_Met_FE_45	38.931408573211215
TF_FE_113	WE_FE_8	57.72443058887592
TF_FE_113	Dielectric_FE_29	63.953084874240126
TF_FE_113	Litho_FE_98	59.06428005831623
TF_FE_113	DE_BE_65	76.21435558397464
TF_FE_113	DefMet_FE_106	61.45387550463646
TF_FE_113	DE_BE_67	80.88889935820066
TF_FE_113	Planar_BE_75	38.94088726873535
TF_FE_113	Dielectric_BE_28	49.50320970836552
TF_FE_113	Litho_FE_111	62.60702041565366
TF_FE_113	WE_FE_47	54.64109725687594
TF_FE_113	Litho_BE_99	51.25695069893856
TF_FE_113	WE_FE_85	74.05858595555519
TF_FE_113	DE_FE_62	62.650423172106976
TF_FE_113	Litho_BE_110	67.79533854467775
TF_FE_113	Dielectric_FE_112	57.28836981744689
TF_FE_113	Planar_FE_78	31.749444170935085
TF_FE_113	Planar_FE_77	37.11549074225431
TF_FE_113	DE_FE_58	73.22246028475267
TF_FE_113	Dielectric_FE_31	48.195319229467735
TF_FE_113	DE_BE_50	85.77355454566818
TF_FE_113	Litho_REG_FE_64	48.86154867768637
TF_FE_113	DefMet_FE_10	60.475728118924316
TF_FE_113	Litho_REG_BE_63	57.291848949235295
TF_FE_113	WE_BE_16	47.60807302832707
TF_FE_113	Litho_BE_93	65.1140438447755
TF_FE_113	LithoTrack_FE_96	42.89820398157354
TF_FE_113	DE_FE_53	76.60538023250729
TF_FE_113	DefMet_BE_33	47.787340213244605
TF_FE_113	DE_FE_54	69.86297718859234
TF_FE_113	DE_BE_11	66.07067035120953
TF_FE_113	DE_FE_51	68.16182787913854
TF_FE_113	DE_FE_71	56.56806947940024
TF_FE_113	WE_BE_14	43.463032233769624
TF_FE_113	Planar_FE_76	44.287092869573534
TF_FE_113	TF_BE_26	30.20770092367486
TF_FE_113	COMMIT	108.46300406302755
TF_FE_113	EPI_36	60.61815947168291
TF_FE_113	EPI_38	59.3681594716829
TF_FE_113	Diffusion_FE_122	56.073806789508744
TF_FE_113	Implant_119	61.86815947168291
TF_FE_113	DE_BE_69	78.88276468176859
TF_FE_113	TF_FE_5	28.043601161743982
TF_FE_113	WE_FE_83	64.57359699933619
TF_FE_113	LithoMet_FE_19	46.860870928390796
TF_FE_113	Dielectric_BE_60	47.491865991963195
TF_FE_113	Implant_91	62.34004889206492
TF_FE_113	Implant_90	58.53052508206492
DE_FE_58	Diffusion_FE_101	73.14038848775223
DE_FE_58	TF_FE_104	63.37884988866012
DE_FE_58	Implant_88	69.38875855958129
DE_FE_58	DefMet_BE_42	62.76162025188871
DE_FE_58	DE_FE_86	45.85227477848591
DE_FE_58	TF_FE_103	55.67152478052842
DE_FE_58	TF_BE_40	67.36368298762434
DE_FE_58	LithoMet_BE_18	59.80063643721782
DE_FE_58	Dielectric_BE_27	65.94519328836925
DE_FE_58	Dielectric_FE_130	73.59582610481544
DE_FE_58	STOCKER	45.75622595639926
DE_FE_58	DE_BE_12	58.740420945833066
DE_FE_58	Dielectric_FE_30	57.291111800280525
DE_FE_58	Diffusion_FE_127	62.51447143706619
DE_FE_58	DE_FE_56	23.084641086152814
DE_FE_58	TF_Met_FE_61	76.26398193341903
DE_FE_58	DefMet_FE_118	68.77939574902517
DE_FE_58	TF_BE_23	54.53491321451726
DE_FE_58	Diffusion_FE_126	59.545721442066196
DE_FE_58	DE_FE_1	50.185406926359455
DE_FE_58	Litho_FE_92	57.9712582468393
DE_FE_58	DefMet_FE_34	68.77939574902517
DE_FE_58	DE_BE_13	62.2482375714751
DE_FE_58	Diffusion_FE_120	71.22015361323766
DE_FE_58	Planar_FE_80	58.277338590072645
DE_FE_58	WE_FE_108	74.79652080365173
DE_FE_58	Implant_128	78.00445006573888
DE_FE_58	Implant_132	86.79796984969843
DE_FE_58	WE_FE_41	82.17431283878292
DE_FE_58	WE_BE_17	61.8671872822002
DE_FE_58	WE_BE_7	64.36718727679249
DE_FE_58	WE_BE_82	78.52638823788817
DE_FE_58	TF_BE_24	65.76354476531212
DE_FE_58	DE_FE_70	34.75497144147174
DE_FE_58	Diffusion_FE_100	60.06250613385644
DE_FE_58	COMPLETE	108.97803499446906
DE_FE_58	LithoTrack_BE_117	49.42593950636629
DE_FE_58	WE_BE_81	73.10126015137156
DE_FE_58	LithoTrack_FE_115	49.42978899984519
DE_FE_58	DefMet_FE_43	56.20606471655537
DE_FE_58	Diffusion_FE_44	76.28971932489294
DE_FE_58	LithoTrack_FE_95	48.61018255560766
DE_FE_58	Litho_FE_35	44.184261032568024
DE_FE_58	DE_BE_48	63.14227097572199
DE_FE_58	Diffusion_BE_123	56.73380243607866
DE_FE_58	Implant_74	76.21313846670897
DE_FE_58	Planar_FE_79	45.13456260888021
DE_FE_58	DE_FE_59	15.11339759738298
DE_FE_58	Diffusion_FE_94	74.76551894473327
DE_FE_58	WE_FE_84	88.17600603923444
DE_FE_58	TF_FE_131	64.87504818531977
DE_FE_58	Dielectric_BE_20	48.25561096936997
DE_FE_58	DE_BE_66	56.97471323912174
DE_FE_58	TF_BE_2	63.907509928918984
DE_FE_58	WE_BE_9	67.97523128836188
DE_FE_58	TF_FE_3	69.21682799738454
DE_FE_58	DE_FE_72	31.982178102586904
DE_FE_58	Dielectric_BE_21	51.0231591145662
DE_FE_58	Diffusion_FE_125	57.07905477006621
DE_FE_58	TF_Met_FE_45	73.98620415271516
DE_FE_58	WE_FE_8	87.54722435683885
DE_FE_58	Dielectric_FE_29	68.19527178676003
DE_FE_58	Litho_FE_98	55.8498056221
DE_FE_58	DE_BE_65	56.07461184120932
DE_FE_58	DefMet_FE_106	65.69606240902517
DE_FE_58	DE_BE_67	50.35560891167081
DE_FE_58	Planar_BE_75	60.02585221002575
DE_FE_58	Dielectric_BE_28	53.74539662088543
DE_FE_58	Litho_FE_111	59.39254597943742
DE_FE_58	WE_FE_47	85.76846905722817
DE_FE_58	Litho_BE_99	48.04247626272233
DE_FE_58	WE_FE_85	83.48067572878999
DE_FE_58	DE_FE_62	31.185514212368435
DE_FE_58	Litho_BE_110	64.58086410846154
DE_FE_58	Dielectric_FE_112	61.5305567292276
DE_FE_58	Planar_FE_78	40.634562608200206
DE_FE_58	Planar_FE_77	46.00060917951944
DE_FE_58	TF_FE_113	73.54158683256891
DE_FE_58	Dielectric_FE_31	52.43750613385644
DE_FE_58	DE_BE_50	57.46605322464154
DE_FE_58	Litho_REG_FE_64	45.647074241470165
DE_FE_58	DefMet_FE_10	64.71791502331301
DE_FE_58	Litho_REG_BE_63	54.07737451301909
DE_FE_58	WE_BE_16	62.86047220410594
DE_FE_58	Litho_BE_93	61.8995694085593
DE_FE_58	LithoTrack_FE_96	51.78332241883866
DE_FE_58	DE_FE_53	27.029712252216243
DE_FE_58	DefMet_BE_33	52.02952711763333
DE_FE_58	DE_FE_54	36.63763640685619
DE_FE_58	DE_BE_11	62.85619591499332
DE_FE_58	DE_FE_51	42.61012876785499
DE_FE_58	DE_FE_71	38.16947229444849
DE_FE_58	WE_BE_14	74.96476799069761
DE_FE_58	Planar_FE_76	53.172211306838655
DE_FE_58	TF_BE_26	61.678556228499694
DE_FE_58	COMMIT	108.97803499446906
DE_FE_58	EPI_36	70.04024923680613
DE_FE_58	EPI_38	68.79024924221386
DE_FE_58	Diffusion_FE_122	60.315993693897454
DE_FE_58	Implant_119	71.29024923139842
DE_FE_58	DE_BE_69	49.27188904679143
DE_FE_58	TF_FE_5	83.57999338826578
DE_FE_58	WE_FE_83	73.99568677257099
DE_FE_58	LithoMet_FE_19	43.64639649217455
DE_FE_58	Dielectric_BE_60	51.73405289635192
DE_FE_58	Implant_91	66.58223579645363
DE_FE_58	Implant_90	62.77271198645363
Dielectric_FE_31	Diffusion_FE_101	24.489836199970775
Dielectric_FE_31	TF_FE_104	73.44508402106278
Dielectric_FE_31	Implant_88	43.01671347105359
Dielectric_FE_31	DefMet_BE_42	28.074680258762363
Dielectric_FE_31	DE_FE_86	52.92929238212496
Dielectric_FE_31	TF_FE_103	66.00499547930511
Dielectric_FE_31	TF_BE_40	75.77976824297949
Dielectric_FE_31	LithoMet_BE_18	106.43268982753911
Dielectric_FE_31	Dielectric_BE_27	31.262883742433125
Dielectric_FE_31	Dielectric_FE_130	25.205939018844724
Dielectric_FE_31	STOCKER	69.15803046067016
Dielectric_FE_31	DE_BE_12	77.04050125137829
Dielectric_FE_31	Dielectric_FE_30	24.171864117671795
Dielectric_FE_31	Diffusion_FE_127	34.973448693438414
Dielectric_FE_31	DE_FE_56	59.854172834985505
Dielectric_FE_31	TF_Met_FE_61	79.37871139377708
Dielectric_FE_31	DefMet_FE_118	33.65801359876235
Dielectric_FE_31	TF_BE_23	77.44769544503875
Dielectric_FE_31	Diffusion_FE_126	32.0046986984384
Dielectric_FE_31	DE_FE_1	81.21428241675419
Dielectric_FE_31	Litho_FE_92	104.60331163669598
Dielectric_FE_31	DefMet_FE_34	33.65801359876235
Dielectric_FE_31	DE_BE_13	94.65015368771759
Dielectric_FE_31	Diffusion_FE_120	22.613045525758
Dielectric_FE_31	Planar_FE_80	92.00812202687112
Dielectric_FE_31	WE_FE_108	60.586769454092064
Dielectric_FE_31	Implant_128	51.632404967379
Dielectric_FE_31	Implant_132	60.42592475344545
Dielectric_FE_31	WE_FE_41	68.0413831799697
Dielectric_FE_31	WE_BE_17	60.10106512508044
Dielectric_FE_31	WE_BE_7	62.601065108818105
Dielectric_FE_31	WE_BE_82	69.50051049193198
Dielectric_FE_31	TF_BE_24	88.19641262931626
Dielectric_FE_31	DE_FE_70	61.12466154486887
Dielectric_FE_31	Diffusion_FE_100	11.672619047885714
Dielectric_FE_31	COMPLETE	105.45525848472084
Dielectric_FE_31	LithoTrack_BE_117	96.05799289492195
Dielectric_FE_31	WE_BE_81	70.80068661074093
Dielectric_FE_31	LithoTrack_FE_115	96.06184239493406
Dielectric_FE_31	DefMet_FE_43	36.85245804342903
Dielectric_FE_31	Diffusion_FE_44	48.74869658126518
Dielectric_FE_31	LithoTrack_FE_95	89.41370935454172
Dielectric_FE_31	Litho_FE_35	90.81631441266734
Dielectric_FE_31	DE_BE_48	81.63774456350954
Dielectric_FE_31	Diffusion_BE_123	8.343915350107936
Dielectric_FE_31	Implant_74	49.84109337818126
Dielectric_FE_31	Planar_FE_79	79.66702312070203
Dielectric_FE_31	DE_FE_59	80.71917331080253
Dielectric_FE_31	Diffusion_FE_94	47.3079946042687
Dielectric_FE_31	WE_FE_84	59.03872796554682
Dielectric_FE_31	TF_FE_131	63.10892601658403
Dielectric_FE_31	Dielectric_BE_20	46.13124402352459
Dielectric_FE_31	DE_BE_66	75.247213802018
Dielectric_FE_31	TF_BE_2	91.22129444110652
Dielectric_FE_31	WE_BE_9	54.10951647344756
Dielectric_FE_31	TF_FE_3	63.75094700508045
Dielectric_FE_31	DE_FE_72	63.72610544428075
Dielectric_FE_31	Dielectric_BE_21	46.6055011576798
Dielectric_FE_31	Diffusion_FE_125	29.538032026438408
Dielectric_FE_31	TF_Met_FE_45	76.88371260914798
Dielectric_FE_31	WE_FE_8	61.17517925749572
Dielectric_FE_31	Dielectric_FE_29	27.68927235484473
Dielectric_FE_31	Litho_FE_98	102.48185901358292
Dielectric_FE_31	DE_BE_65	88.00367067233289
Dielectric_FE_31	DefMet_FE_106	30.574680258762363
Dielectric_FE_31	DE_BE_67	70.17530973724641
Dielectric_FE_31	Planar_BE_75	82.35846622614177
Dielectric_FE_31	Dielectric_BE_28	37.96474864372762
Dielectric_FE_31	Litho_FE_111	106.02459936899845
Dielectric_FE_31	WE_FE_47	64.39895607122395
Dielectric_FE_31	Litho_BE_99	94.67452964282162
Dielectric_FE_31	WE_FE_85	57.108630626743
Dielectric_FE_31	DE_FE_62	63.05235872048931
Dielectric_FE_31	Litho_BE_110	111.21291750352215
Dielectric_FE_31	Dielectric_FE_112	31.943448750001416
Dielectric_FE_31	Planar_FE_78	75.16702311481811
Dielectric_FE_31	Planar_FE_77	80.53306969914719
Dielectric_FE_31	TF_FE_113	77.82526109594703
Dielectric_FE_31	DE_FE_58	61.71528394831884
Dielectric_FE_31	DE_BE_50	77.8713206785421
Dielectric_FE_31	Litho_REG_FE_64	92.27912763783176
Dielectric_FE_31	DefMet_FE_10	29.741346925429028
Dielectric_FE_31	Litho_REG_BE_63	100.70942790645344
Dielectric_FE_31	WE_BE_16	61.094350053069846
Dielectric_FE_31	Litho_BE_93	108.53162278865857
Dielectric_FE_31	LithoTrack_FE_96	86.3157829352139
Dielectric_FE_31	DE_FE_53	74.06441335529922
Dielectric_FE_31	DefMet_BE_33	43.806773393017735
Dielectric_FE_31	DE_FE_54	56.54861727498549
Dielectric_FE_31	DE_BE_11	101.0174445799391
Dielectric_FE_31	DE_FE_51	73.36539411150562
Dielectric_FE_31	DE_FE_71	63.04970162482852
Dielectric_FE_31	WE_BE_14	76.1271568105538
Dielectric_FE_31	Planar_FE_76	87.70467182321393
Dielectric_FE_31	TF_BE_26	73.62527988382021
Dielectric_FE_31	COMMIT	105.45525848472084
Dielectric_FE_31	EPI_36	43.66820414287071
Dielectric_FE_31	EPI_38	42.41820414287071
Dielectric_FE_31	Diffusion_FE_122	22.935027606648248
Dielectric_FE_31	Implant_119	44.91820414287071
Dielectric_FE_31	DE_BE_69	68.59838110771103
Dielectric_FE_31	TF_FE_5	67.01483589401379
Dielectric_FE_31	WE_FE_83	47.623641670524
Dielectric_FE_31	LithoMet_FE_19	90.27844988239262
Dielectric_FE_31	Dielectric_BE_60	45.576127407768844
Dielectric_FE_31	Implant_91	40.210190707925925
Dielectric_FE_31	Implant_90	36.400666897925916
DE_BE_50	Diffusion_FE_101	94.13705560163577
DE_BE_50	TF_FE_104	86.67111242112334
DE_BE_50	Implant_88	92.68102109812817
DE_BE_50	DefMet_BE_42	86.05388279043554
DE_BE_50	DE_FE_86	69.14453731703276
DE_BE_50	TF_FE_103	78.96378731366757
DE_BE_50	TF_BE_40	90.65594552140733
DE_BE_50	LithoMet_BE_18	67.85581170960339
DE_BE_50	Dielectric_BE_27	89.23745582691612
DE_BE_50	Dielectric_FE_130	96.88808864336234
DE_BE_50	STOCKER	59.79664583532983
DE_BE_50	DE_BE_12	29.43573159661407
DE_BE_50	Dielectric_FE_30	80.58337433882737
DE_BE_50	Diffusion_FE_127	85.80673397561306
DE_BE_50	DE_FE_56	63.819943285083696
DE_BE_50	TF_Met_FE_61	99.55624445799602
DE_BE_50	DefMet_FE_118	92.07165828757202
DE_BE_50	TF_BE_23	77.82717574256681
DE_BE_50	Diffusion_FE_126	82.83798398061306
DE_BE_50	DE_FE_1	42.22709154507633
DE_BE_50	Litho_FE_92	58.10058249513196
DE_BE_50	DefMet_FE_34	92.07165828757202
DE_BE_50	DE_BE_13	38.1685572062543
DE_BE_50	Diffusion_FE_120	93.20088186005341
DE_BE_50	Planar_FE_80	81.56960112050797
DE_BE_50	WE_FE_108	98.0887833437686
DE_BE_50	Implant_128	101.29671260182774
DE_BE_50	Implant_132	110.09023238631404
DE_BE_50	WE_FE_41	105.46657537394998
DE_BE_50	WE_BE_17	85.15944981263549
DE_BE_50	WE_BE_7	87.65944981263546
DE_BE_50	WE_BE_82	101.81865077697582
DE_BE_50	TF_BE_24	89.05580730047917
DE_BE_50	DE_FE_70	58.04723398001862
DE_BE_50	Diffusion_FE_100	83.35476867240331
DE_BE_50	COMPLETE	106.4422600075737
DE_BE_50	LithoTrack_BE_117	60.93947585653354
DE_BE_50	WE_BE_81	96.3935226926223
DE_BE_50	LithoTrack_FE_115	71.15418105686136
DE_BE_50	DefMet_FE_43	79.49832725510221
DE_BE_50	Diffusion_FE_44	94.65833958841769
DE_BE_50	LithoTrack_FE_95	71.7985999640078
DE_BE_50	Litho_FE_35	43.27753369621488
DE_BE_50	DE_BE_48	28.404103643001847
DE_BE_50	Diffusion_BE_123	80.0260649746255
DE_BE_50	Implant_74	99.50540100525582
DE_BE_50	Planar_FE_79	68.42682513120398
DE_BE_50	DE_FE_59	47.79728576300402
DE_BE_50	Diffusion_FE_94	95.9476490789267
DE_BE_50	WE_FE_84	111.4682685724487
DE_BE_50	TF_FE_131	88.1673107165276
DE_BE_50	Dielectric_BE_20	71.54787350791679
DE_BE_50	DE_BE_66	42.96893439231024
DE_BE_50	TF_BE_2	87.19977246746589
DE_BE_50	WE_BE_9	91.26749381987875
DE_BE_50	TF_FE_3	92.50909052781985
DE_BE_50	DE_FE_72	55.27444064113377
DE_BE_50	Dielectric_BE_21	74.31542165311306
DE_BE_50	Diffusion_FE_125	80.37131730861304
DE_BE_50	TF_Met_FE_45	97.2784666784188
DE_BE_50	WE_FE_8	110.8394868926819
DE_BE_50	Dielectric_FE_29	91.48753432530691
DE_BE_50	Litho_FE_98	67.04267111003738
DE_BE_50	DE_BE_65	23.317534851682222
DE_BE_50	DefMet_FE_106	88.988324947572
DE_BE_50	DE_BE_67	49.3252363464143
DE_BE_50	Planar_BE_75	83.31811473676109
DE_BE_50	Dielectric_BE_28	77.03765915943228
DE_BE_50	Litho_FE_111	58.48581864278933
DE_BE_50	WE_FE_47	109.06073159090809
DE_BE_50	Litho_BE_99	47.13574892618894
DE_BE_50	WE_FE_85	106.77293825787338
DE_BE_50	DE_FE_62	55.47186494204372
DE_BE_50	Litho_BE_110	61.75957274564062
DE_BE_50	Dielectric_FE_112	84.91440779441437
DE_BE_50	Planar_FE_78	63.92682514674711
DE_BE_50	Planar_FE_77	69.2928717018432
DE_BE_50	TF_FE_113	96.83384936435613
DE_BE_50	DE_FE_58	60.4251293423575
DE_BE_50	Dielectric_FE_31	75.72976867240328
DE_BE_50	Litho_REG_FE_64	57.82654209262316
DE_BE_50	DefMet_FE_10	88.01017756185988
DE_BE_50	Litho_REG_BE_63	72.32765328271385
DE_BE_50	WE_BE_16	86.15273474062491
DE_BE_50	Litho_BE_93	60.99284207193576
DE_BE_50	LithoTrack_FE_96	75.07558494116242
DE_BE_50	DE_FE_53	45.87563048030793
DE_BE_50	DefMet_BE_33	75.32178965618017
DE_BE_50	DE_FE_54	60.29716680099441
DE_BE_50	DE_BE_11	45.19296633057222
DE_BE_50	DE_FE_51	48.825239768922174
DE_BE_50	DE_FE_71	61.46173483299535
DE_BE_50	WE_BE_14	98.25703052518875
DE_BE_50	Planar_FE_76	76.46447382916242
DE_BE_50	TF_BE_26	84.97081875929551
DE_BE_50	COMMIT	106.4422600075737
DE_BE_50	EPI_36	93.33251177805688
DE_BE_50	EPI_38	92.08251177805687
DE_BE_50	Diffusion_FE_122	83.60825623244432
DE_BE_50	Implant_119	94.58251177805687
DE_BE_50	DE_BE_69	49.952773860791034
DE_BE_50	TF_FE_5	106.87225592410879
DE_BE_50	WE_FE_83	97.28794930751273
DE_BE_50	LithoMet_FE_19	54.83926198011196
DE_BE_50	Dielectric_BE_60	75.02631543489876
DE_BE_50	Implant_91	89.8744983350005
DE_BE_50	Implant_90	86.06497452500052
Litho_REG_FE_64	Diffusion_FE_101	111.96917038818252
Litho_REG_FE_64	TF_FE_104	56.70577255504737
Litho_REG_FE_64	Implant_88	84.01603165234592
Litho_REG_FE_64	DefMet_BE_42	101.59040214765712
Litho_REG_FE_64	DE_FE_86	84.68105668362604
Litho_REG_FE_64	TF_FE_103	72.3352017397639
Litho_REG_FE_64	TF_BE_40	56.659622219588556
Litho_REG_FE_64	LithoMet_BE_18	25.736225066718458
Litho_REG_FE_64	Dielectric_BE_27	104.77397518847432
Litho_REG_FE_64	Dielectric_FE_130	112.42460801207591
Litho_REG_FE_64	STOCKER	63.30759655850446
Litho_REG_FE_64	DE_BE_12	71.78230717201731
Litho_REG_FE_64	Dielectric_FE_30	96.11989370418013
Litho_REG_FE_64	Diffusion_FE_127	101.34325333283464
Litho_REG_FE_64	DE_FE_56	79.35649316863987
Litho_REG_FE_64	TF_Met_FE_61	54.71751365034924
Litho_REG_FE_64	DefMet_FE_118	107.6081776523827
Litho_REG_FE_64	TF_BE_23	57.038860790067076
Litho_REG_FE_64	Diffusion_FE_126	98.37450333783467
Litho_REG_FE_64	DE_FE_1	59.065180072638974
Litho_REG_FE_64	Litho_FE_92	30.87781652462785
Litho_REG_FE_64	DefMet_FE_34	107.6081776523827
Litho_REG_FE_64	DE_BE_13	60.63710678432706
Litho_REG_FE_64	Diffusion_FE_120	110.04893551713728
Litho_REG_FE_64	Planar_FE_80	37.31532634413949
Litho_REG_FE_64	WE_FE_108	73.52552531609084
Litho_REG_FE_64	Implant_128	82.63311277405855
Litho_REG_FE_64	Implant_132	71.95776223641221
Litho_REG_FE_64	WE_FE_41	65.07669453724543
Litho_REG_FE_64	WE_BE_17	83.92826816045114
Litho_REG_FE_64	WE_BE_7	64.83849568298766
Litho_REG_FE_64	WE_BE_82	62.9708681908278
Litho_REG_FE_64	TF_BE_24	45.38592354207237
Litho_REG_FE_64	DE_FE_70	73.5837773190845
Litho_REG_FE_64	Diffusion_FE_100	98.89128803396152
Litho_REG_FE_64	COMPLETE	107.24186112562711
Litho_REG_FE_64	LithoTrack_BE_117	32.77971910825898
Litho_REG_FE_64	WE_BE_81	59.2836881282222
Litho_REG_FE_64	LithoTrack_FE_115	36.346220651175045
Litho_REG_FE_64	DefMet_FE_43	95.03484662461089
Litho_REG_FE_64	Diffusion_FE_44	115.11850123134806
Litho_REG_FE_64	LithoTrack_FE_95	44.0307666883762
Litho_REG_FE_64	Litho_FE_35	32.24983196828685
Litho_REG_FE_64	DE_BE_48	67.0295723132417
Litho_REG_FE_64	Diffusion_BE_123	95.56258433497914
Litho_REG_FE_64	Implant_74	76.23347117101181
Litho_REG_FE_64	Planar_FE_79	58.559734496145744
Litho_REG_FE_64	DE_FE_59	63.3338478346271
Litho_REG_FE_64	Diffusion_FE_94	110.11144127717739
Litho_REG_FE_64	WE_FE_84	73.48875908212352
Litho_REG_FE_64	TF_FE_131	67.06184562556635
Litho_REG_FE_64	Dielectric_BE_20	87.08439287941307
Litho_REG_FE_64	DE_BE_66	62.033387418496005
Litho_REG_FE_64	TF_BE_2	42.36104166207236
Litho_REG_FE_64	WE_BE_9	77.80150620723117
Litho_REG_FE_64	TF_FE_3	71.55302892790847
Litho_REG_FE_64	DE_FE_72	70.8109600003733
Litho_REG_FE_64	Dielectric_BE_21	89.85194101738163
Litho_REG_FE_64	Diffusion_FE_125	95.90783666843662
Litho_REG_FE_64	TF_Met_FE_45	52.43973587234924
Litho_REG_FE_64	WE_FE_8	70.43104821457236
Litho_REG_FE_64	Dielectric_FE_29	107.02405369065964
Litho_REG_FE_64	Litho_FE_98	22.410114155177432
Litho_REG_FE_64	DE_BE_65	61.065452069218175
Litho_REG_FE_64	DefMet_FE_106	104.52484432105591
Litho_REG_FE_64	DE_BE_67	66.16332487397696
Litho_REG_FE_64	Planar_BE_75	49.64675951431261
Litho_REG_FE_64	Dielectric_BE_28	92.57417852559814
Litho_REG_FE_64	Litho_FE_111	46.719069879261056
Litho_REG_FE_64	WE_FE_47	67.34771488257235
Litho_REG_FE_64	Litho_BE_99	36.10804719844116
Litho_REG_FE_64	WE_FE_85	73.54942362798253
Litho_REG_FE_64	DE_FE_62	71.0084148255999
Litho_REG_FE_64	Litho_BE_110	52.64643504418035
Litho_REG_FE_64	Dielectric_FE_112	100.3593386284456
Litho_REG_FE_64	Planar_FE_78	62.69564348645114
Litho_REG_FE_64	Planar_FE_77	52.15402542396291
Litho_REG_FE_64	TF_FE_113	54.99818732257236
Litho_REG_FE_64	DE_FE_58	75.96168938263608
Litho_REG_FE_64	Dielectric_FE_31	91.2662880296249
Litho_REG_FE_64	DE_BE_50	70.62465105886267
Litho_REG_FE_64	DefMet_FE_10	103.546696929923
Litho_REG_FE_64	Litho_REG_BE_63	14.862640689829217
Litho_REG_FE_64	WE_BE_16	73.01614706099144
Litho_REG_FE_64	Litho_BE_93	49.965140344278126
Litho_REG_FE_64	LithoTrack_FE_96	42.23181361272639
Litho_REG_FE_64	DE_FE_53	61.4122108340313
Litho_REG_FE_64	DefMet_BE_33	90.85830901340172
Litho_REG_FE_64	DE_FE_54	75.83373191963418
Litho_REG_FE_64	DE_BE_11	50.921766850712146
Litho_REG_FE_64	DE_FE_51	64.36182012264557
Litho_REG_FE_64	DE_FE_71	76.99825551156647
Litho_REG_FE_64	WE_BE_14	58.21628350490009
Litho_REG_FE_64	Planar_FE_76	43.620702500726395
Litho_REG_FE_64	TF_BE_26	58.621724342521404
Litho_REG_FE_64	COMMIT	107.24186112562711
Litho_REG_FE_64	EPI_36	91.81008869577703
Litho_REG_FE_64	EPI_38	90.45871890067285
Litho_REG_FE_64	Diffusion_FE_122	99.14477559291836
Litho_REG_FE_64	Implant_119	93.16145849088122
Litho_REG_FE_64	DE_BE_69	67.00778041732688
Litho_REG_FE_64	TF_FE_5	63.20250277103062
Litho_REG_FE_64	WE_FE_83	83.38821512425076
Litho_REG_FE_64	LithoMet_FE_19	40.268911432875186
Litho_REG_FE_64	Dielectric_BE_60	90.56283479351426
Litho_REG_FE_64	Implant_91	93.12715146804611
Litho_REG_FE_64	Implant_90	92.00692546768002
DefMet_FE_10	Diffusion_FE_101	50.13867370775224
DefMet_FE_10	TF_FE_104	79.10811979680427
DefMet_FE_10	Implant_88	46.3870437795813
DefMet_FE_10	DefMet_BE_42	19.130680766947492
DefMet_FE_10	DE_FE_86	45.26501476314986
DefMet_FE_10	TF_FE_103	71.66803126588815
DefMet_FE_10	TF_BE_40	81.44280402982064
DefMet_FE_10	LithoMet_BE_18	112.0957256054489
DefMet_FE_10	Dielectric_BE_27	41.51383573375544
DefMet_FE_10	Dielectric_FE_130	50.59411132481545
DefMet_FE_10	STOCKER	65.1458399850775
DefMet_FE_10	DE_BE_12	73.39239317203365
DefMet_FE_10	Dielectric_FE_30	34.28939702028052
DefMet_FE_10	Diffusion_FE_127	39.5127566570662
DefMet_FE_10	DE_FE_56	56.206064755640874
DefMet_FE_10	TF_Met_FE_61	85.04174718036012
DefMet_FE_10	DefMet_FE_118	7.992063494285716
DefMet_FE_10	TF_BE_23	83.11073123072899
DefMet_FE_10	Diffusion_FE_126	36.5440066620662
DefMet_FE_10	DE_FE_1	71.29161718701835
DefMet_FE_10	Litho_FE_92	110.2663474262992
DefMet_FE_10	DefMet_FE_34	7.992063494285716
DefMet_FE_10	DE_BE_13	83.55616775196238
DefMet_FE_10	Diffusion_FE_120	48.21843883323768
DefMet_FE_10	Planar_FE_80	97.67115781345423
DefMet_FE_10	WE_FE_108	51.4507694192408
DefMet_FE_10	Implant_128	55.00273527590671
DefMet_FE_10	Implant_132	63.79625506197317
DefMet_FE_10	WE_FE_41	59.17261975473806
DefMet_FE_10	WE_BE_17	65.76410089540116
DefMet_FE_10	WE_BE_7	68.26410089540114
DefMet_FE_10	WE_BE_82	66.28412478035315
DefMet_FE_10	TF_BE_24	93.85944841589931
DefMet_FE_10	DE_FE_70	57.47655346552425
DefMet_FE_10	Diffusion_FE_100	37.06079135385645
DefMet_FE_10	COMPLETE	105.31636959660851
DefMet_FE_10	LithoTrack_BE_117	101.72102868931098
DefMet_FE_10	WE_BE_81	71.5307104475743
DefMet_FE_10	LithoTrack_FE_115	101.72487817925453
DefMet_FE_10	DefMet_FE_43	11.186507938952383
DefMet_FE_10	Diffusion_FE_44	53.28800454489296
DefMet_FE_10	LithoTrack_FE_95	95.07674514008677
DefMet_FE_10	Litho_FE_35	96.47935021551272
DefMet_FE_10	DE_BE_48	77.9896364841649
DefMet_FE_10	Diffusion_BE_123	33.73208765607866
DefMet_FE_10	Implant_74	53.211423686708976
DefMet_FE_10	Planar_FE_79	85.33005890858608
DefMet_FE_10	DE_FE_59	68.41705691782758
DefMet_FE_10	Diffusion_FE_94	51.763804163960764
DefMet_FE_10	WE_FE_84	65.17434197736642
DefMet_FE_10	TF_FE_131	68.7719617985207
DefMet_FE_10	Dielectric_BE_20	20.999767086025354
DefMet_FE_10	DE_BE_66	70.91573072980391
DefMet_FE_10	TF_BE_2	96.88433021278242
DefMet_FE_10	WE_BE_9	44.97351642708311
DefMet_FE_10	TF_FE_3	69.41398277946674
DefMet_FE_10	DE_FE_72	60.07799736493611
DefMet_FE_10	Dielectric_BE_21	26.852466793744686
DefMet_FE_10	Diffusion_FE_125	34.077339990066186
DefMet_FE_10	TF_Met_FE_45	82.54674838759983
DefMet_FE_10	WE_FE_8	64.54550956602345
DefMet_FE_10	Dielectric_FE_29	45.193557006760024
DefMet_FE_10	Litho_FE_98	108.1448948050447
DefMet_FE_10	DE_BE_65	77.69866327917667
DefMet_FE_10	DefMet_FE_106	4.908730154285714
DefMet_FE_10	DE_BE_67	66.52720165790177
DefMet_FE_10	Planar_BE_75	88.02150201289602
DefMet_FE_10	Dielectric_BE_28	30.15919307047466
DefMet_FE_10	Litho_FE_111	111.68763515720774
DefMet_FE_10	WE_FE_47	62.76675424428405
DefMet_FE_10	Litho_BE_99	100.33756542940469
DefMet_FE_10	WE_FE_85	60.47896093527071
DefMet_FE_10	DE_FE_62	59.40425064114469
DefMet_FE_10	Litho_BE_110	116.87595329140619
DefMet_FE_10	Dielectric_FE_112	38.52884194922758
DefMet_FE_10	Planar_FE_78	80.83005890140113
DefMet_FE_10	Planar_FE_77	86.19610548085156
DefMet_FE_10	TF_FE_113	83.4882968743989
DefMet_FE_10	DE_FE_58	58.0671758689742
DefMet_FE_10	Dielectric_FE_31	29.435791353856438
DefMet_FE_10	DE_BE_50	74.2232125991975
DefMet_FE_10	Litho_REG_FE_64	97.94216340995938
DefMet_FE_10	Litho_REG_BE_63	106.37246368295385
DefMet_FE_10	WE_BE_16	66.75738582339055
DefMet_FE_10	Litho_BE_93	114.194658591504
DefMet_FE_10	LithoTrack_FE_96	91.97881872830196
DefMet_FE_10	DE_FE_53	70.4163052759546
DefMet_FE_10	DefMet_BE_33	18.14082328854109
DefMet_FE_10	DE_FE_54	52.900509195640886
DefMet_FE_10	DE_BE_11	90.64994929009066
DefMet_FE_10	DE_FE_51	67.42112517337563
DefMet_FE_10	DE_FE_71	54.99615847667531
DefMet_FE_10	WE_BE_14	81.7901925906319
DefMet_FE_10	Planar_FE_76	93.36770760546038
DefMet_FE_10	TF_BE_26	79.28831566715078
DefMet_FE_10	COMMIT	105.31636959660851
DefMet_FE_10	EPI_36	47.03853445139844
DefMet_FE_10	EPI_38	45.78853445139843
DefMet_FE_10	Diffusion_FE_122	37.314278913897475
DefMet_FE_10	Implant_119	48.28853445139844
DefMet_FE_10	DE_BE_69	64.95027302836642
DefMet_FE_10	TF_FE_5	72.67787166975525
DefMet_FE_10	WE_FE_83	50.99397197905171
DefMet_FE_10	LithoMet_FE_19	95.94148567060192
DefMet_FE_10	Dielectric_BE_60	28.732338116351904
DefMet_FE_10	Implant_91	43.58052101645364
DefMet_FE_10	Implant_90	39.770997206453636
Litho_REG_BE_63	Diffusion_FE_101	116.71471645711362
Litho_REG_BE_63	TF_FE_104	54.497656659466095
Litho_REG_BE_63	Implant_88	79.63874267211875
Litho_REG_BE_63	DefMet_BE_42	106.33594822141268
Litho_REG_BE_63	DE_FE_86	89.42660275062929
Litho_REG_BE_63	TF_FE_103	65.760614092417
Litho_REG_BE_63	TF_BE_40	53.347336997771286
Litho_REG_BE_63	LithoMet_BE_18	15.53925665026537
Litho_REG_BE_63	Dielectric_BE_27	109.51952125789326
Litho_REG_BE_63	Dielectric_FE_130	117.17015407824242
Litho_REG_BE_63	STOCKER	62.722647207608645
Litho_REG_BE_63	DE_BE_12	70.45597352240922
Litho_REG_BE_63	Dielectric_FE_30	100.86543977387012
Litho_REG_BE_63	Diffusion_FE_127	106.08879940516724
Litho_REG_BE_63	DE_FE_56	84.10204795305405
Litho_REG_BE_63	TF_Met_FE_61	52.509397754767974
Litho_REG_BE_63	DefMet_FE_118	112.35372371854915
Litho_REG_BE_63	TF_BE_23	52.08028441303513
Litho_REG_BE_63	Diffusion_FE_126	103.1200494115902
Litho_REG_BE_63	DE_FE_1	60.34108805656444
Litho_REG_BE_63	Litho_FE_92	32.500274026734616
Litho_REG_BE_63	DefMet_FE_34	112.35372371854915
Litho_REG_BE_63	DE_BE_13	59.31077313479782
Litho_REG_BE_63	Diffusion_FE_120	114.79448158682722
Litho_REG_BE_63	Planar_FE_80	35.10721044855821
Litho_REG_BE_63	WE_FE_108	69.45166350340293
Litho_REG_BE_63	Implant_128	78.22899930188514
Litho_REG_BE_63	Implant_132	69.52269610013394
Litho_REG_BE_63	WE_FE_41	62.86857864166415
Litho_REG_BE_63	WE_BE_17	75.8981550835172
Litho_REG_BE_63	WE_BE_7	62.6303797874064
Litho_REG_BE_63	WE_BE_82	60.78804443678378
Litho_REG_BE_63	TF_BE_24	43.177807646491104
Litho_REG_BE_63	DE_FE_70	78.32933023364428
Litho_REG_BE_63	Diffusion_FE_100	103.63683410338047
Litho_REG_BE_63	COMPLETE	105.47463635301438
Litho_REG_BE_63	LithoTrack_BE_117	24.180521195980262
Litho_REG_BE_63	WE_BE_81	57.075572232640944
Litho_REG_BE_63	LithoTrack_FE_115	33.80199786534556
Litho_REG_BE_63	DefMet_FE_43	99.78039269095807
Litho_REG_BE_63	Diffusion_FE_44	119.86404729790175
Litho_REG_BE_63	LithoTrack_FE_95	40.61544112497557
Litho_REG_BE_63	Litho_FE_35	30.923498318642704
Litho_REG_BE_63	DE_BE_48	65.70323866372117
Litho_REG_BE_63	Diffusion_BE_123	100.30813040216951
Litho_REG_BE_63	Implant_74	73.2310294329911
Litho_REG_BE_63	Planar_FE_79	52.85842029175288
Litho_REG_BE_63	DE_FE_59	68.07940610341623
Litho_REG_BE_63	Diffusion_FE_94	114.27921432901259
Litho_REG_BE_63	WE_FE_84	71.19697493967944
Litho_REG_BE_63	TF_FE_131	65.04680361431359
Litho_REG_BE_63	Dielectric_BE_20	91.82993894621201
Litho_REG_BE_63	DE_BE_66	60.70705376885184
Litho_REG_BE_63	TF_BE_2	40.152925766491094
Litho_REG_BE_63	WE_BE_9	75.86948197412275
Litho_REG_BE_63	TF_FE_3	69.55632945042422
Litho_REG_BE_63	DE_FE_72	75.55650606355411
Litho_REG_BE_63	Dielectric_BE_21	94.59748708449675
Litho_REG_BE_63	Diffusion_FE_125	100.6533827395902
Litho_REG_BE_63	TF_Met_FE_45	50.231619976767966
Litho_REG_BE_63	WE_FE_8	68.2229323189911
Litho_REG_BE_63	Dielectric_FE_29	111.76959976116271
Litho_REG_BE_63	Litho_FE_98	28.780414017404564
Litho_REG_BE_63	DE_BE_65	59.739118419707125
Litho_REG_BE_63	DefMet_FE_106	109.27039038830655
Litho_REG_BE_63	DE_BE_67	67.4392328579024
Litho_REG_BE_63	Planar_BE_75	47.526135331184626
Litho_REG_BE_63	Dielectric_BE_28	97.31972459528812
Litho_REG_BE_63	Litho_FE_111	45.65668159957948
Litho_REG_BE_63	WE_FE_47	65.13959898699107
Litho_REG_BE_63	Litho_BE_99	34.78171354879701
Litho_REG_BE_63	WE_FE_85	70.20614746478134
Litho_REG_BE_63	DE_FE_62	75.75396961001402
Litho_REG_BE_63	Litho_BE_110	51.3201013945362
Litho_REG_BE_63	Dielectric_FE_112	105.10488469431638
Litho_REG_BE_63	Planar_FE_78	54.66553040951718
Litho_REG_BE_63	Planar_FE_77	46.36504187408719
Litho_REG_BE_63	TF_FE_113	52.7900714269911
Litho_REG_BE_63	DE_FE_58	80.70724707069606
Litho_REG_BE_63	Dielectric_FE_31	96.01183410175423
Litho_REG_BE_63	DE_BE_50	69.29831740915539
Litho_REG_BE_63	Litho_REG_FE_64	30.717674993365097
Litho_REG_BE_63	DefMet_FE_10	108.29224299934191
Litho_REG_BE_63	WE_BE_16	66.69584392695853
Litho_REG_BE_63	Litho_BE_93	48.638806694633956
Litho_REG_BE_63	LithoTrack_FE_96	38.91566197076797
Litho_REG_BE_63	DE_FE_53	66.15777432938293
Litho_REG_BE_63	DefMet_BE_33	95.6038550871573
Litho_REG_BE_63	DE_FE_54	80.57929105951708
Litho_REG_BE_63	DE_BE_11	49.595433201068
Litho_REG_BE_63	DE_FE_51	69.1073836179972
Litho_REG_BE_63	DE_FE_71	81.74380195169914
Litho_REG_BE_63	WE_BE_14	55.56495331076796
Litho_REG_BE_63	Planar_FE_76	40.30455085876797
Litho_REG_BE_63	TF_BE_26	56.56008962084935
Litho_REG_BE_63	COMMIT	105.47463635301438
Litho_REG_BE_63	EPI_36	83.44712827016255
Litho_REG_BE_63	EPI_38	81.97990728065362
Litho_REG_BE_63	Diffusion_FE_122	103.89032166098214
Litho_REG_BE_63	Implant_119	84.91434925967148
Litho_REG_BE_63	DE_BE_69	67.70541248268131
Litho_REG_BE_63	TF_FE_5	60.99438687544936
Litho_REG_BE_63	WE_FE_83	81.42520899337008
Litho_REG_BE_63	LithoMet_FE_19	30.562016291838408
Litho_REG_BE_63	Dielectric_BE_60	95.3083808658759
Litho_REG_BE_63	Implant_91	87.8738368649607
Litho_REG_BE_63	Implant_90	86.2547892452464
WE_BE_16	Diffusion_FE_101	77.24522503101254
WE_BE_16	TF_FE_104	38.027978892586056
WE_BE_16	Implant_88	52.19579217015983
WE_BE_16	DefMet_BE_42	66.86645679514902
WE_BE_16	DE_FE_86	59.4927590207039
WE_BE_16	TF_FE_103	30.934439970874358
WE_BE_16	TF_BE_40	40.70921273977591
WE_BE_16	LithoMet_BE_18	71.36213432108306
WE_BE_16	Dielectric_BE_27	70.05002983162959
WE_BE_16	Dielectric_FE_130	77.70066264807579
WE_BE_16	STOCKER	50.73108991984594
WE_BE_16	DE_BE_12	95.27823412555715
WE_BE_16	Dielectric_FE_30	61.39594834150803
WE_BE_16	Diffusion_FE_127	66.61930798032651
WE_BE_16	DE_FE_56	80.9311000784145
WE_BE_16	TF_Met_FE_61	30.129356078576564
WE_BE_16	DefMet_FE_118	72.88423229228547
WE_BE_16	TF_BE_23	42.37713993675149
WE_BE_16	Diffusion_FE_126	63.65055798532649
WE_BE_16	DE_FE_1	78.35178228841089
WE_BE_16	Litho_FE_92	69.53275613070453
WE_BE_16	DefMet_FE_34	72.88423229228547
WE_BE_16	DE_BE_13	84.13303371495837
WE_BE_16	Diffusion_FE_120	75.32499015649798
WE_BE_16	Planar_FE_80	56.93756651437482
WE_BE_16	WE_FE_108	42.9973650109312
WE_BE_16	Implant_128	51.904222661313334
WE_BE_16	Implant_132	43.84067923566472
WE_BE_16	WE_FE_41	37.186561777194946
WE_BE_16	WE_BE_17	12.37621552758533
WE_BE_16	WE_BE_7	14.876215527585332
WE_BE_16	WE_BE_82	33.88274480276984
WE_BE_16	TF_BE_24	53.125857116819944
WE_BE_16	DE_FE_70	75.29446332973079
WE_BE_16	Diffusion_FE_100	64.16734267711675
WE_BE_16	COMPLETE	105.0447582181541
WE_BE_16	LithoTrack_BE_117	60.987437390231506
WE_BE_16	WE_BE_81	23.62841197987287
WE_BE_16	LithoTrack_FE_115	60.99128688371043
WE_BE_16	DefMet_FE_43	60.310901259815665
WE_BE_16	Diffusion_FE_44	80.39455586815325
WE_BE_16	LithoTrack_FE_95	54.343153843775426
WE_BE_16	Litho_FE_35	55.74575891643325
WE_BE_16	DE_BE_48	90.52549920271382
WE_BE_16	Diffusion_BE_123	60.83863897933897
WE_BE_16	Implant_74	47.54901256852186
WE_BE_16	Planar_FE_79	44.59646761926411
WE_BE_16	DE_FE_59	69.74827967157975
WE_BE_16	Diffusion_FE_94	75.79454251163399
WE_BE_16	WE_FE_84	45.60780676274601
WE_BE_16	TF_FE_131	27.4121325072928
WE_BE_16	Dielectric_BE_20	52.36044751263026
WE_BE_16	DE_BE_66	83.71134264319014
WE_BE_16	TF_BE_2	56.15073892861018
WE_BE_16	WE_BE_9	48.61662863359968
WE_BE_16	TF_FE_3	27.803658290566304
WE_BE_16	DE_FE_72	60.28600454757487
WE_BE_16	Dielectric_BE_21	55.1279956578265
WE_BE_16	Diffusion_FE_125	61.18389131332649
WE_BE_16	TF_Met_FE_45	28.145866270647375
WE_BE_16	WE_FE_8	42.540915454521866
WE_BE_16	Dielectric_FE_29	72.30010832798754
WE_BE_16	Litho_FE_98	67.41130350596524
WE_BE_16	DE_BE_65	84.56137903193566
WE_BE_16	DefMet_FE_106	69.80089895228548
WE_BE_16	DE_BE_67	89.23592280628421
WE_BE_16	Planar_BE_75	47.287910716384374
WE_BE_16	Dielectric_BE_28	57.85023316414572
WE_BE_16	Litho_FE_111	70.95404386330266
WE_BE_16	WE_FE_47	39.45758212252187
WE_BE_16	Litho_BE_99	59.60397414658757
WE_BE_16	WE_FE_85	44.52413060031212
WE_BE_16	DE_FE_62	70.99744662043193
WE_BE_16	Litho_BE_110	76.14236199232676
WE_BE_16	Dielectric_FE_112	65.63539326398713
WE_BE_16	Planar_FE_78	40.0964676185841
WE_BE_16	Planar_FE_77	45.46251418990333
WE_BE_16	TF_FE_113	41.71505673550945
WE_BE_16	DE_FE_58	81.5694837324017
WE_BE_16	Dielectric_FE_31	56.54234267711674
WE_BE_16	DE_BE_50	94.12057798993737
WE_BE_16	Litho_REG_FE_64	57.208572125335394
WE_BE_16	DefMet_FE_10	68.82275156657332
WE_BE_16	Litho_REG_BE_63	65.63887239688431
WE_BE_16	Litho_BE_93	73.46106729242453
WE_BE_16	LithoTrack_FE_96	51.24522742922256
WE_BE_16	DE_FE_53	84.95240367880437
WE_BE_16	DefMet_BE_33	56.13436366089363
WE_BE_16	DE_FE_54	78.21000063624138
WE_BE_16	DE_BE_11	74.41769379885856
WE_BE_16	DE_FE_51	76.50885132419187
WE_BE_16	DE_FE_71	64.91509292696112
WE_BE_16	WE_BE_14	26.1643944681716
WE_BE_16	Planar_FE_76	52.634116317222556
WE_BE_16	TF_BE_26	38.55472437132388
WE_BE_16	COMMIT	105.0447582181541
WE_BE_16	EPI_36	56.07897989247712
WE_BE_16	EPI_38	54.693216774034035
WE_BE_16	Diffusion_FE_122	64.42083023715777
WE_BE_16	Implant_119	57.464743010920216
WE_BE_16	DE_BE_69	87.22978813009354
WE_BE_16	TF_FE_5	31.067547179499638
WE_BE_16	WE_FE_83	56.335916138870196
WE_BE_16	LithoMet_FE_19	55.20789437603981
WE_BE_16	Dielectric_BE_60	55.83888943961222
WE_BE_16	Implant_91	59.17307662193771
WE_BE_16	Implant_90	57.050905105797796
Litho_BE_93	Diffusion_FE_101	102.83732276120683
Litho_BE_93	TF_FE_104	76.16780650856299
Litho_BE_93	Implant_88	99.08569283140969
Litho_BE_93	DefMet_BE_42	92.45855452371705
Litho_BE_93	DE_FE_86	75.54920905440713
Litho_BE_93	TF_FE_103	79.04265025829406
Litho_BE_93	TF_BE_40	76.95817375589816
Litho_BE_93	LithoMet_BE_18	51.979596338376076
Litho_BE_93	Dielectric_BE_27	95.64212756128178
Litho_BE_93	Dielectric_FE_130	103.29276037827007
Litho_BE_93	STOCKER	60.78904661236486
Litho_BE_93	DE_BE_12	47.84096131627923
Litho_BE_93	Dielectric_FE_30	86.9880460761745
Litho_BE_93	Diffusion_FE_127	92.21140570889455
Litho_BE_93	DE_FE_56	70.22461502649635
Litho_BE_93	TF_Met_FE_61	74.17954760386486
Litho_BE_93	DefMet_FE_118	98.4763300208535
Litho_BE_93	TF_BE_23	73.81830312843897
Litho_BE_93	Diffusion_FE_126	89.24265571389458
Litho_BE_93	DE_FE_1	48.63176326837502
Litho_BE_93	Litho_FE_92	44.5582729813602
Litho_BE_93	DefMet_FE_34	98.4763300208535
Litho_BE_93	DE_BE_13	37.637653776149264
Litho_BE_93	Diffusion_FE_120	100.91708788913164
Litho_BE_93	Planar_FE_80	56.77736029765513
Litho_BE_93	WE_FE_108	90.10623958268245
Litho_BE_93	Implant_128	95.98016062271395
Litho_BE_93	Implant_132	94.33824407732176
Litho_BE_93	WE_FE_41	84.5387284907611
Litho_BE_93	WE_BE_17	86.38421869060983
Litho_BE_93	WE_BE_7	84.30052963650328
Litho_BE_93	WE_BE_82	81.98821274399492
Litho_BE_93	TF_BE_24	64.84795749558799
Litho_BE_93	DE_FE_70	64.45190572143126
Litho_BE_93	Diffusion_FE_100	89.75944039755365
Litho_BE_93	COMPLETE	105.0022051723077
Litho_BE_93	LithoTrack_BE_117	53.17693514050852
Litho_BE_93	WE_BE_81	78.74572208173785
Litho_BE_93	LithoTrack_FE_115	54.463341650656524
Litho_BE_93	DefMet_FE_43	85.9029989938045
Litho_BE_93	Diffusion_FE_44	105.9866536013677
Litho_BE_93	LithoTrack_FE_95	61.18798268448655
Litho_BE_93	Litho_FE_35	44.50230258687584
Litho_BE_93	DE_BE_48	45.36525068115084
Litho_BE_93	Diffusion_BE_123	86.43073670067935
Litho_BE_93	Implant_74	105.91007273040617
Litho_BE_93	Planar_FE_79	67.81811839564725
Litho_BE_93	DE_FE_59	54.20195749717111
Litho_BE_93	Diffusion_FE_94	104.09246015701754
Litho_BE_93	WE_FE_84	93.8704834394204
Litho_BE_93	TF_FE_131	83.17370649257316
Litho_BE_93	Dielectric_BE_20	77.95254524797427
Litho_BE_93	DE_BE_66	50.62383948385259
Litho_BE_93	TF_BE_2	61.82307561558799
Litho_BE_93	WE_BE_9	92.49226269785302
Litho_BE_93	TF_FE_3	87.3757373868606
Litho_BE_93	DE_FE_72	61.67911238254643
Litho_BE_93	Dielectric_BE_21	80.72009339147652
Litho_BE_93	Diffusion_FE_125	86.7759890353896
Litho_BE_93	TF_Met_FE_45	71.90176982586486
Litho_BE_93	WE_FE_8	89.89308216808803
Litho_BE_93	Dielectric_FE_29	97.892206062654
Litho_BE_93	Litho_FE_98	46.50306901393718
Litho_BE_93	DE_BE_65	45.79996631287143
Litho_BE_93	DefMet_FE_106	95.39299668898471
Litho_BE_93	DE_BE_67	55.729908069712984
Litho_BE_93	Planar_BE_75	67.5978060656064
Litho_BE_93	Dielectric_BE_28	83.44233089677937
Litho_BE_93	Litho_FE_111	30.508413367373496
Litho_BE_93	WE_FE_47	86.80974883608803
Litho_BE_93	Litho_BE_99	15.492001961409736
Litho_BE_93	WE_FE_85	107.9977071399035
Litho_BE_93	DE_FE_62	61.876536683456365
Litho_BE_93	Litho_BE_110	28.24351302494516
Litho_BE_93	Dielectric_FE_112	91.22749099292479
Litho_BE_93	Planar_FE_78	65.15159401660986
Litho_BE_93	Planar_FE_77	70.5176405879291
Litho_BE_93	TF_FE_113	74.46022127608798
Litho_BE_93	DE_FE_58	66.82980107773217
Litho_BE_93	Dielectric_FE_31	82.1344404056848
Litho_BE_93	DE_BE_50	47.89302410751528
Litho_BE_93	Litho_REG_FE_64	55.904849352906616
Litho_BE_93	DefMet_FE_10	94.41484930056215
Litho_BE_93	Litho_REG_BE_63	47.65227765807636
Litho_BE_93	WE_BE_16	87.37750361859923
Litho_BE_93	LithoTrack_FE_96	76.3003538272483
Litho_BE_93	DE_FE_53	52.280302203606595
Litho_BE_93	DefMet_BE_33	81.72646138946166
Litho_BE_93	DE_FE_54	66.70183853335007
Litho_BE_93	DE_BE_11	26.980420994613553
Litho_BE_93	DE_FE_51	55.22991149222085
Litho_BE_93	DE_FE_71	67.86640657440799
Litho_BE_93	WE_BE_14	83.52091996281823
Litho_BE_93	Planar_FE_76	77.68924271524831
Litho_BE_93	TF_BE_26	75.54982496089528
Litho_BE_93	COMMIT	105.0022051723077
Litho_BE_93	EPI_36	94.5572806560312
Litho_BE_93	EPI_38	93.3072806560312
Litho_BE_93	Diffusion_FE_122	90.01292795759467
Litho_BE_93	Implant_119	95.8072806560312
Litho_BE_93	DE_BE_69	56.3574455840897
Litho_BE_93	TF_FE_5	82.66453672454624
Litho_BE_93	WE_FE_83	98.51271818368446
Litho_BE_93	LithoMet_FE_19	55.30007183126185
Litho_BE_93	Dielectric_BE_60	81.43098716469548
Litho_BE_93	Implant_91	96.27917006944357
Litho_BE_93	Implant_90	92.46964626641318
LithoTrack_FE_96	Diffusion_FE_101	88.5307082487577
LithoTrack_FE_96	TF_FE_104	57.581897908616135
LithoTrack_FE_96	Implant_88	77.13498454780012
LithoTrack_FE_96	DefMet_BE_42	78.15194001289423
LithoTrack_FE_96	DE_FE_86	61.2425945371994
LithoTrack_FE_96	TF_FE_103	63.66621221909181
LithoTrack_FE_96	TF_BE_40	55.486545459689665
LithoTrack_FE_96	LithoMet_BE_18	46.34903476643402
LithoTrack_FE_96	Dielectric_BE_27	81.33551304937474
LithoTrack_FE_96	Dielectric_FE_130	88.98614586582099
LithoTrack_FE_96	STOCKER	49.351275034755645
LithoTrack_FE_96	DE_BE_12	70.26513456820425
LithoTrack_FE_96	Dielectric_FE_30	72.68143156128602
LithoTrack_FE_96	Diffusion_FE_127	77.90479119807165
LithoTrack_FE_96	DE_FE_56	55.91800050754234
LithoTrack_FE_96	TF_Met_FE_61	55.59363900391801
LithoTrack_FE_96	DefMet_FE_118	84.16971551003066
LithoTrack_FE_96	TF_BE_23	52.37251354013233
LithoTrack_FE_96	Diffusion_FE_126	74.93604120307167
LithoTrack_FE_96	DE_FE_1	53.338682725650294
LithoTrack_FE_96	Litho_FE_92	44.51965657605552
LithoTrack_FE_96	DefMet_FE_34	84.16971551003066
LithoTrack_FE_96	DE_BE_13	59.1199341819446
LithoTrack_FE_96	Diffusion_FE_120	86.61047337424314
LithoTrack_FE_96	Planar_FE_80	37.3897419237957
LithoTrack_FE_96	WE_FE_108	70.55933506221487
LithoTrack_FE_96	Implant_128	78.95035896130993
LithoTrack_FE_96	Implant_132	72.60693734928398
LithoTrack_FE_96	WE_FE_41	65.9528198908142
LithoTrack_FE_96	WE_BE_17	72.07760417165579
LithoTrack_FE_96	WE_BE_7	65.71462103655642
LithoTrack_FE_96	WE_BE_82	63.83023355214732
LithoTrack_FE_96	TF_BE_24	46.262048895641136
LithoTrack_FE_96	DE_FE_70	50.14529120247726
LithoTrack_FE_96	Diffusion_FE_100	75.45282589486192
LithoTrack_FE_96	COMPLETE	106.92133749916016
LithoTrack_FE_96	LithoTrack_BE_117	35.97433783558249
LithoTrack_FE_96	WE_BE_81	60.15981348179097
LithoTrack_FE_96	LithoTrack_FE_115	35.978187329061385
LithoTrack_FE_96	DefMet_FE_43	71.59638447756083
LithoTrack_FE_96	Diffusion_FE_44	91.68003908589841
LithoTrack_FE_96	LithoTrack_FE_95	28.6961557876136
LithoTrack_FE_96	Litho_FE_35	30.732659361784236
LithoTrack_FE_96	DE_BE_48	65.51239971142232
LithoTrack_FE_96	Diffusion_BE_123	72.12412219708415
LithoTrack_FE_96	Implant_74	76.31527068214112
LithoTrack_FE_96	Planar_FE_79	24.029712189604165
LithoTrack_FE_96	DE_FE_59	44.73518010151872
LithoTrack_FE_96	Diffusion_FE_94	88.32865250765586
LithoTrack_FE_96	WE_FE_84	74.2812161888295
LithoTrack_FE_96	TF_FE_131	68.01087728746067
LithoTrack_FE_96	Dielectric_BE_20	63.64593073037545
LithoTrack_FE_96	DE_BE_66	58.69826797938348
LithoTrack_FE_96	TF_BE_2	43.23716701564114
LithoTrack_FE_96	WE_BE_9	78.86961895569989
LithoTrack_FE_96	TF_FE_3	72.64057069957425
LithoTrack_FE_96	DE_FE_72	47.372497860107615
LithoTrack_FE_96	Dielectric_BE_21	66.41347887557167
LithoTrack_FE_96	Diffusion_FE_125	72.46937453107168
LithoTrack_FE_96	TF_Met_FE_45	53.315861225918
LithoTrack_FE_96	WE_FE_8	71.30717356814112
LithoTrack_FE_96	Dielectric_FE_29	83.58559154776555
LithoTrack_FE_96	Litho_FE_98	42.39820395131621
LithoTrack_FE_96	DE_BE_65	59.54827946761512
LithoTrack_FE_96	DefMet_FE_106	81.08638217003067
LithoTrack_FE_96	DE_BE_67	64.22283258291274
LithoTrack_FE_96	Planar_BE_75	49.06141116040257
LithoTrack_FE_96	Dielectric_BE_28	69.13571636969415
LithoTrack_FE_96	Litho_FE_111	45.94094430865364
LithoTrack_FE_96	WE_FE_47	68.22384023614111
LithoTrack_FE_96	Litho_BE_99	34.590874591938544
LithoTrack_FE_96	WE_FE_85	73.29038871393138
LithoTrack_FE_96	DE_FE_62	47.56992216450236
LithoTrack_FE_96	Litho_BE_110	51.129262437677724
LithoTrack_FE_96	Dielectric_FE_112	76.92087649023307
LithoTrack_FE_96	Planar_FE_78	19.529712188924165
LithoTrack_FE_96	Planar_FE_77	11.66366561760494
LithoTrack_FE_96	TF_FE_113	55.87431267614113
LithoTrack_FE_96	DE_FE_58	56.556384161529515
LithoTrack_FE_96	Dielectric_FE_31	67.82782589486195
LithoTrack_FE_96	DE_BE_50	69.10747845722354
LithoTrack_FE_96	Litho_REG_FE_64	32.19547257068637
LithoTrack_FE_96	DefMet_FE_10	80.10823478431853
LithoTrack_FE_96	Litho_REG_BE_63	40.625772842235286
LithoTrack_FE_96	WE_BE_16	65.57320056650411
LithoTrack_FE_96	Litho_BE_93	48.44796773777549
LithoTrack_FE_96	DE_FE_53	59.93930410928416
LithoTrack_FE_96	DefMet_BE_33	67.41984687863884
LithoTrack_FE_96	DE_FE_54	53.19693375475204
LithoTrack_FE_96	DE_BE_11	49.40459424420951
LithoTrack_FE_96	DE_FE_51	51.495772677120414
LithoTrack_FE_96	DE_FE_71	53.5597920497975
LithoTrack_FE_96	WE_BE_14	58.649194559918
LithoTrack_FE_96	Planar_FE_76	5.603174602285713
LithoTrack_FE_96	TF_BE_26	59.5882439615636
LithoTrack_FE_96	COMMIT	106.92133749916016
LithoTrack_FE_96	EPI_36	80.25066613707716
LithoTrack_FE_96	EPI_38	79.00066613707718
LithoTrack_FE_96	Diffusion_FE_122	75.70631345490291
LithoTrack_FE_96	Implant_119	81.50066613707716
LithoTrack_FE_96	DE_BE_69	62.21668856936085
LithoTrack_FE_96	TF_FE_5	64.0786281245994
LithoTrack_FE_96	WE_FE_83	84.50487737528152
LithoTrack_FE_96	LithoMet_FE_19	30.19479482139079
LithoTrack_FE_96	Dielectric_BE_60	67.12437265735738
LithoTrack_FE_96	Implant_91	81.37865061673584
LithoTrack_FE_96	Implant_90	78.16303174745909
DE_FE_53	Diffusion_FE_101	91.72030284804906
DE_FE_53	TF_FE_104	81.95876424985829
DE_FE_53	Implant_88	87.96867291987813
DE_FE_53	DefMet_BE_42	81.34153461218553
DE_FE_53	DE_FE_86	64.43218913878273
DE_FE_53	TF_FE_103	74.25143914352913
DE_FE_53	TF_BE_40	85.94359734792127
DE_FE_53	LithoMet_BE_18	74.39207150561894
DE_FE_53	Dielectric_BE_27	84.5251076486661
DE_FE_53	Dielectric_FE_130	92.17574046511233
DE_FE_53	STOCKER	59.149438711295744
DE_FE_53	DE_BE_12	34.51969638243828
DE_FE_53	Dielectric_FE_30	75.87102616057736
DE_FE_53	Diffusion_FE_127	81.09438579736302
DE_FE_53	DE_FE_56	21.032349851475644
DE_FE_53	TF_Met_FE_61	94.84389628830819
DE_FE_53	DefMet_FE_118	87.359310109322
DE_FE_53	TF_BE_23	73.11482757481411
DE_FE_53	Diffusion_FE_126	78.12563580236302
DE_FE_53	DE_FE_1	32.04355136536825
DE_FE_53	Litho_FE_92	72.56263970484328
DE_FE_53	DefMet_FE_34	87.359310109322
DE_FE_53	DE_BE_13	44.68347096236701
DE_FE_53	Diffusion_FE_120	89.8000679735345
DE_FE_53	Planar_FE_80	76.85725295036951
DE_FE_53	WE_FE_108	93.37643516987964
DE_FE_53	Implant_128	96.58436442456092
DE_FE_53	Implant_132	105.37788421385795
DE_FE_53	WE_FE_41	100.7542272035862
DE_FE_53	WE_BE_17	80.44710164249702
DE_FE_53	WE_BE_7	82.94710164249703
DE_FE_53	WE_BE_82	97.10630260467426
DE_FE_53	TF_BE_24	84.34345912560896
DE_FE_53	DE_FE_70	53.3348858017686
DE_FE_53	Diffusion_FE_100	78.64242049415326
DE_FE_53	COMPLETE	106.67083576946345
DE_FE_53	LithoTrack_BE_117	64.81507043314654
DE_FE_53	WE_BE_81	91.6811745188787
DE_FE_53	LithoTrack_FE_115	67.14264264451253
DE_FE_53	DefMet_FE_43	74.7859790768522
DE_FE_53	Diffusion_FE_44	94.8696336851898
DE_FE_53	LithoTrack_FE_95	67.1900969140636
DE_FE_53	Litho_FE_35	58.77563083613785
DE_FE_53	DE_BE_48	39.116939694569524
DE_FE_53	Diffusion_BE_123	75.3137167963755
DE_FE_53	Implant_74	94.7930528270058
DE_FE_53	Planar_FE_79	63.714476959443225
DE_FE_53	DE_FE_59	33.4326467548836
DE_FE_53	Diffusion_FE_94	93.34543330464383
DE_FE_53	WE_FE_84	106.75592039532523
DE_FE_53	TF_FE_131	83.45496254561658
DE_FE_53	Dielectric_BE_20	66.83552532966677
DE_FE_53	DE_BE_66	32.043033940208545
DE_FE_53	TF_BE_2	82.48742428921587
DE_FE_53	WE_BE_9	86.55514564974028
DE_FE_53	TF_FE_3	87.79674235768137
DE_FE_53	DE_FE_72	50.562092462883754
DE_FE_53	Dielectric_BE_21	69.60307347486302
DE_FE_53	Diffusion_FE_125	75.658969130363
DE_FE_53	TF_Met_FE_45	92.56611850760434
DE_FE_53	WE_FE_8	106.12713870632028
DE_FE_53	Dielectric_FE_29	86.77518614705684
DE_FE_53	Litho_FE_98	70.44124069050112
DE_FE_53	DE_BE_65	38.82596648958128
DE_FE_53	DefMet_FE_106	84.27597676932197
DE_FE_53	DE_BE_67	27.65450486830638
DE_FE_53	Planar_BE_75	78.60576657032263
DE_FE_53	Dielectric_BE_28	72.32531098118224
DE_FE_53	Litho_FE_111	73.98391578300726
DE_FE_53	WE_FE_47	104.34838341103573
DE_FE_53	Litho_BE_99	62.63384606629216
DE_FE_53	WE_FE_85	102.06059008638299
DE_FE_53	DE_FE_62	49.54475961791716
DE_FE_53	Litho_BE_110	79.17217126468218
DE_FE_53	Dielectric_FE_112	80.11047108952441
DE_FE_53	Planar_FE_78	59.21447696849708
DE_FE_53	Planar_FE_77	64.58052352359319
DE_FE_53	TF_FE_113	92.12150119286575
DE_FE_53	DE_FE_58	22.89346096480898
DE_FE_53	Dielectric_FE_31	71.01742049415328
DE_FE_53	DE_BE_50	35.35051580960209
DE_FE_53	Litho_REG_FE_64	60.23850930987129
DE_FE_53	DefMet_FE_10	83.29782938360984
DE_FE_53	Litho_REG_BE_63	68.6688095809323
DE_FE_53	WE_BE_16	81.44038657048644
DE_FE_53	Litho_BE_93	76.4909392121291
DE_FE_53	LithoTrack_FE_96	70.36323676291241
DE_FE_53	DefMet_BE_33	70.60944147793013
DE_FE_53	DE_FE_54	17.726794291475645
DE_FE_53	DE_BE_11	51.777252500495266
DE_FE_53	DE_FE_51	27.36904105210359
DE_FE_53	DE_FE_71	56.74938665474533
DE_FE_53	WE_BE_14	93.5446823542391
DE_FE_53	Planar_FE_76	71.7521256509124
DE_FE_53	TF_BE_26	80.25847058879654
DE_FE_53	COMMIT	106.67083576946345
DE_FE_53	EPI_36	88.62016360791843
DE_FE_53	EPI_38	87.37016360791846
DE_FE_53	Diffusion_FE_122	78.89590805419428
DE_FE_53	Implant_119	89.87016360791843
DE_FE_53	DE_BE_69	26.07757623877103
DE_FE_53	TF_FE_5	102.15990775216775
DE_FE_53	WE_FE_83	92.5756011283614
DE_FE_53	LithoMet_FE_19	58.23783156057568
DE_FE_53	Dielectric_BE_60	70.31396725664874
DE_FE_53	Implant_91	85.16215015675044
DE_FE_53	Implant_90	81.35262634675045
DefMet_BE_33	Diffusion_FE_101	60.01756860378582
DefMet_BE_33	TF_FE_104	65.93383854679102
DefMet_BE_33	Implant_88	56.26593867561489
DefMet_BE_33	DefMet_BE_42	12.287625050319312
DefMet_BE_33	DE_FE_86	32.47838219826421
DefMet_BE_33	TF_FE_103	58.493739094108896
DefMet_BE_33	TF_BE_40	68.26851186301045
DefMet_BE_33	LithoMet_BE_18	98.92143344431759
DefMet_BE_33	Dielectric_BE_27	51.39273062978905
DefMet_BE_33	Dielectric_FE_130	60.47300622084904
DefMet_BE_33	STOCKER	57.325730263130325
DefMet_BE_33	DE_BE_12	59.0491889177783
DefMet_BE_33	Dielectric_FE_30	44.16829191631412
DefMet_BE_33	Diffusion_FE_127	49.391651553099805
DefMet_BE_33	DE_FE_56	41.86286050138551
DefMet_BE_33	TF_Met_FE_61	71.86752049445529
DefMet_BE_33	DefMet_FE_118	17.870958390319313
DefMet_BE_33	TF_BE_23	69.93643905998603
DefMet_BE_33	Diffusion_FE_126	46.4229015580998
DefMet_BE_33	DE_FE_1	56.948412932762984
DefMet_BE_33	Litho_FE_92	97.09205525393914
DefMet_BE_33	DefMet_FE_34	17.870958390319313
DefMet_BE_33	DE_BE_13	69.21296349770705
DefMet_BE_33	Diffusion_FE_120	58.09733372927127
DefMet_BE_33	Planar_FE_80	84.49686563760935
DefMet_BE_33	WE_FE_108	61.32966431004114
DefMet_BE_33	Implant_128	64.88163017194032
DefMet_BE_33	Implant_132	73.67514995800674
DefMet_BE_33	WE_FE_41	69.0515146372524
DefMet_BE_33	WE_BE_17	52.58987420949633
DefMet_BE_33	WE_BE_7	55.08987420949633
DefMet_BE_33	WE_BE_82	66.9417710436114
DefMet_BE_33	TF_BE_24	80.68515624005448
DefMet_BE_33	DE_FE_70	43.13334921126885
DefMet_BE_33	Diffusion_FE_100	46.939686249890045
DefMet_BE_33	COMPLETE	103.08421491614567
DefMet_BE_33	LithoTrack_BE_117	88.54673651346607
DefMet_BE_33	WE_BE_81	63.82396891043717
DefMet_BE_33	LithoTrack_FE_115	88.55058600340965
DefMet_BE_33	DefMet_FE_43	21.065402834985985
DefMet_BE_33	Diffusion_FE_44	63.16689944092657
DefMet_BE_33	LithoTrack_FE_95	81.9024529652799
DefMet_BE_33	Litho_FE_35	83.30505803966787
DefMet_BE_33	DE_BE_48	63.64643222990954
DefMet_BE_33	Diffusion_BE_123	43.61098255211227
DefMet_BE_33	Implant_74	63.090318582742555
DefMet_BE_33	Planar_FE_79	72.15576672948878
DefMet_BE_33	DE_FE_59	54.07385266357221
DefMet_BE_33	Diffusion_FE_94	61.64269905999435
DefMet_BE_33	WE_FE_84	75.05323687340004
DefMet_BE_33	TF_FE_131	55.597735112615894
DefMet_BE_33	Dielectric_BE_20	30.878661982058954
DefMet_BE_33	DE_BE_66	56.57252647554858
DefMet_BE_33	TF_BE_2	83.71003805184469
DefMet_BE_33	WE_BE_9	54.85241132311671
DefMet_BE_33	TF_FE_3	56.239756093561915
DefMet_BE_33	DE_FE_72	45.734793110680734
DefMet_BE_33	Dielectric_BE_21	36.73136168977829
DefMet_BE_33	Diffusion_FE_125	43.95623488609979
DefMet_BE_33	TF_Met_FE_45	69.37252170169502
DefMet_BE_33	WE_FE_8	74.42440446205705
DefMet_BE_33	Dielectric_FE_29	55.072451902793624
DefMet_BE_33	Litho_FE_98	94.97060262106862
DefMet_BE_33	DE_BE_65	63.3554590249213
DefMet_BE_33	DefMet_FE_106	14.787625050319312
DefMet_BE_33	DE_BE_67	52.18399740364642
DefMet_BE_33	Planar_BE_75	74.84720983961887
DefMet_BE_33	Dielectric_BE_28	40.03808796650827
DefMet_BE_33	Litho_FE_111	98.51334298579809
DefMet_BE_33	WE_FE_47	72.6456491338284
DefMet_BE_33	Litho_BE_99	87.16327326440141
DefMet_BE_33	WE_FE_85	70.3578558313043
DefMet_BE_33	DE_FE_62	45.06104638688931
DefMet_BE_33	Litho_BE_110	103.70166111556138
DefMet_BE_33	Dielectric_FE_112	48.40773684526119
DefMet_BE_33	Planar_FE_78	67.6557667255563
DefMet_BE_33	Planar_FE_77	73.0218133050067
DefMet_BE_33	TF_FE_113	70.31403745165527
DefMet_BE_33	DE_FE_58	43.72397161471884
DefMet_BE_33	Dielectric_FE_31	39.314686249890045
DefMet_BE_33	DE_BE_50	59.88000834494212
DefMet_BE_33	Litho_REG_FE_64	84.76787124206501
DefMet_BE_33	DefMet_FE_10	13.954291716985978
DefMet_BE_33	Litho_REG_BE_63	93.1981715152402
DefMet_BE_33	WE_BE_16	53.58315913748574
DefMet_BE_33	Litho_BE_93	101.02036641565913
DefMet_BE_33	LithoTrack_FE_96	78.80452655245708
DefMet_BE_33	DE_FE_53	56.07310102169924
DefMet_BE_33	DE_FE_54	38.5573049413855
DefMet_BE_33	DE_BE_11	76.3067450358353
DefMet_BE_33	DE_FE_51	53.07792091912027
DefMet_BE_33	DE_FE_71	40.65295422241993
DefMet_BE_33	WE_BE_14	68.61596590472706
DefMet_BE_33	Planar_FE_76	80.19341542961554
DefMet_BE_33	TF_BE_26	66.11402349455844
DefMet_BE_33	COMMIT	103.08421491614567
DefMet_BE_33	EPI_36	56.917429347432034
DefMet_BE_33	EPI_38	55.66742934743203
DefMet_BE_33	Diffusion_FE_122	47.19317380993106
DefMet_BE_33	Implant_119	58.167429347432034
DefMet_BE_33	DE_BE_69	50.60706877411106
DefMet_BE_33	TF_FE_5	59.50364498385045
DefMet_BE_33	WE_FE_83	60.872866875085315
DefMet_BE_33	LithoMet_FE_19	82.76719349927438
DefMet_BE_33	Dielectric_BE_60	38.61123301238552
DefMet_BE_33	Implant_91	53.459415912487245
DefMet_BE_33	Implant_90	49.64989210248723
DE_FE_54	Diffusion_FE_101	77.70983292775223
DE_FE_54	TF_FE_104	67.9482943273082
DE_FE_54	Implant_88	73.95820299958129
DE_FE_54	DefMet_BE_42	67.33106469188871
DE_FE_54	DE_FE_86	50.42171921848591
DE_FE_54	TF_FE_103	60.24096921309282
DE_FE_54	TF_BE_40	71.93312742453425
DE_FE_54	LithoMet_BE_18	64.3700808772178
DE_FE_54	Dielectric_BE_27	70.51463772836928
DE_FE_54	Dielectric_FE_130	78.16527054481548
DE_FE_54	STOCKER	49.56639965138338
DE_FE_54	DE_BE_12	46.515678459035485
DE_FE_54	Dielectric_FE_30	61.860556240280516
DE_FE_54	Diffusion_FE_127	67.08391587706618
DE_FE_54	DE_FE_56	7.311507934285714
DE_FE_54	TF_Met_FE_61	80.8334263571959
DE_FE_54	DefMet_FE_118	73.34884018902517
DE_FE_54	TF_BE_23	59.10435764879145
DE_FE_54	Diffusion_FE_126	64.11516588206618
DE_FE_54	DE_FE_1	43.8518489259381
DE_FE_54	Litho_FE_92	62.5407026868393
DE_FE_54	DefMet_FE_34	73.34884018902517
DE_FE_54	DE_BE_13	56.67945303896421
DE_FE_54	Diffusion_FE_120	75.78959805323765
DE_FE_54	Planar_FE_80	62.846783026016865
DE_FE_54	WE_FE_108	79.36596523990121
DE_FE_54	Implant_128	82.57389449885636
DE_FE_54	Implant_132	91.36741428197317
DE_FE_54	WE_FE_41	86.74375727337524
DE_FE_54	WE_BE_17	66.43663171408862
DE_FE_54	WE_BE_7	68.93663171408863
DE_FE_54	WE_BE_82	83.09583267464355
DE_FE_54	TF_BE_24	70.33298919720056
DE_FE_54	DE_FE_70	39.324415881471744
DE_FE_54	Diffusion_FE_100	64.63195057385644
DE_FE_54	COMPLETE	105.66359184788405
DE_FE_54	LithoTrack_BE_117	53.99538394636628
DE_FE_54	WE_BE_81	77.67070459317414
DE_FE_54	LithoTrack_FE_115	53.999233439845185
DE_FE_54	DefMet_FE_43	60.775509156555366
DE_FE_54	Diffusion_FE_44	80.85916376489295
DE_FE_54	LithoTrack_FE_95	53.179626993881804
DE_FE_54	Litho_FE_35	48.753705472568015
DE_FE_54	DE_BE_48	51.11292177116671
DE_FE_54	Diffusion_BE_123	61.303246876078646
DE_FE_54	Implant_74	80.78258290670895
DE_FE_54	Planar_FE_79	49.70400704076865
DE_FE_54	DE_FE_59	19.682842037382983
DE_FE_54	Diffusion_FE_94	79.33496338454016
DE_FE_54	WE_FE_84	92.74545047007135
DE_FE_54	TF_FE_131	69.44449261720818
DE_FE_54	Dielectric_BE_20	52.825055409369945
DE_FE_54	DE_BE_66	44.03901601680574
DE_FE_54	TF_BE_2	68.47695436891898
DE_FE_54	WE_BE_9	72.54467571322027
DE_FE_54	TF_FE_3	73.78627242927297
DE_FE_54	DE_FE_72	36.551622542586905
DE_FE_54	Dielectric_BE_21	55.5926035545662
DE_FE_54	Diffusion_FE_125	61.64849921006616
DE_FE_54	TF_Met_FE_45	78.5556485791959
DE_FE_54	WE_FE_8	92.11666878602344
DE_FE_54	Dielectric_FE_29	72.76471622676003
DE_FE_54	Litho_FE_98	60.41925006209999
DE_FE_54	DE_BE_65	50.821948566178484
DE_FE_54	DefMet_FE_106	70.26550684902516
DE_FE_54	DE_BE_67	39.650486944903584
DE_FE_54	Planar_BE_75	64.59529664276803
DE_FE_54	Dielectric_BE_28	58.31484106088542
DE_FE_54	Litho_FE_111	63.96199041943742
DE_FE_54	WE_FE_47	90.33791348749426
DE_FE_54	Litho_BE_99	52.61192070272232
DE_FE_54	WE_FE_85	88.05012016338229
DE_FE_54	DE_FE_62	35.75495865236845
DE_FE_54	Litho_BE_110	69.15030854846151
DE_FE_54	Dielectric_FE_112	66.10000116922757
DE_FE_54	Planar_FE_78	45.204007040088655
DE_FE_54	Planar_FE_77	50.57005361546366
DE_FE_54	TF_FE_113	78.11103126445731
DE_FE_54	DE_FE_58	9.17261904761905
DE_FE_54	Dielectric_FE_31	57.00695057385643
DE_FE_54	DE_BE_50	47.34649788619928
DE_FE_54	Litho_REG_FE_64	50.216518681470134
DE_FE_54	DefMet_FE_10	69.28735946331302
DE_FE_54	Litho_REG_BE_63	58.64681895301906
DE_FE_54	WE_BE_16	67.42991664207804
DE_FE_54	Litho_BE_93	66.46901384855929
DE_FE_54	LithoTrack_FE_96	56.35276685072711
DE_FE_54	DE_FE_53	21.376934460216244
DE_FE_54	DefMet_BE_33	56.59897155763332
DE_FE_54	DE_BE_11	62.80076435169303
DE_FE_54	DE_FE_51	36.011488977487446
DE_FE_54	DE_FE_71	42.738916734448495
DE_FE_54	WE_BE_14	79.53421242420833
DE_FE_54	Planar_FE_76	57.74165573872711
DE_FE_54	TF_BE_26	66.24800066038812
DE_FE_54	COMMIT	105.66359184788405
DE_FE_54	EPI_36	74.60969367139843
DE_FE_54	EPI_38	73.35969367139845
DE_FE_54	Diffusion_FE_122	64.88543813389744
DE_FE_54	Implant_119	75.85969367139843
DE_FE_54	DE_BE_69	38.07355831536823
DE_FE_54	TF_FE_5	88.14943782375933
DE_FE_54	WE_FE_83	78.56513120716328
DE_FE_54	LithoMet_FE_19	48.215840932174565
DE_FE_54	Dielectric_BE_60	56.3034973363519
DE_FE_54	Implant_91	71.1516802364536
DE_FE_54	Implant_90	67.34215642645361
DE_BE_11	Diffusion_FE_101	99.32278339859273
DE_BE_11	TF_FE_104	96.63655321387124
DE_BE_11	Implant_88	102.64646188974952
DE_BE_11	DefMet_BE_42	96.01932358205691
DE_BE_11	DE_FE_86	79.10997810865409
DE_BE_11	TF_FE_103	88.92922809717732
DE_BE_11	TF_BE_40	100.6213863103248
DE_BE_11	LithoMet_BE_18	77.82121054987482
DE_BE_11	Dielectric_BE_27	98.03632417056231
DE_BE_11	Dielectric_FE_130	101.68764281610585
DE_BE_11	STOCKER	68.3304348064971
DE_BE_11	DE_BE_12	22.566524823157597
DE_BE_11	Dielectric_FE_30	90.54881513044874
DE_BE_11	Diffusion_FE_127	95.97969201318791
DE_BE_11	DE_FE_56	73.78538407670501
DE_BE_11	TF_Met_FE_61	109.52168525096928
DE_BE_11	DefMet_FE_118	102.03709907919337
DE_BE_11	TF_BE_23	87.79261653243859
DE_BE_11	Diffusion_FE_126	92.80342477223441
DE_BE_11	DE_FE_1	52.19253233669766
DE_BE_11	Litho_FE_92	68.06601629455744
DE_BE_11	DefMet_FE_34	102.03709907919337
DE_BE_11	DE_BE_13	39.11215113434097
DE_BE_11	Diffusion_FE_120	100.33753581575382
DE_BE_11	Planar_FE_80	91.5350419121293
DE_BE_11	WE_FE_108	108.05422412893553
DE_BE_11	Implant_128	111.26215338951616
DE_BE_11	Implant_132	120.05567317214138
DE_BE_11	WE_FE_41	115.4320161581357
DE_BE_11	WE_BE_17	95.12489059614524
DE_BE_11	WE_BE_7	97.62489059614524
DE_BE_11	WE_BE_82	111.78409155832246
DE_BE_11	TF_BE_24	99.02124807993316
DE_BE_11	DE_FE_70	68.01267477163992
DE_BE_11	Diffusion_FE_100	100.31616045430623
DE_BE_11	COMPLETE	105.27833332709544
DE_BE_11	LithoTrack_BE_117	70.9049035966238
DE_BE_11	WE_BE_81	106.35896348108912
DE_BE_11	LithoTrack_FE_115	81.11960908068055
DE_BE_11	DefMet_FE_43	89.46376804672357
DE_BE_11	Diffusion_FE_44	89.61177453699764
DE_BE_11	LithoTrack_FE_95	81.76403936716837
DE_BE_11	Litho_FE_35	53.24297448702506
DE_BE_11	DE_BE_48	47.9883447242298
DE_BE_11	Diffusion_BE_123	91.54616154186499
DE_BE_11	Implant_74	109.4708417968772
DE_BE_11	Planar_FE_79	78.39226592282526
DE_BE_11	DE_FE_59	57.76272655462535
DE_BE_11	Diffusion_FE_94	96.35145558742622
DE_BE_11	WE_FE_84	121.4337093600142
DE_BE_11	TF_FE_131	98.13275149926481
DE_BE_11	Dielectric_BE_20	81.51331429953815
DE_BE_11	DE_BE_66	54.18460855217524
DE_BE_11	TF_BE_2	97.16521325908722
DE_BE_11	WE_BE_9	101.23293460338847
DE_BE_11	TF_FE_3	102.4745313113296
DE_BE_11	DE_FE_72	65.23988143275508
DE_BE_11	Dielectric_BE_21	84.2808624447344
DE_BE_11	Diffusion_FE_125	90.33675810023442
DE_BE_11	TF_Met_FE_45	107.24390747139205
DE_BE_11	WE_FE_8	120.80492767619165
DE_BE_11	Dielectric_FE_29	98.87003180748934
DE_BE_11	Litho_FE_98	77.00811190165871
DE_BE_11	DE_BE_65	49.36073538119406
DE_BE_11	DefMet_FE_106	98.95376573919334
DE_BE_11	DE_BE_67	59.29067713803562
DE_BE_11	Planar_BE_75	93.28355552710163
DE_BE_11	Dielectric_BE_28	87.00309995105363
DE_BE_11	Litho_FE_111	71.17596607148596
DE_BE_11	WE_FE_47	119.02617237441784
DE_BE_11	Litho_BE_99	57.10118971862143
DE_BE_11	WE_FE_85	116.73837904543892
DE_BE_11	DE_FE_62	65.43730573366504
DE_BE_11	Litho_BE_110	61.604121537200896
DE_BE_11	Dielectric_FE_112	92.95583301490655
DE_BE_11	Planar_FE_78	73.89226593836842
DE_BE_11	Planar_FE_77	79.25831249346452
DE_BE_11	TF_FE_113	106.79929014854183
DE_BE_11	DE_FE_58	70.3905701339788
DE_BE_11	Dielectric_FE_31	85.69520946402466
DE_BE_11	DE_BE_50	51.45379317583792
DE_BE_11	Litho_REG_FE_64	67.79198288424448
DE_BE_11	DefMet_FE_10	97.9756183534812
DE_BE_11	Litho_REG_BE_63	82.29306797127303
DE_BE_11	WE_BE_16	96.11817552650052
DE_BE_11	Litho_BE_93	70.95828286375989
DE_BE_11	LithoTrack_FE_96	85.04102573278374
DE_BE_11	DE_FE_53	55.84107127192925
DE_BE_11	DefMet_BE_33	85.28723044780153
DE_BE_11	DE_FE_54	70.26260759261572
DE_BE_11	DE_FE_51	58.7906805605435
DE_BE_11	DE_FE_71	71.42717562461668
DE_BE_11	WE_BE_14	108.22247131275427
DE_BE_11	Planar_FE_76	86.42991462078373
DE_BE_11	TF_BE_26	94.93625954974517
DE_BE_11	COMMIT	105.27833332709544
DE_BE_11	EPI_36	103.29795256156662
DE_BE_11	EPI_38	102.04795256156662
DE_BE_11	Diffusion_FE_122	93.82517374044762
DE_BE_11	Implant_119	104.54795256156662
DE_BE_11	DE_BE_69	59.91821465241235
DE_BE_11	TF_FE_5	116.83769670581594
DE_BE_11	WE_FE_83	107.2533900946276
DE_BE_11	LithoMet_FE_19	64.80470277173329
DE_BE_11	Dielectric_BE_60	84.99175622652012
DE_BE_11	Implant_91	99.83993912662184
DE_BE_11	Implant_90	96.03041531662187
DE_FE_51	Diffusion_FE_101	83.75203758180145
DE_FE_51	TF_FE_104	73.9904989826012
DE_FE_51	Implant_88	80.0004076536305
DE_FE_51	DefMet_BE_42	73.37326934593793
DE_FE_51	DE_FE_86	56.463923872535126
DE_FE_51	TF_FE_103	66.28317387419911
DE_FE_51	TF_BE_40	77.97533207954142
DE_FE_51	LithoMet_BE_18	69.50474566505851
DE_FE_51	Dielectric_BE_27	76.55684238241848
DE_FE_51	Dielectric_FE_130	84.20747519886467
DE_FE_51	STOCKER	53.42814603360862
DE_FE_51	DE_BE_12	42.763983046689816
DE_FE_51	Dielectric_FE_30	67.90276089432973
DE_FE_51	Diffusion_FE_127	73.1261205311154
DE_FE_51	DE_FE_56	45.61076622470209
DE_FE_51	TF_Met_FE_61	86.87563101622024
DE_FE_51	DefMet_FE_118	79.3910448430744
DE_FE_51	TF_BE_23	65.146562304024
DE_FE_51	Diffusion_FE_126	70.1573705361154
DE_FE_51	DE_FE_1	32.34045231907519
DE_FE_51	Litho_FE_92	67.67536104106294
DE_FE_51	DefMet_FE_34	79.3910448430744
DE_FE_51	DE_BE_13	52.75838060427048
DE_FE_51	Diffusion_FE_120	81.83180270728688
DE_FE_51	Planar_FE_80	68.8889876805528
DE_FE_51	WE_FE_108	85.40816989984313
DE_FE_51	Implant_128	88.61609915762504
DE_FE_51	Implant_132	97.40961894010135
DE_FE_51	WE_FE_41	92.7859619315343
DE_FE_51	WE_BE_17	72.4788363736537
DE_FE_51	WE_BE_7	74.97883636976016
DE_FE_51	WE_BE_82	89.13803733154802
DE_FE_51	TF_BE_24	76.37519385611672
DE_FE_51	DE_FE_70	45.366620535520966
DE_FE_51	Diffusion_FE_100	70.67415522790564
DE_FE_51	COMPLETE	106.80884646855736
DE_FE_51	LithoTrack_BE_117	58.785310076731896
DE_FE_51	WE_BE_81	83.71290924981906
DE_FE_51	LithoTrack_FE_115	60.03350394538204
DE_FE_51	DefMet_FE_43	66.81771381060457
DE_FE_51	Diffusion_FE_44	86.90136841894216
DE_FE_51	LithoTrack_FE_95	59.20106290057703
DE_FE_51	Litho_FE_35	53.88836242862895
DE_FE_51	DE_BE_48	47.431043271404654
DE_FE_51	Diffusion_BE_123	67.34545153012789
DE_FE_51	Implant_74	86.82478756075814
DE_FE_51	Planar_FE_79	55.74621169397429
DE_FE_51	DE_FE_59	33.208247758358084
DE_FE_51	Diffusion_FE_94	85.37716803824173
DE_FE_51	WE_FE_84	98.78765512576089
DE_FE_51	TF_FE_131	75.48669727519733
DE_FE_51	Dielectric_BE_20	58.86726006341916
DE_FE_51	DE_BE_66	40.08308589615631
DE_FE_51	TF_BE_2	74.51915902296821
DE_FE_51	WE_BE_9	78.58688037635444
DE_FE_51	TF_FE_3	79.82847708802689
DE_FE_51	DE_FE_72	42.59382719663612
DE_FE_51	Dielectric_BE_21	61.63480820861541
DE_FE_51	Diffusion_FE_125	67.6907038641154
DE_FE_51	TF_Met_FE_45	84.59785323551638
DE_FE_51	WE_FE_8	98.15887344591302
DE_FE_51	Dielectric_FE_29	78.80692088080926
DE_FE_51	Litho_FE_98	65.55391484994068
DE_FE_51	DE_BE_65	46.810120153608416
DE_FE_51	DefMet_FE_106	76.30771150307437
DE_FE_51	DE_BE_67	35.0094360481426
DE_FE_51	Planar_BE_75	70.63750130011312
DE_FE_51	Dielectric_BE_28	64.35704571493464
DE_FE_51	Litho_FE_111	69.09664737502824
DE_FE_51	WE_FE_47	96.38011814517749
DE_FE_51	Litho_BE_99	57.746577658588116
DE_FE_51	WE_FE_85	94.09232481451136
DE_FE_51	DE_FE_62	42.61895724968065
DE_FE_51	Litho_BE_110	74.28495798638521
DE_FE_51	Dielectric_FE_112	72.1422058232768
DE_FE_51	Planar_FE_78	51.24621169640913
DE_FE_51	Planar_FE_77	56.612258264483714
DE_FE_51	TF_FE_113	84.15323592337349
DE_FE_51	DE_FE_58	42.55362555968399
DE_FE_51	Dielectric_FE_31	63.04915522790565
DE_FE_51	DE_BE_50	43.62485101331772
DE_FE_51	Litho_REG_FE_64	55.35118346931084
DE_FE_51	DefMet_FE_10	75.32956411736222
DE_FE_51	Litho_REG_BE_63	63.78148374062558
DE_FE_51	WE_BE_16	73.47212130123756
DE_FE_51	Litho_BE_93	71.60367080449012
DE_FE_51	LithoTrack_FE_96	62.394971505749716
DE_FE_51	DE_FE_53	28.066139920250613
DE_FE_51	DefMet_BE_33	62.64117621168254
DE_FE_51	DE_FE_54	42.28783299077495
DE_FE_51	DE_BE_11	58.25564717114088
DE_FE_51	DE_FE_71	48.78112138849771
DE_FE_51	WE_BE_14	85.5764170837086
DE_FE_51	Planar_FE_76	63.783860393749734
DE_FE_51	TF_BE_26	72.29020532090497
DE_FE_51	COMMIT	106.80884646855736
DE_FE_51	EPI_36	80.65189833712832
DE_FE_51	EPI_38	79.4018983364794
DE_FE_51	Diffusion_FE_122	70.92764278794668
DE_FE_51	Implant_119	81.90189833777723
DE_FE_51	DE_BE_69	33.31179616264274
DE_FE_51	TF_FE_5	94.19164248202658
DE_FE_51	WE_FE_83	84.60733586207775
DE_FE_51	LithoMet_FE_19	53.350505720015256
DE_FE_51	Dielectric_BE_60	62.34570199040113
DE_FE_51	Implant_91	77.19388489050284
DE_FE_51	Implant_90	73.38436108050283
DE_FE_71	Diffusion_FE_101	72.66305434965668
DE_FE_71	TF_FE_104	62.901515745744675
DE_FE_71	Implant_88	68.91142442148576
DE_FE_71	DefMet_BE_42	62.284286113793144
DE_FE_71	DE_FE_86	45.102904238862436
DE_FE_71	TF_FE_103	55.19419063914124
DE_FE_71	TF_BE_40	66.88638667966735
DE_FE_71	LithoMet_BE_18	82.8655017436939
DE_FE_71	Dielectric_BE_27	65.46785915027374
DE_FE_71	Dielectric_FE_130	73.11849196671992
DE_FE_71	STOCKER	53.1855302613767
DE_FE_71	DE_BE_12	54.20563435888397
DE_FE_71	Dielectric_FE_30	56.81377766218502
DE_FE_71	Diffusion_FE_127	62.03713729897065
DE_FE_71	DE_FE_56	36.961748936837374
DE_FE_71	TF_Met_FE_61	75.78664778450806
DE_FE_71	DefMet_FE_118	68.30206161092961
DE_FE_71	TF_BE_23	54.482015249297284
DE_FE_71	Diffusion_FE_126	59.06838730397066
DE_FE_71	DE_FE_1	51.1216143343711
DE_FE_71	Litho_FE_92	81.03612355967894
DE_FE_71	DefMet_FE_34	68.30206161092961
DE_FE_71	DE_BE_13	63.30247381515245
DE_FE_71	Diffusion_FE_120	70.74281947514213
DE_FE_71	Planar_FE_80	67.11120435927359
DE_FE_71	WE_FE_108	74.31918666730061
DE_FE_71	Implant_128	77.52711592582654
DE_FE_71	Implant_132	86.32063571506251
DE_FE_71	WE_FE_41	81.69697869974692
DE_FE_71	WE_BE_17	61.38985313775649
DE_FE_71	WE_BE_7	63.88985313775645
DE_FE_71	WE_BE_82	78.04905410035688
DE_FE_71	TF_BE_24	65.28621057692189
DE_FE_71	DE_FE_70	36.542234871526404
DE_FE_71	Diffusion_FE_100	59.585171995760895
DE_FE_71	COMPLETE	106.95640200680702
DE_FE_71	LithoTrack_BE_117	72.49080481062019
DE_FE_71	WE_BE_81	72.6239260150786
DE_FE_71	LithoTrack_FE_115	72.49465430732697
DE_FE_71	DefMet_FE_43	55.72873057845983
DE_FE_71	Diffusion_FE_44	75.81238518679741
DE_FE_71	LithoTrack_FE_95	65.846523809286
DE_FE_71	Litho_FE_35	67.24912634035722
DE_FE_71	DE_BE_48	58.84838655719326
DE_FE_71	Diffusion_BE_123	56.25646829798311
DE_FE_71	Implant_74	75.73580432861341
DE_FE_71	Planar_FE_79	56.09984073230901
DE_FE_71	DE_FE_59	47.837100909102766
DE_FE_71	Diffusion_FE_94	74.28818480601636
DE_FE_71	WE_FE_84	87.69867189865705
DE_FE_71	TF_FE_131	64.39771404168215
DE_FE_71	Dielectric_BE_20	47.77827683127442
DE_FE_71	DE_BE_66	51.70582851433021
DE_FE_71	TF_BE_2	67.03782686633873
DE_FE_71	WE_BE_9	67.49789714669255
DE_FE_71	TF_FE_3	68.73949385294081
DE_FE_71	DE_FE_72	24.854263362213302
DE_FE_71	Dielectric_BE_21	50.54582497647067
DE_FE_71	Diffusion_FE_125	56.60172063197065
DE_FE_71	TF_Met_FE_45	73.50887000674317
DE_FE_71	WE_FE_8	87.06989022415104
DE_FE_71	Dielectric_FE_29	67.71793764866449
DE_FE_71	Litho_FE_98	78.91467092988921
DE_FE_71	DE_BE_65	57.4269227510783
DE_FE_71	DefMet_FE_106	65.21872827092963
DE_FE_71	DE_BE_67	47.2697543846473
DE_FE_71	Planar_BE_75	60.00061601994275
DE_FE_71	Dielectric_BE_28	53.26806248278988
DE_FE_71	Litho_FE_111	82.45741129098691
DE_FE_71	WE_FE_47	85.2911349182862
DE_FE_71	Litho_BE_99	71.1073415735755
DE_FE_71	WE_FE_85	83.00334158317068
DE_FE_71	DE_FE_62	39.41371860736323
DE_FE_71	Litho_BE_110	87.64572942371728
DE_FE_71	Dielectric_FE_112	61.05322259113206
DE_FE_71	Planar_FE_78	51.59984073162898
DE_FE_71	Planar_FE_77	56.96588730294821
DE_FE_71	TF_FE_113	73.06425268741982
DE_FE_71	DE_FE_58	38.82286005017071
DE_FE_71	Dielectric_FE_31	51.9601719957609
DE_FE_71	DE_BE_50	54.95138911382936
DE_FE_71	Litho_REG_FE_64	68.71193954567693
DE_FE_71	DefMet_FE_10	64.2405808852175
DE_FE_71	Litho_REG_BE_63	77.14223981868712
DE_FE_71	WE_BE_16	62.383138066980244
DE_FE_71	Litho_BE_93	84.96443472447967
DE_FE_71	LithoTrack_FE_96	62.74860054226747
DE_FE_71	DE_FE_53	51.110711227661035
DE_FE_71	DefMet_BE_33	51.5521929795378
DE_FE_71	DE_FE_54	33.656193376837365
DE_FE_71	DE_BE_11	69.05149777127988
DE_FE_71	DE_FE_51	47.928598073244544
DE_FE_71	WE_BE_14	74.48743385006279
DE_FE_71	Planar_FE_76	64.13748943026745
DE_FE_71	TF_BE_26	61.20122207913692
DE_FE_71	COMMIT	106.95640200680702
DE_FE_71	EPI_36	69.56291510106179
DE_FE_71	EPI_38	68.3129151010618
DE_FE_71	Diffusion_FE_122	59.83865955580192
DE_FE_71	Implant_119	70.81291510106178
DE_FE_71	DE_BE_69	45.70595720956294
DE_FE_71	TF_FE_5	83.10265923896293
DE_FE_71	WE_FE_83	73.51835262871506
DE_FE_71	LithoMet_FE_19	66.71126179583925
DE_FE_71	Dielectric_BE_60	51.25671875825638
DE_FE_71	Implant_91	66.10490165835807
DE_FE_71	Implant_90	62.295377848358086
WE_BE_14	Diffusion_FE_101	72.23141681676351
WE_BE_14	TF_FE_104	32.89865413877343
WE_BE_14	Implant_88	60.83569316200301
WE_BE_14	DefMet_BE_42	61.85264858089998
WE_BE_14	DE_FE_86	54.47895080645487
WE_BE_14	TF_FE_103	25.920631756625333
WE_BE_14	TF_BE_40	35.6954045255269
WE_BE_14	LithoMet_BE_18	66.34832610683402
WE_BE_14	Dielectric_BE_27	65.03622161738055
WE_BE_14	Dielectric_FE_130	72.68685443382674
WE_BE_14	STOCKER	47.65196243657062
WE_BE_14	DE_BE_12	90.26442590860424
WE_BE_14	Dielectric_FE_30	56.38214012929181
WE_BE_14	Diffusion_FE_127	61.60549976607749
WE_BE_14	DE_FE_56	75.91729186416548
WE_BE_14	TF_Met_FE_61	30.80204209622008
WE_BE_14	DefMet_FE_118	67.87042407803645
WE_BE_14	TF_BE_23	37.36333172250248
WE_BE_14	Diffusion_FE_126	58.63674977107748
WE_BE_14	DE_FE_1	73.33797407810178
WE_BE_14	Litho_FE_92	64.51894791645552
WE_BE_14	DefMet_FE_34	67.87042407803645
WE_BE_14	DE_BE_13	79.11922549893497
WE_BE_14	Diffusion_FE_120	70.31118194224895
WE_BE_14	Planar_FE_80	51.92375830012579
WE_BE_14	WE_FE_108	53.973399114971436
WE_BE_14	Implant_128	62.651067588112035
WE_BE_14	Implant_132	56.307646009683985
WE_BE_14	WE_FE_41	49.653528551214215
WE_BE_14	WE_BE_17	24.463045523324144
WE_BE_14	WE_BE_7	26.963045523324144
WE_BE_14	WE_BE_82	45.969574798508646
WE_BE_14	TF_BE_24	48.11204890257092
WE_BE_14	DE_FE_70	70.28065511678543
WE_BE_14	Diffusion_FE_100	59.15353446286772
WE_BE_14	COMPLETE	108.7713374955044
WE_BE_14	LithoTrack_BE_117	55.9736291759825
WE_BE_14	WE_BE_81	35.84195423503851
WE_BE_14	LithoTrack_FE_115	55.97747866946142
WE_BE_14	DefMet_FE_43	55.29709304556663
WE_BE_14	Diffusion_FE_44	75.38074765390424
WE_BE_14	LithoTrack_FE_95	49.329345629526415
WE_BE_14	Litho_FE_35	50.73195070218424
WE_BE_14	DE_BE_48	85.51169098672662
WE_BE_14	Diffusion_BE_123	55.82483076508994
WE_BE_14	Implant_74	60.01597934254113
WE_BE_14	Planar_FE_79	39.58265940501508
WE_BE_14	DE_FE_59	64.7344714561951
WE_BE_14	Diffusion_FE_94	72.02936108226127
WE_BE_14	WE_FE_84	57.9819248492295
WE_BE_14	TF_FE_131	22.18957829256335
WE_BE_14	Dielectric_BE_20	47.34663929838122
WE_BE_14	DE_BE_66	78.69753442362997
WE_BE_14	TF_BE_2	51.136930714361156
WE_BE_14	WE_BE_9	60.7034586293385
WE_BE_14	TF_FE_3	22.49760567564469
WE_BE_14	DE_FE_72	55.27219633332585
WE_BE_14	Dielectric_BE_21	50.114187443577485
WE_BE_14	Diffusion_FE_125	56.170083099077495
WE_BE_14	TF_Met_FE_45	36.43208109446084
WE_BE_14	WE_FE_8	55.007882228541135
WE_BE_14	Dielectric_FE_29	67.28630011577134
WE_BE_14	Litho_FE_98	62.39749529171623
WE_BE_14	DE_BE_65	79.5475708125077
WE_BE_14	DefMet_FE_106	64.78709073803645
WE_BE_14	DE_BE_67	84.22211459275945
WE_BE_14	Planar_BE_75	42.274102502135364
WE_BE_14	Dielectric_BE_28	52.836424949896696
WE_BE_14	Litho_FE_111	65.94023564905366
WE_BE_14	WE_FE_47	51.92454889654114
WE_BE_14	Litho_BE_99	54.59016593233855
WE_BE_14	WE_FE_85	56.99109737433139
WE_BE_14	DE_FE_62	65.98363840651125
WE_BE_14	Litho_BE_110	71.1285537780777
WE_BE_14	Dielectric_FE_112	60.621585050846896
WE_BE_14	Planar_FE_78	35.08265940433508
WE_BE_14	Planar_FE_77	40.448705975654306
WE_BE_14	TF_FE_113	36.35469890256962
WE_BE_14	DE_FE_58	76.55567551490805
WE_BE_14	Dielectric_FE_31	51.52853446286772
WE_BE_14	DE_BE_50	89.10676977230854
WE_BE_14	Litho_REG_FE_64	52.19476391108639
WE_BE_14	DefMet_FE_10	63.8089433523243
WE_BE_14	Litho_REG_BE_63	60.6250641826353
WE_BE_14	WE_BE_16	15.532260594334733
WE_BE_14	Litho_BE_93	68.44725907817549
WE_BE_14	LithoTrack_FE_96	46.23141921497354
WE_BE_14	DE_FE_53	79.93859546266266
WE_BE_14	DefMet_BE_33	51.12055544664459
WE_BE_14	DE_FE_54	73.19619242199236
WE_BE_14	DE_BE_11	69.40388558460954
WE_BE_14	DE_FE_51	71.49504311098111
WE_BE_14	DE_FE_71	59.90128471251811
WE_BE_14	Planar_FE_76	47.62030810297354
WE_BE_14	TF_BE_26	33.54091615707485
WE_BE_14	COMMIT	108.7713374955044
WE_BE_14	EPI_36	63.95137470508291
WE_BE_14	EPI_38	62.7013747050829
WE_BE_14	Diffusion_FE_122	59.40702202290873
WE_BE_14	Implant_119	65.20137470508291
WE_BE_14	DE_BE_69	82.21597991949474
WE_BE_14	TF_FE_5	25.761494564578015
WE_BE_14	WE_FE_83	68.20558600488343
WE_BE_14	LithoMet_FE_19	50.19408616179078
WE_BE_14	Dielectric_BE_60	50.8250812253632
WE_BE_14	Implant_91	65.07935919794085
WE_BE_14	Implant_90	61.86374031546491
Planar_FE_76	Diffusion_FE_101	86.86404158209106
Planar_FE_76	TF_FE_104	54.13087846922967
Planar_FE_76	Implant_88	74.57614148935278
Planar_FE_76	DefMet_BE_42	76.48527334622757
Planar_FE_76	DE_FE_86	59.57592786631252
Planar_FE_76	TF_FE_103	61.55345735924519
Planar_FE_76	TF_BE_40	52.3482569116081
Planar_FE_76	LithoMet_BE_18	44.68236809976736
Planar_FE_76	Dielectric_BE_27	79.66884638053976
Planar_FE_76	Dielectric_FE_130	87.31947919915433
Planar_FE_76	STOCKER	47.60987213053034
Planar_FE_76	DE_BE_12	68.59846790153757
Planar_FE_76	Dielectric_FE_30	71.01476489461936
Planar_FE_76	Diffusion_FE_127	76.238124531405
Planar_FE_76	DE_FE_56	54.251333840875674
Planar_FE_76	TF_Met_FE_61	52.14261956453154
Planar_FE_76	DefMet_FE_118	82.503048843364
Planar_FE_76	TF_BE_23	49.656227595395194
Planar_FE_76	Diffusion_FE_126	73.26937453640501
Planar_FE_76	DE_FE_1	51.672016058983615
Planar_FE_76	Litho_FE_92	42.85298990938885
Planar_FE_76	DefMet_FE_34	82.503048843364
Planar_FE_76	DE_BE_13	57.45326751527793
Planar_FE_76	Diffusion_FE_120	84.94380670757651
Planar_FE_76	Planar_FE_80	34.083536495182734
Planar_FE_76	WE_FE_108	67.70470043590099
Planar_FE_76	Implant_128	76.14819507563976
Planar_FE_76	Implant_132	69.15591790989751
Planar_FE_76	WE_FE_41	62.50180045142775
Planar_FE_76	WE_BE_17	70.41093750498914
Planar_FE_76	WE_BE_7	62.26360159716996
Planar_FE_76	WE_BE_82	60.557649390032864
Planar_FE_76	TF_BE_24	42.81102945625468
Planar_FE_76	DE_FE_70	48.47862453581058
Planar_FE_76	Diffusion_FE_100	73.78615922819525
Planar_FE_76	COMPLETE	104.3624944461336
Planar_FE_76	LithoTrack_BE_117	34.30767116891583
Planar_FE_76	WE_BE_81	56.70879404240451
Planar_FE_76	LithoTrack_FE_115	34.31152066239472
Planar_FE_76	DefMet_FE_43	69.92971781089419
Planar_FE_76	Diffusion_FE_44	90.01337240839018
Planar_FE_76	LithoTrack_FE_95	27.48335417866794
Planar_FE_76	Litho_FE_35	29.065992695117572
Planar_FE_76	DE_BE_48	63.84573304475565
Planar_FE_76	Diffusion_BE_123	70.4574555304175
Planar_FE_76	Implant_74	72.86425124275465
Planar_FE_76	Planar_FE_79	20.868320771764715
Planar_FE_76	DE_FE_59	43.06851343485206
Planar_FE_76	Diffusion_FE_94	86.53453207150926
Planar_FE_76	WE_FE_84	71.07779325980445
Planar_FE_76	TF_FE_131	65.59010169917154
Planar_FE_76	Dielectric_BE_20	61.97926406370878
Planar_FE_76	DE_BE_66	57.0316013127168
Planar_FE_76	TF_BE_2	39.78614757625468
Planar_FE_76	WE_BE_9	76.74697177116599
Planar_FE_76	TF_FE_3	70.10030160511704
Planar_FE_76	DE_FE_72	45.705831191117746
Planar_FE_76	Dielectric_BE_21	64.74681220890503
Planar_FE_76	Diffusion_FE_125	70.80270786440502
Planar_FE_76	TF_Met_FE_45	49.86484178653154
Planar_FE_76	WE_FE_8	67.85615412875467
Planar_FE_76	Dielectric_FE_29	81.9189248810989
Planar_FE_76	Litho_FE_98	40.73153728464955
Planar_FE_76	DE_BE_65	57.881612800948446
Planar_FE_76	DefMet_FE_106	79.419715503364
Planar_FE_76	DE_BE_67	62.55616591624606
Planar_FE_76	Planar_BE_75	45.869532582400275
Planar_FE_76	Dielectric_BE_28	67.46904970844828
Planar_FE_76	Litho_FE_111	44.27427764198697
Planar_FE_76	WE_FE_47	64.77282079675464
Planar_FE_76	Litho_BE_99	32.92420792527187
Planar_FE_76	WE_FE_85	69.83936927454492
Planar_FE_76	DE_FE_62	45.9032554978357
Planar_FE_76	Litho_BE_110	49.46259577101105
Planar_FE_76	Dielectric_FE_112	75.25420982356641
Planar_FE_76	Planar_FE_78	16.368320771084715
Planar_FE_76	Planar_FE_77	8.32879633946902
Planar_FE_76	TF_FE_113	52.42329323675467
Planar_FE_76	DE_FE_58	54.88971749486285
Planar_FE_76	Dielectric_FE_31	66.16115922819526
Planar_FE_76	DE_BE_50	67.44081179055686
Planar_FE_76	Litho_REG_FE_64	30.528805904019706
Planar_FE_76	DefMet_FE_10	78.44156811765185
Planar_FE_76	Litho_REG_BE_63	38.95910617556862
Planar_FE_76	WE_BE_16	63.23740161006753
Planar_FE_76	Litho_BE_93	46.78130107110883
Planar_FE_76	LithoTrack_FE_96	18.695685153297536
Planar_FE_76	DE_FE_53	58.27263744261748
Planar_FE_76	DefMet_BE_33	65.75318021197218
Planar_FE_76	DE_FE_54	51.530267088085374
Planar_FE_76	DE_BE_11	47.73792757754286
Planar_FE_76	DE_FE_51	49.82910601045375
Planar_FE_76	DE_FE_71	51.89312538690184
Planar_FE_76	WE_BE_14	55.198175120531545
Planar_FE_76	TF_BE_26	56.8608543849039
Planar_FE_76	COMMIT	104.3624944461336
Planar_FE_76	EPI_36	78.5839994704105
Planar_FE_76	EPI_38	77.3339994704105
Planar_FE_76	Diffusion_FE_122	74.03964678823627
Planar_FE_76	Implant_119	79.83399947041049
Planar_FE_76	DE_BE_69	60.55002190269417
Planar_FE_76	TF_FE_5	60.62760868521294
Planar_FE_76	WE_FE_83	82.63902823491414
Planar_FE_76	LithoMet_FE_19	28.528128154724122
Planar_FE_76	Dielectric_BE_60	65.45770599069076
Planar_FE_76	Implant_91	79.45707640181644
Planar_FE_76	Implant_90	76.49636506995085
TF_BE_26	Diffusion_FE_101	81.38529655214865
TF_BE_26	TF_FE_104	38.73014628633383
TF_BE_26	Implant_88	64.85243716833632
TF_BE_26	DefMet_BE_42	71.00652830304985
TF_BE_26	DE_FE_86	56.801396812816115
TF_BE_26	TF_FE_103	45.63270733442194
TF_BE_26	TF_BE_40	29.79103177984532
TF_BE_26	LithoMet_BE_18	64.3787962774811
TF_BE_26	Dielectric_BE_27	74.19010134683894
TF_BE_26	Dielectric_FE_130	81.84073416921191
TF_BE_26	STOCKER	50.404375871423014
TF_BE_26	DE_BE_12	88.2948960857406
TF_BE_26	Dielectric_FE_30	65.53601986305071
TF_BE_26	Diffusion_FE_127	70.75937950146259
TF_BE_26	DE_FE_56	73.94776203481253
TF_BE_26	TF_Met_FE_61	37.61774847218079
TF_BE_26	DefMet_FE_118	77.02430381016912
TF_BE_26	TF_BE_23	33.59316932563632
TF_BE_26	Diffusion_FE_126	67.79062950646262
TF_BE_26	DE_FE_1	71.36844424859433
TF_BE_26	Litho_FE_92	62.549418087102595
TF_BE_26	DefMet_FE_34	77.02430381016912
TF_BE_26	DE_BE_13	77.14969567242106
TF_BE_26	Diffusion_FE_120	79.4650616776341
TF_BE_26	Planar_FE_80	49.95422847077288
TF_BE_26	WE_FE_108	55.20263284511404
TF_BE_26	Implant_128	63.07734335020423
TF_BE_26	Implant_132	55.96480835976721
TF_BE_26	WE_FE_41	47.97692935907701
TF_BE_26	WE_BE_17	59.96599322950866
TF_BE_26	WE_BE_7	47.73873050481924
TF_BE_26	WE_BE_82	45.630138612746634
TF_BE_26	TF_BE_24	29.40419863538578
TF_BE_26	DE_FE_70	68.31112528581016
TF_BE_26	Diffusion_FE_100	68.30741419825287
TF_BE_26	COMPLETE	106.9482729853001
TF_BE_26	LithoTrack_BE_117	54.00409934662958
TF_BE_26	WE_BE_81	42.18392295005377
TF_BE_26	LithoTrack_FE_115	54.00794884010847
TF_BE_26	DefMet_FE_43	64.45097276771651
TF_BE_26	Diffusion_FE_44	84.5346273892894
TF_BE_26	LithoTrack_FE_95	47.35981580017348
TF_BE_26	Litho_FE_35	48.7624208728313
TF_BE_26	DE_BE_48	83.5421611629359
TF_BE_26	Diffusion_BE_123	64.97871050047513
TF_BE_26	Implant_74	63.00754554817544
TF_BE_26	Planar_FE_79	37.61312957566216
TF_BE_26	DE_FE_59	62.76494162554431
TF_BE_26	Diffusion_FE_94	80.91349277756952
TF_BE_26	WE_FE_84	56.64319352210596
TF_BE_26	TF_FE_131	48.16641177935991
TF_BE_26	Dielectric_BE_20	56.50051902776593
TF_BE_26	DE_BE_66	76.72800459767613
TF_BE_26	TF_BE_2	47.69088225819352
TF_BE_26	WE_BE_9	58.15307554733179
TF_BE_26	TF_FE_3	52.515678610987585
TF_BE_26	DE_FE_72	53.302666503972915
TF_BE_26	Dielectric_BE_21	59.268067175710144
TF_BE_26	Diffusion_FE_125	65.32396283446265
TF_BE_26	TF_Met_FE_45	35.3399706941808
TF_BE_26	WE_FE_8	53.33128303640394
TF_BE_26	Dielectric_FE_29	76.44017984953025
TF_BE_26	Litho_FE_98	60.42796546236328
TF_BE_26	DE_BE_65	77.57804098889527
TF_BE_26	DefMet_FE_106	73.9409704701691
TF_BE_26	DE_BE_67	82.25258476549234
TF_BE_26	Planar_BE_75	40.18878296116712
TF_BE_26	Dielectric_BE_28	61.99030468202936
TF_BE_26	Litho_FE_111	63.97070581970071
TF_BE_26	WE_FE_47	50.247949704403936
TF_BE_26	Litho_BE_99	52.620636102985635
TF_BE_26	WE_FE_85	62.368504548639905
TF_BE_26	DE_FE_62	64.01410857720981
TF_BE_26	Litho_BE_110	69.15902394872482
TF_BE_26	Dielectric_FE_112	69.77546478790752
TF_BE_26	Planar_FE_78	33.11312957498216
TF_BE_26	Planar_FE_77	38.47917614630137
TF_BE_26	TF_FE_113	37.89842214440394
TF_BE_26	DE_FE_58	74.58614568663664
TF_BE_26	Dielectric_FE_31	60.68241419825287
TF_BE_26	DE_BE_50	87.13723995106717
TF_BE_26	Litho_REG_FE_64	50.225234081733454
TF_BE_26	DefMet_FE_10	72.96282308112937
TF_BE_26	Litho_REG_BE_63	58.65553435328237
TF_BE_26	WE_BE_16	53.81481319920998
TF_BE_26	Litho_BE_93	66.47772924882256
TF_BE_26	LithoTrack_FE_96	44.26188938562059
TF_BE_26	DE_FE_53	77.96906563222818
TF_BE_26	DefMet_BE_33	60.274435168794454
TF_BE_26	DE_FE_54	71.22666259263939
TF_BE_26	DE_BE_11	67.4343557552566
TF_BE_26	DE_FE_51	69.52551328136862
TF_BE_26	DE_FE_71	57.931783273212886
TF_BE_26	WE_BE_14	43.418957915279265
TF_BE_26	Planar_FE_76	45.65077827362062
TF_BE_26	COMMIT	106.9482729853001
TF_BE_26	EPI_36	68.01423743917483
TF_BE_26	EPI_38	66.72079324127304
TF_BE_26	Diffusion_FE_122	68.5609017582939
TF_BE_26	Implant_119	69.30768163707664
TF_BE_26	DE_BE_69	80.24645009230491
TF_BE_26	TF_FE_5	46.102737592862205
TF_BE_26	WE_FE_83	63.925675850985016
TF_BE_26	LithoMet_FE_19	48.22455633243786
TF_BE_26	Dielectric_BE_60	59.97896095749584
TF_BE_26	Implant_91	69.08631619788223
TF_BE_26	Implant_90	66.9056621224972
COMMIT	Diffusion_FE_101	106.16485743633059
COMMIT	TF_FE_104	103.83851090446633
COMMIT	Implant_88	103.3287094764017
COMMIT	DefMet_BE_42	103.66785815939363
COMMIT	DE_FE_86	106.38110521367149
COMMIT	TF_FE_103	105.74994534769132
COMMIT	TF_BE_40	104.43069318690047
COMMIT	LithoMet_BE_18	105.43202885988512
COMMIT	Dielectric_BE_27	106.85374641946929
COMMIT	Dielectric_FE_130	108.23507924196193
COMMIT	STOCKER	102.80668212486557
COMMIT	DE_BE_12	106.55758400526273
COMMIT	Dielectric_FE_30	104.91785821966586
COMMIT	Diffusion_FE_127	104.33307552907522
COMMIT	DE_FE_56	108.44063469482928
COMMIT	TF_Met_FE_61	105.81119514389515
COMMIT	DefMet_FE_118	109.46841257796189
COMMIT	TF_BE_23	104.63113049255325
COMMIT	Diffusion_FE_126	109.46841250893416
COMMIT	DE_FE_1	105.18698504051439
COMMIT	Litho_FE_92	105.15939001451174
COMMIT	DefMet_FE_34	109.46841257796189
COMMIT	DE_BE_13	105.95638281717763
COMMIT	Diffusion_FE_120	106.77646867817968
COMMIT	Planar_FE_80	103.42480680056136
COMMIT	WE_FE_108	104.88635703870888
COMMIT	Implant_128	104.99182822875159
COMMIT	Implant_132	105.45111979930428
COMMIT	WE_FE_41	105.32212146959802
COMMIT	WE_BE_17	107.86675066714548
COMMIT	WE_BE_7	102.48286301909009
COMMIT	WE_BE_82	105.01141802517175
COMMIT	TF_BE_24	105.55425070075037
COMMIT	DE_FE_70	106.18952439520565
COMMIT	Diffusion_FE_100	105.12619150742522
COMMIT	COMPLETE	87.68099222016579
COMMIT	LithoTrack_BE_117	103.64952965538791
COMMIT	WE_BE_81	103.80526998182722
COMMIT	LithoTrack_FE_115	105.00600238844048
COMMIT	DefMet_FE_43	104.77896928406032
COMMIT	Diffusion_FE_44	103.71850357195252
COMMIT	LithoTrack_FE_95	104.88171580212142
COMMIT	Litho_FE_35	102.06619631993257
COMMIT	DE_BE_48	106.90273839547555
COMMIT	Diffusion_BE_123	107.92940048895375
COMMIT	Implant_74	103.53704280836891
COMMIT	Planar_FE_79	106.12986227460333
COMMIT	DE_FE_59	106.53480201488283
COMMIT	Diffusion_FE_94	105.50014149546412
COMMIT	WE_FE_84	104.98499201365287
COMMIT	TF_FE_131	103.94500537655308
COMMIT	Dielectric_BE_20	105.44313540051537
COMMIT	DE_BE_66	105.99507991964595
COMMIT	TF_BE_2	105.55425066664549
COMMIT	WE_BE_9	104.85663978500561
COMMIT	TF_FE_3	106.52077878958261
COMMIT	DE_FE_72	106.10384967750194
COMMIT	Dielectric_BE_21	107.06403804019111
COMMIT	Diffusion_FE_125	107.00174583693415
COMMIT	TF_Met_FE_45	103.42480685987022
COMMIT	WE_FE_8	104.56619635109008
COMMIT	Dielectric_FE_29	106.77646875093419
COMMIT	Litho_FE_98	103.52452964996908
COMMIT	DE_BE_65	106.97460960884172
COMMIT	DefMet_FE_106	106.38507923796188
COMMIT	DE_BE_67	106.35384967575386
COMMIT	Planar_BE_75	104.80944134287934
COMMIT	Dielectric_BE_28	104.39702492440648
COMMIT	Litho_FE_111	104.96417556114656
COMMIT	WE_FE_47	104.63641808788861
COMMIT	Litho_BE_99	102.97193665348527
COMMIT	WE_FE_85	103.52452960454325
COMMIT	DE_FE_62	105.86568846528681
COMMIT	Litho_BE_110	104.31231050026878
COMMIT	Dielectric_FE_112	105.48467609811293
COMMIT	Planar_FE_78	104.78341733314548
COMMIT	Planar_FE_77	103.3161963510901
COMMIT	TF_FE_113	105.17480682634852
COMMIT	DE_FE_58	107.67378328013285
COMMIT	Dielectric_FE_31	105.29819081534724
COMMIT	DE_BE_50	106.28341316617404
COMMIT	Litho_REG_FE_64	105.30545475476966
COMMIT	DefMet_FE_10	105.47933887843915
COMMIT	Litho_REG_BE_63	103.21291841749822
COMMIT	WE_BE_16	103.76223754879527
COMMIT	Litho_BE_93	103.5245296576092
COMMIT	LithoTrack_FE_96	102.48286301909009
COMMIT	DE_FE_53	106.57359855259828
COMMIT	DefMet_BE_33	106.16785815939363
COMMIT	DE_FE_54	105.02646867075187
COMMIT	DE_BE_11	106.18731580003559
COMMIT	DE_FE_51	106.55081314561592
COMMIT	DE_FE_71	106.65657732859532
COMMIT	WE_BE_14	105.71319562432068
COMMIT	Planar_FE_76	103.87175190709011
COMMIT	TF_BE_26	104.95982531463936
COMMIT	EPI_36	103.4248067693633
COMMIT	EPI_38	102.06619627460883
COMMIT	Diffusion_FE_122	104.22889516940317
COMMIT	Implant_119	104.78341726411776
COMMIT	DE_BE_69	105.87915411904578
COMMIT	TF_FE_5	103.87175194351265
COMMIT	WE_FE_83	104.3915658907281
COMMIT	LithoMet_FE_19	104.95076353887968
COMMIT	Dielectric_BE_60	107.70650784635245
COMMIT	Implant_91	106.04299519154922
COMMIT	Implant_90	103.32870947640168
EPI_36	Diffusion_FE_101	70.47238096658779
EPI_36	TF_FE_104	55.800674268513525
EPI_36	Implant_88	36.59698544609379
EPI_36	DefMet_BE_42	67.74679616750268
EPI_36	DE_FE_86	75.8804682043128
EPI_36	TF_FE_103	48.36058572811102
EPI_36	TF_BE_40	58.13535849701256
EPI_36	LithoMet_BE_18	88.78828007831969
EPI_36	Dielectric_BE_27	69.67732718408382
EPI_36	Dielectric_FE_130	70.92781858365103
EPI_36	STOCKER	60.89754768532627
EPI_36	DE_BE_12	112.70437988549764
EPI_36	Dielectric_FE_30	54.623104270984925
EPI_36	Diffusion_FE_127	59.846463915901786
EPI_36	DE_FE_56	98.35724583565117
EPI_36	TF_Met_FE_61	61.734301654779756
EPI_36	DefMet_FE_118	73.33012950750268
EPI_36	TF_BE_23	59.80328569398814
EPI_36	Diffusion_FE_126	56.87771392090178
EPI_36	DE_FE_1	95.77792804448872
EPI_36	Litho_FE_92	86.9589018879412
EPI_36	DefMet_FE_34	73.33012950750268
EPI_36	DE_BE_13	101.55917946940667
EPI_36	Diffusion_FE_120	68.55214609207326
EPI_36	Planar_FE_80	74.36371227161146
EPI_36	WE_FE_108	42.94235969883237
EPI_36	Implant_128	12.501614561048466
EPI_36	Implant_132	26.48093887410898
EPI_36	WE_FE_41	49.133197459629116
EPI_36	WE_BE_17	42.456655369820766
EPI_36	WE_BE_7	44.95665536982077
EPI_36	WE_BE_82	51.85610073667232
EPI_36	TF_BE_24	70.55200287405658
EPI_36	DE_FE_70	92.72060908247713
EPI_36	Diffusion_FE_100	57.39449861269203
EPI_36	COMPLETE	105.66244974457442
EPI_36	LithoTrack_BE_117	78.41358314746816
EPI_36	WE_BE_81	53.15627685548126
EPI_36	LithoTrack_FE_115	78.41743264094704
EPI_36	DefMet_FE_43	65.63745435267299
EPI_36	Diffusion_FE_44	73.62171180372854
EPI_36	LithoTrack_FE_95	71.76929960101207
EPI_36	Litho_FE_35	73.17190467366991
EPI_36	DE_BE_48	107.95164496342682
EPI_36	Diffusion_BE_123	54.06579491491425
EPI_36	Implant_74	30.189272206966127
EPI_36	Planar_FE_79	62.02261337650075
EPI_36	DE_FE_59	87.17442541989367
EPI_36	Diffusion_FE_94	67.57134789922861
EPI_36	WE_FE_84	29.656094401293053
EPI_36	TF_FE_131	45.46451626597076
EPI_36	Dielectric_BE_20	57.68700064708261
EPI_36	DE_BE_66	101.13748839434308
EPI_36	TF_BE_2	73.57688468584682
EPI_36	WE_BE_9	36.465106718187876
EPI_36	TF_FE_3	46.106537249820775
EPI_36	DE_FE_72	77.71215030481154
EPI_36	Dielectric_BE_21	66.00426046089997
EPI_36	Diffusion_FE_125	54.411047248901774
EPI_36	TF_Met_FE_45	59.23930286201947
EPI_36	WE_FE_8	42.36179196775541
EPI_36	Dielectric_FE_29	65.52726425746442
EPI_36	Litho_FE_98	84.83744926320188
EPI_36	DE_BE_65	101.98752478948425
EPI_36	DefMet_FE_106	70.24679616750265
EPI_36	DE_BE_67	106.6620685700391
EPI_36	Planar_BE_75	64.71405647362104
EPI_36	Dielectric_BE_28	57.12708769518785
EPI_36	Litho_FE_111	88.38018962053933
EPI_36	WE_FE_47	45.41179196967541
EPI_36	Litho_BE_99	77.03011990382423
EPI_36	WE_FE_85	17.446378864158
EPI_36	DE_FE_62	88.42359237042612
EPI_36	Litho_BE_110	93.36264775636748
EPI_36	Dielectric_FE_112	58.86254919475761
EPI_36	Planar_FE_78	57.52261337582075
EPI_36	Planar_FE_77	62.88865994713997
EPI_36	TF_FE_113	60.18085134881856
EPI_36	DE_FE_58	98.99562948963836
EPI_36	Dielectric_FE_31	49.76949861269203
EPI_36	DE_BE_50	111.54672374852593
EPI_36	Litho_REG_FE_64	74.634717882572
EPI_36	DefMet_FE_10	69.41346283416932
EPI_36	Litho_REG_BE_63	83.06501815412095
EPI_36	WE_BE_16	43.44994029781017
EPI_36	Litho_BE_93	90.88721304966117
EPI_36	LithoTrack_FE_96	68.67137318645919
EPI_36	DE_FE_53	102.37854943739296
EPI_36	DefMet_BE_33	61.460916753750965
EPI_36	DE_FE_54	95.63614639347801
EPI_36	DE_BE_11	91.84383955609523
EPI_36	DE_FE_51	93.9349970840242
EPI_36	DE_FE_71	82.34121031872128
EPI_36	WE_BE_14	58.48274706505153
EPI_36	Planar_FE_76	70.0602620744592
EPI_36	TF_BE_26	55.98087012856055
EPI_36	COMMIT	105.66244974457442
EPI_36	EPI_38	14.606785176333707
EPI_36	Diffusion_FE_122	57.647986172733034
EPI_36	Implant_119	5.255952380285715
EPI_36	DE_BE_69	104.65593388665424
EPI_36	TF_FE_5	49.370426138754105
EPI_36	WE_FE_83	29.199913558943877
EPI_36	LithoMet_FE_19	72.63404013327641
EPI_36	Dielectric_BE_60	49.06604535892513
EPI_36	Implant_91	44.832079638935745
EPI_36	Implant_90	43.21303201922146
EPI_38	Diffusion_FE_101	71.51404763258782
EPI_38	TF_FE_104	56.842340934513516
EPI_38	Implant_88	37.63865211209379
EPI_38	DefMet_BE_42	68.78846283350268
EPI_38	DE_FE_86	76.92213487031279
EPI_38	TF_FE_103	49.40225239411101
EPI_38	TF_BE_40	59.17702516301256
EPI_38	LithoMet_BE_18	89.82994674431968
EPI_38	Dielectric_BE_27	70.71899385008382
EPI_38	Dielectric_FE_130	71.96948524965103
EPI_38	STOCKER	61.57388051373384
EPI_38	DE_BE_12	113.74604655149764
EPI_38	Dielectric_FE_30	55.66477093698492
EPI_38	Diffusion_FE_127	60.888130581901784
EPI_38	DE_FE_56	99.39891250165117
EPI_38	TF_Met_FE_61	62.77596832077975
EPI_38	DefMet_FE_118	74.37179617350267
EPI_38	TF_BE_23	60.84495235998814
EPI_38	Diffusion_FE_126	57.91938058690178
EPI_38	DE_FE_1	96.81959471048872
EPI_38	Litho_FE_92	88.00056855394119
EPI_38	DefMet_FE_34	74.37179617350267
EPI_38	DE_BE_13	102.60084613540667
EPI_38	Diffusion_FE_120	69.59381275807326
EPI_38	Planar_FE_80	75.40537893761146
EPI_38	WE_FE_108	43.98402636483236
EPI_38	Implant_128	13.543281227048464
EPI_38	Implant_132	27.522605540108987
EPI_38	WE_FE_41	50.174864125629114
EPI_38	WE_BE_17	43.49832203582076
EPI_38	WE_BE_7	45.99832203582077
EPI_38	WE_BE_82	52.89776740267231
EPI_38	TF_BE_24	71.59366954005657
EPI_38	DE_FE_70	93.76227574847711
EPI_38	Diffusion_FE_100	58.43616527869203
EPI_38	COMPLETE	106.70411641057441
EPI_38	LithoTrack_BE_117	79.45524981346814
EPI_38	WE_BE_81	54.19794352148126
EPI_38	LithoTrack_FE_115	79.45909930694704
EPI_38	DefMet_FE_43	66.679121018673
EPI_38	Diffusion_FE_44	74.66337846972854
EPI_38	LithoTrack_FE_95	72.81096626701205
EPI_38	Litho_FE_35	74.21357133966991
EPI_38	DE_BE_48	108.99331162768866
EPI_38	Diffusion_BE_123	55.10746158091425
EPI_38	Implant_74	31.230938872966128
EPI_38	Planar_FE_79	63.06428004250074
EPI_38	DE_FE_59	88.21609208589368
EPI_38	Diffusion_FE_94	68.61301456522861
EPI_38	WE_FE_84	30.697761067293055
EPI_38	TF_FE_131	46.50618293197075
EPI_38	Dielectric_BE_20	58.72866731308261
EPI_38	DE_BE_66	102.17915506034305
EPI_38	TF_BE_2	74.6185513518468
EPI_38	WE_BE_9	37.50677338418788
EPI_38	TF_FE_3	47.14820391582077
EPI_38	DE_FE_72	78.75381697081154
EPI_38	Dielectric_BE_21	67.04592712689997
EPI_38	Diffusion_FE_125	55.45271391490178
EPI_38	TF_Met_FE_45	60.28096952801947
EPI_38	WE_FE_8	43.403458633755406
EPI_38	Dielectric_FE_29	66.56893092346444
EPI_38	Litho_FE_98	85.87911592920187
EPI_38	DE_BE_65	103.02919145548428
EPI_38	DefMet_FE_106	71.28846283350266
EPI_38	DE_BE_67	107.7037352360391
EPI_38	Planar_BE_75	65.755723139621
EPI_38	Dielectric_BE_28	58.16875436118786
EPI_38	Litho_FE_111	89.42185628653932
EPI_38	WE_FE_47	46.45345863567541
EPI_38	Litho_BE_99	78.07178656982423
EPI_38	WE_FE_85	18.488045530157997
EPI_38	DE_FE_62	89.46525903642612
EPI_38	Litho_BE_110	94.40431442236748
EPI_38	Dielectric_FE_112	59.90421586075761
EPI_38	Planar_FE_78	58.56428004182074
EPI_38	Planar_FE_77	63.930326613139954
EPI_38	TF_FE_113	61.22251801481854
EPI_38	DE_FE_58	100.03729615563834
EPI_38	Dielectric_FE_31	50.81116527869203
EPI_38	DE_BE_50	112.58839041249803
EPI_38	Litho_REG_FE_64	75.67638454857202
EPI_38	DefMet_FE_10	70.45512950016933
EPI_38	Litho_REG_BE_63	84.10668482012093
EPI_38	WE_BE_16	44.49160696381017
EPI_38	Litho_BE_93	91.92887971566117
EPI_38	LithoTrack_FE_96	69.71303985245918
EPI_38	DE_FE_53	103.42021610339295
EPI_38	DefMet_BE_33	62.50258341975096
EPI_38	DE_FE_54	96.67781305947801
EPI_38	DE_BE_11	92.88550622209523
EPI_38	DE_FE_51	94.9766637500242
EPI_38	DE_FE_71	83.38287698472126
EPI_38	WE_BE_14	59.524413731051524
EPI_38	Planar_FE_76	71.10192874045919
EPI_38	TF_BE_26	57.02253679456053
EPI_38	COMMIT	106.70411641057441
EPI_38	EPI_36	3.6663586924614227
EPI_38	Diffusion_FE_122	58.689652838733046
EPI_38	Implant_119	6.297619046285714
EPI_38	DE_BE_69	105.69760055265424
EPI_38	TF_FE_5	50.4120928047541
EPI_38	WE_FE_83	30.241580224943878
EPI_38	LithoMet_FE_19	73.67570679927643
EPI_38	Dielectric_BE_60	50.107712024925135
EPI_38	Implant_91	45.87374630493574
EPI_38	Implant_90	44.254698685221456
Diffusion_FE_122	Diffusion_FE_101	29.65723064083758
Diffusion_FE_122	TF_FE_104	61.897787129686385
Diffusion_FE_122	Implant_88	33.6032574223236
Diffusion_FE_122	DefMet_BE_42	35.082124247000785
Diffusion_FE_122	DE_FE_86	57.438740715569
Diffusion_FE_122	TF_FE_103	54.457698590639076
Diffusion_FE_122	TF_BE_40	64.23247135799181
Diffusion_FE_122	LithoMet_BE_18	94.88539293271656
Diffusion_FE_122	Dielectric_BE_27	38.270327730671546
Diffusion_FE_122	Dielectric_FE_130	32.79787178314684
Diffusion_FE_122	STOCKER	62.345857983010895
Diffusion_FE_122	DE_BE_12	84.73245457063058
Diffusion_FE_122	Dielectric_FE_30	33.13035017127701
Diffusion_FE_122	Diffusion_FE_127	17.005017790175952
Diffusion_FE_122	DE_FE_56	66.86161682322388
Diffusion_FE_122	TF_Met_FE_61	67.8314145091766
Diffusion_FE_122	DefMet_FE_118	40.66545758700078
Diffusion_FE_122	TF_BE_23	65.90039855555959
Diffusion_FE_122	Diffusion_FE_126	14.036267795175952
Diffusion_FE_122	DE_FE_1	81.37967378214688
Diffusion_FE_122	Litho_FE_92	93.05601474669406
Diffusion_FE_122	DefMet_FE_34	40.66545758700078
Diffusion_FE_122	DE_BE_13	94.06023945053285
Diffusion_FE_122	Diffusion_FE_120	30.203708091631768
Diffusion_FE_122	Planar_FE_80	80.4608251341395
Diffusion_FE_122	WE_FE_108	49.03947256136043
Diffusion_FE_122	Implant_128	40.27909360592021
Diffusion_FE_122	Implant_132	49.488296673285696
Diffusion_FE_122	WE_FE_41	56.49408628723807
Diffusion_FE_122	WE_BE_17	48.55376822421763
Diffusion_FE_122	WE_BE_7	51.053768224217634
Diffusion_FE_122	WE_BE_82	57.95321359920037
Diffusion_FE_122	TF_BE_24	76.64911573658465
Diffusion_FE_122	DE_FE_70	67.72267031949482
Diffusion_FE_122	Diffusion_FE_100	29.104495215407173
Diffusion_FE_122	COMPLETE	104.25225245447503
Diffusion_FE_122	LithoTrack_BE_117	84.51069600836996
Diffusion_FE_122	WE_BE_81	59.253389718009316
Diffusion_FE_122	LithoTrack_FE_115	84.51454550135392
Diffusion_FE_122	DefMet_FE_43	52.37360404847464
Diffusion_FE_122	Diffusion_FE_44	30.780265678002706
Diffusion_FE_122	LithoTrack_FE_95	77.86641246284809
Diffusion_FE_122	Litho_FE_35	79.2690175280668
Diffusion_FE_122	DE_BE_48	89.94168697685102
Diffusion_FE_122	Diffusion_BE_123	31.73875448629606
Diffusion_FE_122	Implant_74	40.42763732945127
Diffusion_FE_122	Planar_FE_79	68.1197262341501
Diffusion_FE_122	DE_FE_59	78.14774363192389
Diffusion_FE_122	Diffusion_FE_94	29.79821613032986
Diffusion_FE_122	WE_FE_84	47.491431072815196
Diffusion_FE_122	TF_FE_131	51.56162912617562
Diffusion_FE_122	Dielectric_BE_20	53.03777018572721
Diffusion_FE_122	DE_BE_66	83.25888400888921
Diffusion_FE_122	TF_BE_2	79.67399754837486
Diffusion_FE_122	WE_BE_9	42.56221958071594
Diffusion_FE_122	TF_FE_3	52.20365011234882
Diffusion_FE_122	DE_FE_72	71.8477757168582
Diffusion_FE_122	Dielectric_BE_21	52.41873877927662
Diffusion_FE_122	Diffusion_FE_125	11.569601123175952
Diffusion_FE_122	TF_Met_FE_45	65.33641572048192
Diffusion_FE_122	WE_FE_8	49.62788236476408
Diffusion_FE_122	Dielectric_FE_29	35.281205119146826
Diffusion_FE_122	Litho_FE_98	90.93456212572993
Diffusion_FE_122	DE_BE_65	87.64275030125049
Diffusion_FE_122	DefMet_FE_106	37.58212424700077
Diffusion_FE_122	DE_BE_67	77.04627299172395
Diffusion_FE_122	Planar_BE_75	70.81116933614906
Diffusion_FE_122	Dielectric_BE_28	44.967010330857306
Diffusion_FE_122	Litho_FE_111	94.4773024771538
Diffusion_FE_122	WE_FE_47	52.85165917849231
Diffusion_FE_122	Litho_BE_99	83.12723275822114
Diffusion_FE_122	WE_FE_85	45.561333734011356
Diffusion_FE_122	DE_FE_62	71.65264207140113
Diffusion_FE_122	Litho_BE_110	99.66562061079053
Diffusion_FE_122	Dielectric_FE_112	39.37503324790274
Diffusion_FE_122	Planar_FE_78	63.619726230217644
Diffusion_FE_122	Planar_FE_77	68.98577280560244
Diffusion_FE_122	TF_FE_113	66.27796420321542
Diffusion_FE_122	DE_FE_58	68.72272793655722
Diffusion_FE_122	Dielectric_FE_31	29.146161889407175
Diffusion_FE_122	DE_BE_50	84.59633215028003
Diffusion_FE_122	Litho_REG_FE_64	80.73183074510008
Diffusion_FE_122	DefMet_FE_10	36.74879091366744
Diffusion_FE_122	Litho_REG_BE_63	89.16213101339653
Diffusion_FE_122	WE_BE_16	49.54705315627263
Diffusion_FE_122	Litho_BE_93	96.9843259040581
Diffusion_FE_122	LithoTrack_FE_96	74.76848604898726
Diffusion_FE_122	DE_FE_53	80.43496900238716
Diffusion_FE_122	DefMet_BE_33	50.814217381256164
Diffusion_FE_122	DE_FE_54	63.55606126322389
Diffusion_FE_122	DE_BE_11	95.85344715403299
Diffusion_FE_122	DE_FE_51	79.22420766927006
Diffusion_FE_122	DE_FE_71	65.56845760372391
Diffusion_FE_122	WE_BE_14	64.5798599194484
Diffusion_FE_122	Planar_FE_76	76.15737493156648
Diffusion_FE_122	TF_BE_26	62.077982991088575
Diffusion_FE_122	COMMIT	104.25225245447503
Diffusion_FE_122	EPI_36	32.12090725013906
Diffusion_FE_122	EPI_38	30.870907250139066
Diffusion_FE_122	Implant_119	33.37090725013906
Diffusion_FE_122	DE_BE_69	75.60582509594946
Diffusion_FE_122	TF_FE_5	55.467539001282155
Diffusion_FE_122	WE_FE_83	36.07634477779235
Diffusion_FE_122	LithoMet_FE_19	78.73115298767331
Diffusion_FE_122	Dielectric_BE_60	52.57320679378979
Diffusion_FE_122	Implant_91	30.796734659195938
Diffusion_FE_122	Implant_90	26.987210849195932
Implant_119	Diffusion_FE_101	69.43071430058781
Implant_119	TF_FE_104	54.75900760251354
Implant_119	Implant_88	35.55531878009379
Implant_119	DefMet_BE_42	66.70512950150267
Implant_119	DE_FE_86	74.83880153831281
Implant_119	TF_FE_103	47.31891906211103
Implant_119	TF_BE_40	57.09369183101258
Implant_119	LithoMet_BE_18	87.7466134123197
Implant_119	Dielectric_BE_27	68.63566051808382
Implant_119	Dielectric_FE_130	69.88615191765105
Implant_119	STOCKER	60.221214856918685
Implant_119	DE_BE_12	111.66271321949766
Implant_119	Dielectric_FE_30	53.58143760498493
Implant_119	Diffusion_FE_127	58.80479724990179
Implant_119	DE_FE_56	97.31557916965117
Implant_119	TF_Met_FE_61	60.69263498877975
Implant_119	DefMet_FE_118	72.28846284150266
Implant_119	TF_BE_23	58.761619027988154
Implant_119	Diffusion_FE_126	55.836047254901786
Implant_119	DE_FE_1	94.73626137848873
Implant_119	Litho_FE_92	85.91723522194118
Implant_119	DefMet_FE_34	72.28846284150266
Implant_119	DE_BE_13	100.51751280340667
Implant_119	Diffusion_FE_120	67.51047942607326
Implant_119	Planar_FE_80	73.32204560561146
Implant_119	WE_FE_108	41.900693032832365
Implant_119	Implant_128	11.459947895048467
Implant_119	Implant_132	25.43927220810898
Implant_119	WE_FE_41	48.09153079362912
Implant_119	WE_BE_17	41.41498870382077
Implant_119	WE_BE_7	43.914988703820775
Implant_119	WE_BE_82	50.81443407067231
Implant_119	TF_BE_24	69.5103362080566
Implant_119	DE_FE_70	91.67894241647714
Implant_119	Diffusion_FE_100	56.352831946692035
Implant_119	COMPLETE	104.6207830785744
Implant_119	LithoTrack_BE_117	77.37191648146816
Implant_119	WE_BE_81	52.114610189481255
Implant_119	LithoTrack_FE_115	77.37576597494706
Implant_119	DefMet_FE_43	64.595787686673
Implant_119	Diffusion_FE_44	72.58004513772856
Implant_119	LithoTrack_FE_95	70.72763293501208
Implant_119	Litho_FE_35	72.13023800766992
Implant_119	DE_BE_48	106.90997829916503
Implant_119	Diffusion_BE_123	53.02412824891425
Implant_119	Implant_74	29.147605540966126
Implant_119	Planar_FE_79	60.98094671050076
Implant_119	DE_FE_59	86.13275875389368
Implant_119	Diffusion_FE_94	66.52968123322862
Implant_119	WE_FE_84	28.61442773529306
Implant_119	TF_FE_131	44.42284959997077
Implant_119	Dielectric_BE_20	56.645333981082615
Implant_119	DE_BE_66	100.0958217283431
Implant_119	TF_BE_2	72.53521801984684
Implant_119	WE_BE_9	35.42344005218787
Implant_119	TF_FE_3	45.06487058382078
Implant_119	DE_FE_72	76.67048363881156
Implant_119	Dielectric_BE_21	64.96259379489997
Implant_119	Diffusion_FE_125	53.36938058290178
Implant_119	TF_Met_FE_45	58.197636196019474
Implant_119	WE_FE_8	41.32012530175541
Implant_119	Dielectric_FE_29	64.48559759146443
Implant_119	Litho_FE_98	83.79578259720188
Implant_119	DE_BE_65	100.94585812348426
Implant_119	DefMet_FE_106	69.20512950150265
Implant_119	DE_BE_67	105.62040190403911
Implant_119	Planar_BE_75	63.67238980762106
Implant_119	Dielectric_BE_28	56.085421029187856
Implant_119	Litho_FE_111	87.33852295453934
Implant_119	WE_FE_47	44.370125303675415
Implant_119	Litho_BE_99	75.98845323782423
Implant_119	WE_FE_85	16.404712198158002
Implant_119	DE_FE_62	87.38192570442612
Implant_119	Litho_BE_110	92.32098109036748
Implant_119	Dielectric_FE_112	57.82088252875761
Implant_119	Planar_FE_78	56.48094670982076
Implant_119	Planar_FE_77	61.84699328113999
Implant_119	TF_FE_113	59.139184682818566
Implant_119	DE_FE_58	97.95396282363835
Implant_119	Dielectric_FE_31	48.72783194669204
Implant_119	DE_BE_50	110.50505708455383
Implant_119	Litho_REG_FE_64	73.59305121657202
Implant_119	DefMet_FE_10	68.37179616816933
Implant_119	Litho_REG_BE_63	82.02335148812095
Implant_119	WE_BE_16	42.408273631810175
Implant_119	Litho_BE_93	89.84554638366117
Implant_119	LithoTrack_FE_96	67.62970652045921
Implant_119	DE_FE_53	101.33688277139295
Implant_119	DefMet_BE_33	60.41925008775097
Implant_119	DE_FE_54	94.59447972747802
Implant_119	DE_BE_11	90.80217289009524
Implant_119	DE_FE_51	92.89333041802422
Implant_119	DE_FE_71	81.29954365272128
Implant_119	WE_BE_14	57.44108039905153
Implant_119	Planar_FE_76	69.01859540845923
Implant_119	TF_BE_26	54.93920346256054
Implant_119	COMMIT	104.6207830785744
Implant_119	EPI_36	16.196378864158
Implant_119	EPI_38	28.178472014030284
Implant_119	Diffusion_FE_122	56.60631950673304
Implant_119	DE_BE_69	103.61426722065426
Implant_119	TF_FE_5	48.328759472754115
Implant_119	WE_FE_83	28.15824689294388
Implant_119	LithoMet_FE_19	71.59237346727643
Implant_119	Dielectric_BE_60	48.02437869292513
Implant_119	Implant_91	43.79041297293575
Implant_119	Implant_90	42.17136535322146
DE_BE_69	Diffusion_FE_101	78.16237452894417
DE_BE_69	TF_FE_104	68.40083592985208
DE_BE_69	Implant_88	74.41074460077323
DE_BE_69	DefMet_BE_42	67.78360629308065
DE_BE_69	DE_FE_86	50.874260819677865
DE_BE_69	TF_FE_103	60.69351082442423
DE_BE_69	TF_BE_40	72.38566902881632
DE_BE_69	LithoMet_BE_18	52.723225426987156
DE_BE_69	Dielectric_BE_27	70.96717932956125
DE_BE_69	Dielectric_FE_130	78.61781214600742
DE_BE_69	STOCKER	45.965282165608066
DE_BE_69	DE_BE_12	51.66289400068891
DE_BE_69	Dielectric_FE_30	62.31309784147248
DE_BE_69	Diffusion_FE_127	67.53645747825813
DE_BE_69	DE_FE_56	45.54966678772878
DE_BE_69	TF_Met_FE_61	81.28596796559813
DE_BE_69	DefMet_FE_118	73.80138179021714
DE_BE_69	TF_BE_23	59.556899255709205
DE_BE_69	Diffusion_FE_126	64.56770748325816
DE_BE_69	DE_FE_1	11.208194196076098
DE_BE_69	Litho_FE_92	50.89384723624081
DE_BE_69	DefMet_FE_34	73.80138179021714
DE_BE_69	DE_BE_13	55.17076950899486
DE_BE_69	Diffusion_FE_120	76.24213965442961
DE_BE_69	Planar_FE_80	63.2993246312646
DE_BE_69	WE_FE_108	79.81850685112363
DE_BE_69	Implant_128	83.02643610742247
DE_BE_69	Implant_132	91.81995589475308
DE_BE_69	WE_FE_41	87.19629888267875
DE_BE_69	WE_BE_17	66.88917332339213
DE_BE_69	WE_BE_7	69.38917332339216
DE_BE_69	WE_BE_82	83.54837427908011
DE_BE_69	TF_BE_24	70.78553080650408
DE_BE_69	DE_FE_70	39.776957482663704
DE_BE_69	Diffusion_FE_100	65.0844921750484
DE_BE_69	COMPLETE	107.9502572956705
DE_BE_69	LithoTrack_BE_117	42.669212412144894
DE_BE_69	WE_BE_81	78.12324619977382
DE_BE_69	LithoTrack_FE_115	52.88391732871257
DE_BE_69	DefMet_FE_43	61.22805075774733
DE_BE_69	Diffusion_FE_44	81.31170536608488
DE_BE_69	LithoTrack_FE_95	53.52832485837285
DE_BE_69	Litho_FE_35	37.106850021524245
DE_BE_69	DE_BE_48	56.06480407910187
DE_BE_69	Diffusion_BE_123	61.755788477270634
DE_BE_69	Implant_74	81.2351245079009
DE_BE_69	Planar_FE_79	50.1565486403383
DE_BE_69	DE_FE_59	29.52700926564911
DE_BE_69	Diffusion_FE_94	79.78750498553897
DE_BE_69	WE_FE_84	93.19799207712164
DE_BE_69	TF_FE_131	69.8970342265117
DE_BE_69	Dielectric_BE_20	53.2775970105619
DE_BE_69	DE_BE_66	40.95830120056533
DE_BE_69	TF_BE_2	68.92949597011093
DE_BE_69	WE_BE_9	72.99721733063537
DE_BE_69	TF_FE_3	74.23881403857649
DE_BE_69	DE_FE_72	37.00416414377886
DE_BE_69	Dielectric_BE_21	56.04514515575815
DE_BE_69	Diffusion_FE_125	62.10104081125813
DE_BE_69	TF_Met_FE_45	79.00819018309171
DE_BE_69	WE_FE_8	92.56921038721538
DE_BE_69	Dielectric_FE_29	73.21725782795198
DE_BE_69	Litho_FE_98	48.772394611056235
DE_BE_69	DE_BE_65	48.99713060989262
DE_BE_69	DefMet_FE_106	70.71804845021711
DE_BE_69	DE_BE_67	29.906134420487327
DE_BE_69	Planar_BE_75	65.04783825121771
DE_BE_69	Dielectric_BE_28	58.76738266207738
DE_BE_69	Litho_FE_111	52.31513496868934
DE_BE_69	WE_FE_47	90.79045509193087
DE_BE_69	Litho_BE_99	40.96506525167857
DE_BE_69	WE_FE_85	88.5026617672781
DE_BE_69	DE_FE_62	37.201588444688795
DE_BE_69	Litho_BE_110	57.50345309856696
DE_BE_69	Dielectric_FE_112	66.55254277041954
DE_BE_69	Planar_FE_78	45.656548649392164
DE_BE_69	Planar_FE_77	51.02259521259983
DE_BE_69	TF_FE_113	78.56357287376085
DE_BE_69	DE_FE_58	42.15485284500258
DE_BE_69	Dielectric_FE_31	57.459492175048396
DE_BE_69	DE_BE_50	50.388533528555755
DE_BE_69	Litho_REG_FE_64	38.56966323183578
DE_BE_69	DefMet_FE_10	69.73990106450498
DE_BE_69	Litho_REG_BE_63	46.99996350257159
DE_BE_69	WE_BE_16	67.88245825138158
DE_BE_69	Litho_BE_93	54.822158398599676
DE_BE_69	LithoTrack_FE_96	56.80530846003063
DE_BE_69	DE_FE_53	27.605353982952995
DE_BE_69	DefMet_BE_33	57.05151315882528
DE_BE_69	DE_FE_54	42.02689030363948
DE_BE_69	DE_BE_11	55.778784904627145
DE_BE_69	DE_FE_51	29.468756016182287
DE_BE_69	DE_FE_71	43.191458335640434
DE_BE_69	WE_BE_14	79.98675403513421
DE_BE_69	Planar_FE_76	58.19419734803062
DE_BE_69	TF_BE_26	66.70054226969168
DE_BE_69	COMMIT	107.9502572956705
DE_BE_69	EPI_36	75.06223528881354
DE_BE_69	EPI_38	73.81223528881354
DE_BE_69	Diffusion_FE_122	65.33797973508939
DE_BE_69	Implant_119	76.31223528881351
DE_BE_69	TF_FE_5	88.60197943306287
DE_BE_69	WE_FE_83	79.01767280565137
DE_BE_69	LithoMet_FE_19	36.568985482757036
DE_BE_69	Dielectric_BE_60	56.75603893754388
DE_BE_69	Implant_91	71.60422183764555
DE_BE_69	Implant_90	67.79469802764557
TF_FE_5	Diffusion_FE_101	82.14221866983374
TF_FE_5	TF_FE_104	32.92108962992744
TF_FE_5	Implant_88	44.59870595364318
TF_FE_5	DefMet_BE_42	71.7634503677938
TF_FE_5	DE_FE_86	67.19530517628718
TF_FE_5	TF_FE_103	37.61414068328756
TF_FE_5	TF_BE_40	47.765279225702976
TF_FE_5	LithoMet_BE_18	79.35562667113349
TF_FE_5	Dielectric_BE_27	74.94702345418841
TF_FE_5	Dielectric_FE_130	82.59765628689696
TF_FE_5	STOCKER	56.68953489615448
TF_FE_5	DE_BE_12	103.27172647831142
TF_FE_5	Dielectric_FE_30	66.29294197423083
TF_FE_5	Diffusion_FE_127	71.51630161914768
TF_FE_5	DE_FE_56	88.92459242485981
TF_FE_5	TF_Met_FE_61	17.079701841720926
TF_FE_5	DefMet_FE_118	77.78122591484428
TF_FE_5	TF_BE_23	50.37063228680195
TF_FE_5	Diffusion_FE_126	68.54755162414772
TF_FE_5	DE_FE_1	86.34527463962016
TF_FE_5	Litho_FE_92	77.52624848075496
TF_FE_5	DefMet_FE_34	77.78122591484428
TF_FE_5	DE_BE_13	92.12652606323444
TF_FE_5	Diffusion_FE_120	80.22198379531916
TF_FE_5	Planar_FE_80	64.93105886442525
TF_FE_5	WE_FE_108	34.41162678492736
TF_FE_5	Implant_128	43.18896258340955
TF_FE_5	Implant_132	34.48265938165838
TF_FE_5	WE_FE_41	27.828541923188588
TF_FE_5	WE_BE_17	40.323645182433204
TF_FE_5	WE_BE_7	27.200683874359356
TF_FE_5	WE_BE_82	25.748007718308163
TF_FE_5	TF_BE_24	61.1193494668704
TF_FE_5	DE_FE_70	83.2879556810849
TF_FE_5	Diffusion_FE_100	69.06433631593794
TF_FE_5	COMPLETE	104.36249446364128
TF_FE_5	LithoTrack_BE_117	68.98092974028195
TF_FE_5	WE_BE_81	21.905649115974867
TF_FE_5	LithoTrack_FE_115	68.98477923376086
TF_FE_5	DefMet_FE_43	65.20789483246047
TF_FE_5	Diffusion_FE_44	85.29154950697445
TF_FE_5	LithoTrack_FE_95	62.336646193825864
TF_FE_5	Litho_FE_35	63.739251266483706
TF_FE_5	DE_BE_48	98.51899155488871
TF_FE_5	Diffusion_BE_123	65.73563261816015
TF_FE_5	Implant_74	38.19099271451552
TF_FE_5	Planar_FE_79	52.589959969314556
TF_FE_5	DE_FE_59	77.74177201919674
TF_FE_5	Diffusion_FE_94	79.6733209009675
TF_FE_5	WE_FE_84	36.15693822120387
TF_FE_5	TF_FE_131	31.144323872289128
TF_FE_5	Dielectric_BE_20	57.25744112687006
TF_FE_5	DE_BE_66	91.70483499256464
TF_FE_5	TF_BE_2	64.14423127866063
TF_FE_5	WE_BE_9	40.82944525564719
TF_FE_5	TF_FE_3	32.756604335263795
TF_FE_5	DE_FE_72	68.27949689762534
TF_FE_5	Dielectric_BE_21	60.02498928038531
TF_FE_5	Diffusion_FE_125	66.08088495214768
TF_FE_5	TF_Met_FE_45	14.996753661006649
TF_FE_5	WE_FE_8	33.18289560051551
TF_FE_5	Dielectric_FE_29	77.19710196071036
TF_FE_5	Litho_FE_98	75.4047958560157
TF_FE_5	DE_BE_65	92.55487138229809
TF_FE_5	DefMet_FE_106	74.69789257484427
TF_FE_5	DE_BE_67	97.22941515551385
TF_FE_5	Planar_BE_75	55.28140306643483
TF_FE_5	Dielectric_BE_28	62.74722678670452
TF_FE_5	Litho_FE_111	78.9475362133531
TF_FE_5	WE_FE_47	30.09956226851552
TF_FE_5	Litho_BE_99	67.59746649663802
TF_FE_5	WE_FE_85	35.166110746305755
TF_FE_5	DE_FE_62	78.99093897173773
TF_FE_5	Litho_BE_110	84.13585434237721
TF_FE_5	Dielectric_FE_112	70.53238689800351
TF_FE_5	Planar_FE_78	48.08995996863455
TF_FE_5	Planar_FE_77	53.45600653995377
TF_FE_5	TF_FE_113	20.70165419010718
TF_FE_5	DE_FE_58	89.562976078847
TF_FE_5	Dielectric_FE_31	61.43933631593796
TF_FE_5	DE_BE_50	102.11407033976252
TF_FE_5	Litho_REG_FE_64	65.20206447538584
TF_FE_5	DefMet_FE_10	73.71974517249413
TF_FE_5	Litho_REG_BE_63	73.63236474693473
TF_FE_5	WE_BE_16	31.211842768397634
TF_FE_5	Litho_BE_93	81.45455964247496
TF_FE_5	LithoTrack_FE_96	59.238719779273005
TF_FE_5	DE_FE_53	92.94589603020677
TF_FE_5	DefMet_BE_33	61.03135723353842
TF_FE_5	DE_FE_54	86.20349298088409
TF_FE_5	DE_BE_11	82.41118614890901
TF_FE_5	DE_FE_51	84.50234367554019
TF_FE_5	DE_FE_71	72.90858527709975
TF_FE_5	WE_BE_14	20.135257397720924
TF_FE_5	Planar_FE_76	60.627608667273
TF_FE_5	TF_BE_26	46.54821672137435
TF_FE_5	COMMIT	104.36249446364128
TF_FE_5	EPI_36	48.40709155168698
TF_FE_5	EPI_38	46.939870562178044
TF_FE_5	Diffusion_FE_122	69.31782387597895
TF_FE_5	Implant_119	49.874312541195934
TF_FE_5	DE_BE_69	95.22328047586288
TF_FE_5	WE_FE_83	46.38517227489448
TF_FE_5	LithoMet_FE_19	63.20138672609026
TF_FE_5	Dielectric_BE_60	60.735883062171034
TF_FE_5	Implant_91	52.833800146485146
TF_FE_5	Implant_90	51.21475252677086
WE_FE_83	Diffusion_FE_101	68.8234876616445
WE_FE_83	TF_FE_104	54.63986609665526
WE_FE_83	Implant_88	44.05734410125573
WE_FE_83	DefMet_BE_42	66.58598800916367
WE_FE_83	DE_FE_86	74.71966003891475
WE_FE_83	TF_FE_103	47.19977755625275
WE_FE_83	TF_BE_40	56.9745503251543
WE_FE_83	LithoMet_BE_18	87.6274719064614
WE_FE_83	Dielectric_BE_27	68.51651902574481
WE_FE_83	Dielectric_FE_130	69.76701042531205
WE_FE_83	STOCKER	60.57559693913901
WE_FE_83	DE_BE_12	111.54357171003423
WE_FE_83	Dielectric_FE_30	53.46229611264593
WE_FE_83	Diffusion_FE_127	57.872180523160374
WE_FE_83	DE_FE_56	97.19643766379289
WE_FE_83	TF_Met_FE_61	60.57349348292147
WE_FE_83	DefMet_FE_118	72.16932134916368
WE_FE_83	TF_BE_23	58.642477522129866
WE_FE_83	Diffusion_FE_126	54.90343052816038
WE_FE_83	DE_FE_1	94.61711987958324
WE_FE_83	Litho_FE_92	85.79809371608292
WE_FE_83	DefMet_FE_34	72.16932134916368
WE_FE_83	DE_BE_13	100.39837129619646
WE_FE_83	Diffusion_FE_120	66.98460030975706
WE_FE_83	Planar_FE_80	73.20290409975318
WE_FE_83	WE_FE_108	40.73639405106394
WE_FE_83	Implant_128	37.502797757625835
WE_FE_83	Implant_132	29.910909619658373
WE_FE_83	WE_FE_41	28.201469222617284
WE_FE_83	WE_BE_17	41.2958471979625
WE_FE_83	WE_BE_7	43.7958471979625
WE_FE_83	WE_BE_82	50.69529256481405
WE_FE_83	TF_BE_24	69.39119470219832
WE_FE_83	DE_FE_70	91.55980091177764
WE_FE_83	Diffusion_FE_100	56.233690454353045
WE_FE_83	COMPLETE	106.21254220030524
WE_FE_83	LithoTrack_BE_117	77.25277497560988
WE_FE_83	WE_BE_81	51.99546868362299
WE_FE_83	LithoTrack_FE_115	77.25662446908878
WE_FE_83	DefMet_FE_43	64.47664619433402
WE_FE_83	Diffusion_FE_44	71.64742841098712
WE_FE_83	LithoTrack_FE_95	70.60849142915379
WE_FE_83	Litho_FE_35	72.01109650181162
WE_FE_83	DE_BE_48	106.79083679330672
WE_FE_83	Diffusion_BE_123	52.90498675657527
WE_FE_83	Implant_74	33.61924295251551
WE_FE_83	Planar_FE_79	60.861805204642465
WE_FE_83	DE_FE_59	86.01361725371352
WE_FE_83	Diffusion_FE_94	66.593727933713
WE_FE_83	WE_FE_84	17.428759261427874
WE_FE_83	TF_FE_131	44.30370809411248
WE_FE_83	Dielectric_BE_20	56.52619248874363
WE_FE_83	DE_BE_66	99.97668022364363
WE_FE_83	TF_BE_2	72.41607651398856
WE_FE_83	WE_BE_9	35.30429854632961
WE_FE_83	TF_FE_3	44.945729077962504
WE_FE_83	DE_FE_72	76.55134213160134
WE_FE_83	Dielectric_BE_21	64.84345230256099
WE_FE_83	Diffusion_FE_125	52.43676385616037
WE_FE_83	TF_Met_FE_45	58.0784946901612
WE_FE_83	WE_FE_8	20.279712190057452
WE_FE_83	Dielectric_FE_29	64.36645609912544
WE_FE_83	Litho_FE_98	83.67664109134361
WE_FE_83	DE_BE_65	100.82671661513014
WE_FE_83	DefMet_FE_106	69.08598800916367
WE_FE_83	DE_BE_67	105.50126039528385
WE_FE_83	Planar_BE_75	63.553248301762736
WE_FE_83	Dielectric_BE_28	55.96627953684887
WE_FE_83	Litho_FE_111	87.21938144868105
WE_FE_83	WE_FE_47	22.307489969657446
WE_FE_83	Litho_BE_99	75.86931173196596
WE_FE_83	WE_FE_85	29.42538345257805
WE_FE_83	DE_FE_62	87.26278420333182
WE_FE_83	Litho_BE_110	91.81063246954781
WE_FE_83	Dielectric_FE_112	57.70174103813924
WE_FE_83	Planar_FE_78	56.36180520396247
WE_FE_83	Planar_FE_77	61.7278517752817
WE_FE_83	TF_FE_113	59.02004317696028
WE_FE_83	DE_FE_58	97.83482131778007
WE_FE_83	Dielectric_FE_31	48.60869045435303
WE_FE_83	DE_BE_50	110.38591557801959
WE_FE_83	Litho_REG_FE_64	73.47390971071377
WE_FE_83	DefMet_FE_10	68.25265467583034
WE_FE_83	Litho_REG_BE_63	81.90420998226269
WE_FE_83	WE_BE_16	42.28913212595191
WE_FE_83	Litho_BE_93	89.72640487780289
WE_FE_83	LithoTrack_FE_96	67.51056501460093
WE_FE_83	DE_FE_53	101.21774126192955
WE_FE_83	DefMet_BE_33	60.30010859541198
WE_FE_83	DE_FE_54	94.47533822161977
WE_FE_83	DE_BE_11	90.68303138423695
WE_FE_83	DE_FE_51	92.77418891216595
WE_FE_83	DE_FE_71	81.18040215180048
WE_FE_83	WE_BE_14	57.32193889319326
WE_FE_83	Planar_FE_76	68.89945390260092
WE_FE_83	TF_BE_26	54.820061956702254
WE_FE_83	COMMIT	106.21254220030524
WE_FE_83	EPI_36	42.44914326845034
WE_FE_83	EPI_38	41.199143268450335
WE_FE_83	Diffusion_FE_122	56.080440397192845
WE_FE_83	Implant_119	43.69914326845034
WE_FE_83	DE_BE_69	103.49512571479596
WE_FE_83	TF_FE_5	48.20961796689584
WE_FE_83	LithoMet_FE_19	71.47323196141816
WE_FE_83	Dielectric_BE_60	47.90523720174493
WE_FE_83	Implant_91	55.17128680638459
WE_FE_83	Implant_90	54.70377858535116
LithoMet_FE_19	Diffusion_FE_101	110.67992392311919
LithoMet_FE_19	TF_FE_104	53.68970574816252
LithoMet_FE_19	Implant_88	78.35859537928275
LithoMet_FE_19	DefMet_BE_42	100.30115568599078
LithoMet_FE_19	DE_FE_86	83.39181021821487
LithoMet_FE_19	TF_FE_103	64.6002970463401
LithoMet_FE_19	TF_BE_40	52.48650287707793
LithoMet_FE_19	LithoMet_BE_18	25.256805815532736
LithoMet_FE_19	Dielectric_BE_27	103.48472872644658
LithoMet_FE_19	Dielectric_FE_130	111.13536154560319
LithoMet_FE_19	STOCKER	60.78805375200366
LithoMet_FE_19	DE_BE_12	74.26505892268172
LithoMet_FE_19	Dielectric_FE_30	94.83064723935168
LithoMet_FE_19	Diffusion_FE_127	100.05400687658907
LithoMet_FE_19	DE_FE_56	78.06721619057697
LithoMet_FE_19	TF_Met_FE_61	51.701446843464375
LithoMet_FE_19	DefMet_FE_118	106.31893118312726
LithoMet_FE_19	TF_BE_23	51.084562528401996
LithoMet_FE_19	Diffusion_FE_126	97.08525688158907
LithoMet_FE_19	DE_FE_1	59.93133501621144
LithoMet_FE_19	Litho_FE_92	47.708638455883865
LithoMet_FE_19	DefMet_FE_34	106.31893118312726
LithoMet_FE_19	DE_BE_13	63.11985853503276
LithoMet_FE_19	Diffusion_FE_120	108.75968904959842
LithoMet_FE_19	Planar_FE_80	34.299259537254606
LithoMet_FE_19	WE_FE_108	68.52348863271011
LithoMet_FE_19	Implant_128	77.26664594644451
LithoMet_FE_19	Implant_132	68.71474518883035
LithoMet_FE_19	WE_FE_41	62.06062773036056
LithoMet_FE_19	WE_BE_17	74.62038991869609
LithoMet_FE_19	WE_BE_7	61.82242887610278
LithoMet_FE_19	WE_BE_82	60.00515955371892
LithoMet_FE_19	TF_BE_24	42.36985673518749
LithoMet_FE_19	DE_FE_70	72.29450688551185
LithoMet_FE_19	Diffusion_FE_100	97.60204156705508
LithoMet_FE_19	COMPLETE	106.97520359748681
LithoMet_FE_19	LithoTrack_BE_117	13.084560700580075
LithoMet_FE_19	WE_BE_81	56.267621321337344
LithoMet_FE_19	LithoTrack_FE_115	32.37322185600347
LithoMet_FE_19	DefMet_FE_43	93.74560015517474
LithoMet_FE_19	Diffusion_FE_44	113.82925476389956
LithoMet_FE_19	LithoTrack_FE_95	39.746441505086196
LithoMet_FE_19	Litho_FE_35	34.732583718891156
LithoMet_FE_19	DE_BE_48	69.51232406415372
LithoMet_FE_19	Diffusion_BE_123	94.27333787359386
LithoMet_FE_19	Implant_74	72.42307852168746
LithoMet_FE_19	Planar_FE_79	51.768580828338784
LithoMet_FE_19	DE_FE_59	62.0445586612517
LithoMet_FE_19	Diffusion_FE_94	108.61776762450437
LithoMet_FE_19	WE_FE_84	70.43028890455227
LithoMet_FE_19	TF_FE_131	64.39720287770639
LithoMet_FE_19	Dielectric_BE_20	85.79514641069972
LithoMet_FE_19	DE_BE_66	63.607178192138264
LithoMet_FE_19	TF_BE_2	39.344974855187495
LithoMet_FE_19	WE_BE_9	75.27357426670585
LithoMet_FE_19	TF_FE_3	68.90016482329834
LithoMet_FE_19	DE_FE_72	69.52171354662703
LithoMet_FE_19	Dielectric_BE_21	88.56269455465373
LithoMet_FE_19	Diffusion_FE_125	94.61859020669797
LithoMet_FE_19	TF_Met_FE_45	49.423669065464345
LithoMet_FE_19	WE_FE_8	67.41498140768749
LithoMet_FE_19	Dielectric_FE_29	105.73480722583116
LithoMet_FE_19	Litho_FE_98	45.14181611628927
LithoMet_FE_19	DE_BE_65	63.54820382018161
LithoMet_FE_19	DefMet_FE_106	103.23559785306534
LithoMet_FE_19	DE_BE_67	68.92248701127274
LithoMet_FE_19	Planar_BE_75	46.78463731218075
LithoMet_FE_19	Dielectric_BE_28	91.28493206176348
LithoMet_FE_19	Litho_FE_111	49.94086866576057
LithoMet_FE_19	WE_FE_47	64.3316480756875
LithoMet_FE_19	Litho_BE_99	38.59079894904547
LithoMet_FE_19	WE_FE_85	69.39819655347772
LithoMet_FE_19	DE_FE_62	69.71913784753697
LithoMet_FE_19	Litho_BE_110	55.129186794784665
LithoMet_FE_19	Dielectric_FE_112	99.07009216743633
LithoMet_FE_19	Planar_FE_78	53.387765244696084
LithoMet_FE_19	Planar_FE_77	45.34631950069766
LithoMet_FE_19	TF_FE_113	51.98212051568749
LithoMet_FE_19	DE_FE_58	74.67240224181278
LithoMet_FE_19	Dielectric_FE_31	89.97704156795854
LithoMet_FE_19	DE_BE_50	73.10740280954506
LithoMet_FE_19	Litho_REG_FE_64	35.19034717408619
LithoMet_FE_19	DefMet_FE_10	102.2574504640405
LithoMet_FE_19	Litho_REG_BE_63	32.92464691171532
LithoMet_FE_19	WE_BE_16	65.60632693954291
LithoMet_FE_19	Litho_BE_93	52.44789209488242
LithoMet_FE_19	LithoTrack_FE_96	38.10771105946435
LithoMet_FE_19	DE_FE_53	60.12290336768719
LithoMet_FE_19	DefMet_BE_33	89.56906256167352
LithoMet_FE_19	DE_FE_54	74.54443969743069
LithoMet_FE_19	DE_BE_11	53.40451860131646
LithoMet_FE_19	DE_FE_51	63.072512656301456
LithoMet_FE_19	DE_FE_71	75.70900773848861
LithoMet_FE_19	WE_BE_14	54.75700239946434
LithoMet_FE_19	Planar_FE_76	39.49659994746435
LithoMet_FE_19	TF_BE_26	55.86650793952361
LithoMet_FE_19	COMMIT	106.97520359748681
LithoMet_FE_19	EPI_36	82.23870630298323
LithoMet_FE_19	EPI_38	80.79562097897531
LithoMet_FE_19	Diffusion_FE_122	97.85552913477555
LithoMet_FE_19	Implant_119	83.6817916269912
LithoMet_FE_19	DE_BE_69	68.23317909615581
LithoMet_FE_19	TF_FE_5	60.18643596414575
LithoMet_FE_19	WE_FE_83	80.88093778224027
LithoMet_FE_19	Dielectric_BE_60	89.27358833277718
LithoMet_FE_19	Implant_91	86.25640644245865
LithoMet_FE_19	Implant_90	84.50244557087801
Dielectric_BE_60	Diffusion_FE_101	53.0302492982539
Dielectric_BE_60	TF_FE_104	75.96296626349542
Dielectric_BE_60	Implant_88	50.89445154920084
Dielectric_BE_60	DefMet_BE_42	23.1450365257204
Dielectric_BE_60	DE_FE_86	45.48087611089858
Dielectric_BE_60	TF_FE_103	68.5228777263841
Dielectric_BE_60	TF_BE_40	78.29765049138601
Dielectric_BE_60	LithoMet_BE_18	108.95057207070185
Dielectric_BE_60	Dielectric_BE_27	25.320126085825674
Dielectric_BE_60	Dielectric_FE_130	25.891616937495545
Dielectric_BE_60	STOCKER	65.80488584921727
Dielectric_BE_60	DE_BE_12	72.1108575183363
Dielectric_BE_60	Dielectric_FE_30	27.69478898834291
Dielectric_BE_60	Diffusion_FE_127	44.020164426685746
Dielectric_BE_60	DE_FE_56	54.92452910194354
Dielectric_BE_60	TF_Met_FE_61	81.89659364085605
Dielectric_BE_60	DefMet_FE_118	28.7283698657204
Dielectric_BE_60	TF_BE_23	79.96557769222706
Dielectric_BE_60	Diffusion_FE_126	41.051414431685735
Dielectric_BE_60	DE_FE_1	70.010081533321
Dielectric_BE_60	Litho_FE_92	107.12119388604837
Dielectric_BE_60	DefMet_FE_34	28.7283698657204
Dielectric_BE_60	DE_BE_13	82.27463209826507
Dielectric_BE_60	Diffusion_FE_120	51.15345862404113
Dielectric_BE_60	Planar_FE_80	94.52600426930375
Dielectric_BE_60	WE_FE_108	63.10465167280975
Dielectric_BE_60	Implant_128	59.51014304552625
Dielectric_BE_60	Implant_132	68.30366283159272
Dielectric_BE_60	WE_FE_41	70.67379537222011
Dielectric_BE_60	WE_BE_17	62.61894736518987
Dielectric_BE_60	WE_BE_7	65.1189473558971
Dielectric_BE_60	WE_BE_82	72.01839271920635
Dielectric_BE_60	TF_BE_24	90.71429487639523
Dielectric_BE_60	DE_FE_70	56.19501781182692
Dielectric_BE_60	Diffusion_FE_100	40.21303214616885
Dielectric_BE_60	COMPLETE	106.92930565727345
Dielectric_BE_60	LithoTrack_BE_117	98.57587514701903
Dielectric_BE_60	WE_BE_81	73.31856884371976
Dielectric_BE_60	LithoTrack_FE_115	98.57972464096255
Dielectric_BE_60	DefMet_FE_43	31.922814310387064
Dielectric_BE_60	Diffusion_FE_44	57.79541231451251
Dielectric_BE_60	LithoTrack_FE_95	91.93159160082985
Dielectric_BE_60	Litho_FE_35	93.33419666903907
Dielectric_BE_60	DE_BE_48	76.70810083046759
Dielectric_BE_60	Diffusion_BE_123	36.884328448391045
Dielectric_BE_60	Implant_74	57.71883145632851
Dielectric_BE_60	Planar_FE_79	82.18490536722345
Dielectric_BE_60	DE_FE_59	67.13552126413025
Dielectric_BE_60	Diffusion_FE_94	56.271211933580304
Dielectric_BE_60	WE_FE_84	68.10158763081918
Dielectric_BE_60	TF_FE_131	65.6268082643268
Dielectric_BE_60	Dielectric_BE_20	40.010231306998875
Dielectric_BE_60	DE_BE_66	69.63419507610661
Dielectric_BE_60	TF_BE_2	93.7391766881855
Dielectric_BE_60	WE_BE_9	56.62739869216524
Dielectric_BE_60	TF_FE_3	66.26882924693224
Dielectric_BE_60	DE_FE_72	58.7964617112388
Dielectric_BE_60	Dielectric_BE_21	40.23535359545456
Dielectric_BE_60	Diffusion_FE_125	38.58474775968574
Dielectric_BE_60	TF_Met_FE_45	79.40159485274216
Dielectric_BE_60	WE_FE_8	69.05291733564299
Dielectric_BE_60	Dielectric_FE_29	23.993997896352685
Dielectric_BE_60	Litho_FE_98	104.9997412655406
Dielectric_BE_60	DE_BE_65	76.41712762547934
Dielectric_BE_60	DefMet_FE_106	25.645036525720393
Dielectric_BE_60	DE_BE_67	65.24566600420444
Dielectric_BE_60	Planar_BE_75	84.87634846935693
Dielectric_BE_60	Dielectric_BE_28	30.017631253928446
Dielectric_BE_60	Litho_FE_111	108.54248161664769
Dielectric_BE_60	WE_FE_47	70.13275180559938
Dielectric_BE_60	Litho_BE_99	97.19241189919339
Dielectric_BE_60	WE_FE_85	64.98636870489027
Dielectric_BE_60	DE_FE_62	58.12271498744735
Dielectric_BE_60	Litho_BE_110	113.73079974930019
Dielectric_BE_60	Dielectric_FE_112	14.181800097634751
Dielectric_BE_60	Planar_FE_78	77.68490536189708
Dielectric_BE_60	Planar_FE_77	83.05095194947866
Dielectric_BE_60	TF_FE_113	80.34314334418764
Dielectric_BE_60	DE_FE_58	56.78564021527688
Dielectric_BE_60	Dielectric_FE_31	33.1300989370917
Dielectric_BE_60	DE_BE_50	72.94167694550016
Dielectric_BE_60	Litho_REG_FE_64	94.79700988491076
Dielectric_BE_60	DefMet_FE_10	24.811703192387064
Dielectric_BE_60	Litho_REG_BE_63	103.22731014716689
Dielectric_BE_60	WE_BE_16	63.61223229317927
Dielectric_BE_60	Litho_BE_93	111.04950503573757
Dielectric_BE_60	LithoTrack_FE_96	88.83366517950508
Dielectric_BE_60	DE_FE_53	69.13476962225728
Dielectric_BE_60	DefMet_BE_33	38.877129659975786
Dielectric_BE_60	DE_FE_54	51.61897354194354
Dielectric_BE_60	DE_BE_11	89.36841363639331
Dielectric_BE_60	DE_FE_51	66.13958951967831
Dielectric_BE_60	DE_FE_71	53.714622822977965
Dielectric_BE_60	WE_BE_14	78.64503905484493
Dielectric_BE_60	Planar_FE_76	90.2225540737003
Dielectric_BE_60	TF_BE_26	76.14316212950527
Dielectric_BE_60	COMMIT	106.92930565727345
Dielectric_BE_60	EPI_36	51.545942221017974
Dielectric_BE_60	EPI_38	50.29594222101797
Dielectric_BE_60	Diffusion_FE_122	41.14410319486344
Dielectric_BE_60	Implant_119	52.795942221017974
Dielectric_BE_60	DE_BE_69	63.66873737466908
Dielectric_BE_60	TF_FE_5	69.53271813644639
Dielectric_BE_60	WE_FE_83	55.50137974867126
Dielectric_BE_60	LithoMet_FE_19	92.79633213096878
Dielectric_BE_60	Implant_91	48.08792878607319
Dielectric_BE_60	Implant_90	44.27840497607317
Implant_91	Diffusion_FE_101	72.25308259646515
Implant_91	TF_FE_104	66.51008002802602
Implant_91	Implant_88	31.538615910811565
Implant_91	DefMet_BE_42	78.45613664493901
Implant_91	DE_FE_86	86.58987396981371
Implant_91	TF_FE_103	59.06999148762353
Implant_91	TF_BE_40	68.84476425652508
Implant_91	LithoMet_BE_18	99.4976858378322
Implant_91	Dielectric_BE_27	80.38672424750833
Implant_91	Dielectric_FE_130	76.75637295714876
Implant_91	STOCKER	71.16444447355204
Implant_91	DE_BE_12	123.41378564655523
Implant_91	Dielectric_FE_30	65.33251003397385
Implant_91	Diffusion_FE_127	58.45627681707573
Implant_91	DE_FE_56	109.06665158357572
Implant_91	TF_Met_FE_61	72.44370741429226
Implant_91	DefMet_FE_118	84.039469984939
Implant_91	TF_BE_23	70.51269145350065
Implant_91	Diffusion_FE_126	55.48752682207573
Implant_91	DE_FE_1	106.48733381029184
Implant_91	Litho_FE_92	96.59123174270977
Implant_91	DefMet_FE_34	84.039469984939
Implant_91	DE_BE_13	112.26858523051253
Implant_91	Diffusion_FE_120	73.21175542241649
Implant_91	Planar_FE_80	85.07311803112394
Implant_91	WE_FE_108	53.65176545834489
Implant_91	Implant_128	38.09257993310813
Implant_91	Implant_132	24.551821039806356
Implant_91	WE_FE_41	61.10637918422251
Implant_91	WE_BE_17	53.166061129333286
Implant_91	WE_BE_7	55.66606112933328
Implant_91	WE_BE_82	62.56550649618483
Implant_91	TF_BE_24	81.2614086335691
Implant_91	DE_FE_70	103.4300148423207
Implant_91	Diffusion_FE_100	82.90293979262843
Implant_91	COMPLETE	106.79818086644558
Implant_91	LithoTrack_BE_117	89.12298890698067
Implant_91	WE_BE_81	63.865682614993766
Implant_91	LithoTrack_FE_115	89.12683840045955
Implant_91	DefMet_FE_43	76.34686012145588
Implant_91	Diffusion_FE_44	72.23152470490248
Implant_91	LithoTrack_FE_95	82.47870536052456
Implant_91	Litho_FE_35	83.88131043318245
Implant_91	DE_BE_48	118.66105072169776
Implant_91	Diffusion_BE_123	68.0638752133288
Implant_91	Implant_74	25.130902671683906
Implant_91	Planar_FE_79	72.73201913601322
Implant_91	DE_FE_59	97.88383117940617
Implant_91	Diffusion_FE_94	68.53462203018145
Implant_91	WE_FE_84	51.37442110732895
Implant_91	TF_FE_131	56.17392202548326
Implant_91	Dielectric_BE_20	68.39640641586547
Implant_91	DE_BE_66	111.84689415484885
Implant_91	TF_BE_2	84.28629044535933
Implant_91	WE_BE_9	47.17451247770039
Implant_91	TF_FE_3	56.81594300933326
Implant_91	DE_FE_72	88.42155605637798
Implant_91	Dielectric_BE_21	76.71366622968286
Implant_91	Diffusion_FE_125	53.020860150075734
Implant_91	TF_Met_FE_45	69.94870862153196
Implant_91	WE_FE_8	54.240175261748554
Implant_91	Dielectric_FE_29	73.79624432396955
Implant_91	Litho_FE_98	95.54685502271442
Implant_91	DE_BE_65	112.6969305473923
Implant_91	DefMet_FE_106	80.956136644939
Implant_91	DE_BE_67	117.37147432822725
Implant_91	Planar_BE_75	75.4234622331335
Implant_91	Dielectric_BE_28	67.83649346628833
Implant_91	Litho_FE_111	99.50368031730429
Implant_91	WE_FE_47	57.46395207547678
Implant_91	Litho_BE_99	87.73952566333676
Implant_91	WE_FE_85	49.00464898223661
Implant_91	DE_FE_62	99.13299813137331
Implant_91	Litho_BE_110	95.85510799028752
Implant_91	Dielectric_FE_112	67.87608936162563
Implant_91	Planar_FE_78	68.23201913533325
Implant_91	Planar_FE_77	73.59806570665248
Implant_91	TF_FE_113	70.89025710833104
Implant_91	DE_FE_58	109.70503524142553
Implant_91	Dielectric_FE_31	60.47890438054788
Implant_91	DE_BE_50	122.25612951161139
Implant_91	Litho_REG_FE_64	85.34412364208455
Implant_91	DefMet_FE_10	80.12280331160565
Implant_91	Litho_REG_BE_63	93.77442391363347
Implant_91	WE_BE_16	54.159346057322686
Implant_91	Litho_BE_93	101.82532866791844
Implant_91	LithoTrack_FE_96	79.3807789459717
Implant_91	DE_FE_53	113.08795519690548
Implant_91	DefMet_BE_33	72.17032252253384
Implant_91	DE_FE_54	106.34555214719656
Implant_91	DE_BE_11	102.55324531560778
Implant_91	DE_FE_51	104.64440284353672
Implant_91	DE_FE_71	93.05061607893911
Implant_91	WE_BE_14	69.19215282456402
Implant_91	Planar_FE_76	80.7696678339717
Implant_91	TF_BE_26	66.69027588807302
Implant_91	COMMIT	106.79818086644558
Implant_91	EPI_36	36.14871132274392
Implant_91	EPI_38	35.483200147123526
Implant_91	Diffusion_FE_122	62.307595503076286
Implant_91	Implant_119	36.814222498364316
Implant_91	DE_BE_69	115.36533964693928
Implant_91	TF_FE_5	60.07983189826661
Implant_91	WE_FE_83	40.688637674776814
Implant_91	LithoMet_FE_19	83.34344589278898
Implant_91	Dielectric_BE_60	59.77545113201212
Implant_91	Implant_90	34.374064442152005
Implant_90	Diffusion_FE_101	64.56855878532231
Implant_90	TF_FE_104	58.82555621688319
Implant_90	Implant_88	16.547415349628903
Implant_90	DefMet_BE_42	70.77161283379613
Implant_90	DE_FE_86	78.90535015159365
Implant_90	TF_FE_103	51.38546767648068
Implant_90	TF_BE_40	61.160240445382236
Implant_90	LithoMet_BE_18	91.81316202668935
Implant_90	Dielectric_BE_27	72.70220042817664
Implant_90	Dielectric_FE_130	69.07184914600589
Implant_90	STOCKER	63.114586823458694
Implant_90	DE_BE_12	115.72926183116346
Implant_90	Dielectric_FE_30	57.64798622746616
Implant_90	Diffusion_FE_127	50.77175300593288
Implant_90	DE_FE_56	101.38212778402082
Implant_90	TF_Met_FE_61	64.75918360314942
Implant_90	DefMet_FE_118	76.35494617379612
Implant_90	TF_BE_23	62.82816764235781
Implant_90	Diffusion_FE_126	47.803003010932876
Implant_90	DE_FE_1	98.80280999981117
Implant_90	Litho_FE_92	89.98378383631085
Implant_90	DefMet_FE_34	76.35494617379612
Implant_90	DE_BE_13	104.58406141879027
Implant_90	Diffusion_FE_120	65.52723161127363
Implant_90	Planar_FE_80	77.38859421998112
Implant_90	WE_FE_108	45.96724164720204
Implant_90	Implant_128	32.39939811349777
Implant_90	Implant_132	24.690426481112485
Implant_90	WE_FE_41	53.42185537307967
Implant_90	WE_BE_17	45.48153731819044
Implant_90	WE_BE_7	47.98153731819043
Implant_90	WE_BE_82	54.88098268504198
Implant_90	TF_BE_24	73.57688482242625
Implant_90	DE_FE_70	95.74549102621158
Implant_90	Diffusion_FE_100	75.21841598148558
Implant_90	COMPLETE	104.58984753201699
Implant_90	LithoTrack_BE_117	81.43846509583781
Implant_90	WE_BE_81	56.181158803850934
Implant_90	LithoTrack_FE_115	81.44231458931672
Implant_90	DefMet_FE_43	68.66233630104267
Implant_90	Diffusion_FE_44	64.5470008937596
Implant_90	LithoTrack_FE_95	74.79418154938173
Implant_90	Litho_FE_35	76.19678662203958
Implant_90	DE_BE_48	110.9765269135347
Implant_90	Diffusion_BE_123	60.3793514011559
Implant_90	Implant_74	17.44637886054105
Implant_90	Planar_FE_79	65.04749532487041
Implant_90	DE_FE_59	90.19930736826333
Implant_90	Diffusion_FE_94	60.850098219038614
Implant_90	WE_FE_84	43.68989729618607
Implant_90	TF_FE_131	48.489398214340405
Implant_90	Dielectric_BE_20	60.71188259545227
Implant_90	DE_BE_66	104.1623703434853
Implant_90	TF_BE_2	76.60176663421649
Implant_90	WE_BE_9	39.48998866655755
Implant_90	TF_FE_3	49.131419198190436
Implant_90	DE_FE_72	80.73703224738723
Implant_90	Dielectric_BE_21	69.02914240926965
Implant_90	Diffusion_FE_125	45.336336338932874
Implant_90	TF_Met_FE_45	62.26418481038913
Implant_90	WE_FE_8	46.555651450605694
Implant_90	Dielectric_FE_29	66.1117205128267
Implant_90	Litho_FE_98	87.86233121157154
Implant_90	DE_BE_65	105.01240673161428
Implant_90	DefMet_FE_106	73.27161283379613
Implant_90	DE_BE_67	109.68695051840874
Implant_90	Planar_BE_75	67.73893842199068
Implant_90	Dielectric_BE_28	60.151969643557536
Implant_90	Litho_FE_111	91.405071568909
Implant_90	WE_FE_47	49.77942826433392
Implant_90	Litho_BE_99	80.05500185219391
Implant_90	WE_FE_85	41.32012517109375
Implant_90	DE_FE_62	91.44847432034085
Implant_90	Litho_BE_110	94.30945325148629
Implant_90	Dielectric_FE_112	60.19156555048277
Implant_90	Planar_FE_78	60.54749532419041
Implant_90	Planar_FE_77	65.91354189550962
Implant_90	TF_FE_113	63.20573329718821
Implant_90	DE_FE_58	102.020511438008
Implant_90	Dielectric_FE_31	52.79438056755096
Implant_90	DE_BE_50	114.57160569689559
Implant_90	Litho_REG_FE_64	77.65959983094172
Implant_90	DefMet_FE_10	72.4382795004628
Implant_90	Litho_REG_BE_63	86.08990010249059
Implant_90	WE_BE_16	46.47482224617984
Implant_90	Litho_BE_93	93.91209499803085
Implant_90	LithoTrack_FE_96	71.69625513482886
Implant_90	DE_FE_53	105.40343138576263
Implant_90	DefMet_BE_33	64.48579870212063
Implant_90	DE_FE_54	98.66102834184768
Implant_90	DE_BE_11	94.86872150446492
Implant_90	DE_FE_51	96.95987903239386
Implant_90	DE_FE_71	85.3660922656802
Implant_90	WE_BE_14	61.50762901342118
Implant_90	Planar_FE_76	73.08514402282886
Implant_90	TF_BE_26	59.00575207693019
Implant_90	COMMIT	104.58984753201699
Implant_90	EPI_36	28.464187511601068
Implant_90	EPI_38	27.798676335980673
Implant_90	Diffusion_FE_122	54.623071691933426
Implant_90	Implant_119	29.129698687221463
Implant_90	DE_BE_69	107.6808158350239
Implant_90	TF_FE_5	52.39530808712377
Implant_90	WE_FE_83	33.004113863633954
Implant_90	LithoMet_FE_19	75.65892208164612
Implant_90	Dielectric_BE_60	52.090927314247566
Implant_90	Implant_91	7.815476190285712
